Entity,Code,Week,cum_excess_per_million_proj_all_ages
Albania,ALB,2020-W05,-86.22703
Albania,ALB,2020-W09,-66.553856
Albania,ALB,2020-W14,-57.554417
Albania,ALB,2020-W18,-33.137375
Albania,ALB,2020-W22,8.022785
Albania,ALB,2020-W27,65.57725
Albania,ALB,2020-W31,210.26569
Albania,ALB,2020-W36,482.82965
Albania,ALB,2020-W40,644.61005
Albania,ALB,2020-W44,906.9188
Albania,ALB,2020-W49,1640.6161
Albania,ALB,2020-W53,2027.4518
Albania,ALB,2021-W04,2236.5845
Albania,ALB,2021-W08,2872.726
Albania,ALB,2021-W13,3392.709
Albania,ALB,2021-W17,3634.2747
Albania,ALB,2021-W22,3702.0923
Albania,ALB,2021-W26,3776.5657
Albania,ALB,2021-W30,3802.2776
Albania,ALB,2021-W35,3938.894
Albania,ALB,2021-W39,4286.5303
Albania,ALB,2021-W43,4606.2124
Albania,ALB,2021-W48,4872.439
Albania,ALB,2021-W52,5133.621
Albania,ALB,2022-W05,5464.5186
Albania,ALB,2022-W09,5753.5435
Albania,ALB,2022-W13,5783.4136
Albania,ALB,2022-W17,5778.523
Albania,ALB,2022-W22,5780.669
Albania,ALB,2022-W26,5804.6284
Albania,ALB,2022-W30,5892.1978
Albania,ALB,2022-W35,5970.1274
Albania,ALB,2022-W39,5977.832
Albania,ALB,2022-W44,5988.4224
Albania,ALB,2022-W48,5968.896
Albania,ALB,2022-W52,5970.3384
Albania,ALB,2023-W05,5903.773
Albania,ALB,2023-W09,5886.509
Albania,ALB,2023-W13,5820.6646
Albania,ALB,2023-W17,5802.1997
Albania,ALB,2023-W22,5810.92
Albania,ALB,2023-W26,5805.8716
Albania,ALB,2023-W31,5898.5474
Albania,ALB,2023-W35,5911.999
Albania,ALB,2023-W39,5952.4233
Albania,ALB,2023-W44,5960.4375
Albania,ALB,2023-W48,5938.5835
Albania,ALB,2023-W52,5870.339
Algeria,DZA,2020-W05,2.280686
Algeria,DZA,2020-W09,2.3174994
Algeria,DZA,2020-W14,5.0009317
Algeria,DZA,2020-W18,13.345827
Algeria,DZA,2020-W22,7.514051
Algeria,DZA,2020-W27,104.57821
Algeria,DZA,2020-W31,534.33386
Algeria,DZA,2020-W36,735.249
Algeria,DZA,2020-W40,806.3418
Algeria,DZA,2020-W44,898.00916
Algeria,DZA,2020-W49,1160.4294
Algeria,DZA,2020-W53,1273.3618
Algeria,DZA,2021-W04,1258.5504
Algeria,DZA,2021-W08,1226.7246
Algeria,DZA,2021-W13,1229.5994
Algeria,DZA,2021-W17,1242.1621
Algeria,DZA,2021-W22,1272.8562
Algeria,DZA,2021-W26,1341.6235
Algeria,DZA,2021-W30,1749.8135
Algeria,DZA,2021-W35,2441.5044
Algeria,DZA,2021-W39,2578.1902
Algeria,DZA,2021-W43,2623.0654
Algeria,DZA,2021-W48,2678.772
Algeria,DZA,2021-W52,2801.8086
Algeria,DZA,2022-W05,2931.9316
Algeria,DZA,2022-W09,3041.133
Algeria,DZA,2022-W13,3022.081
Algeria,DZA,2022-W17,2990.8918
Algeria,DZA,2022-W22,2982.3066
Algeria,DZA,2022-W26,2963.6555
Algeria,DZA,2022-W30,2961.0833
Algeria,DZA,2022-W35,2969.6572
Algeria,DZA,2022-W39,2957.52
Algeria,DZA,2022-W44,2939.303
Algeria,DZA,2022-W48,2945.1267
Algeria,DZA,2022-W52,2952.565
Algeria,DZA,2023-W05,2888.9775
Algeria,DZA,2023-W09,2852.0288
Algeria,DZA,2023-W13,2823.9604
Algeria,DZA,2023-W17,2801.9658
Algeria,DZA,2023-W22,2777.0986
Algeria,DZA,2023-W26,2744.5354
Algeria,DZA,2023-W31,2818.3823
Algeria,DZA,2023-W35,2806.8796
Algeria,DZA,2023-W39,2790.509
Algeria,DZA,2023-W44,2769.0078
Algeria,DZA,2023-W48,2750.1926
Algeria,DZA,2023-W52,2765.3525
Andorra,AND,2020-W05,-7.719703
Andorra,AND,2020-W09,108.07613
Andorra,AND,2020-W14,205.85927
Andorra,AND,2020-W18,663.8962
Andorra,AND,2020-W22,849.1695
Andorra,AND,2020-W27,851.74274
Andorra,AND,2020-W31,872.3287
Andorra,AND,2020-W36,792.55817
Andorra,AND,2020-W40,815.71735
Andorra,AND,2020-W44,1119.3597
Andorra,AND,2020-W49,1026.7231
Andorra,AND,2020-W53,1152.8119
Andorra,AND,2021-W04,1347.1293
Andorra,AND,2021-W08,1441.9976
Andorra,AND,2021-W13,1354.7188
Andorra,AND,2021-W17,1583.6675
Andorra,AND,2021-W22,1708.8936
Andorra,AND,2021-W26,1616.5552
Andorra,AND,2021-W30,1630.4691
Andorra,AND,2021-W35,1659.5621
Andorra,AND,2021-W39,1663.3568
Andorra,AND,2021-W43,1651.9727
Andorra,AND,2021-W48,1643.1183
Andorra,AND,2021-W52,1773.4039
Antigua and Barbuda,ATG,2020-W05,33.451294
Antigua and Barbuda,ATG,2020-W09,-58.270042
Antigua and Barbuda,ATG,2020-W14,-57.190987
Antigua and Barbuda,ATG,2020-W18,-60.4282
Antigua and Barbuda,ATG,2020-W22,-50.716515
Antigua and Barbuda,ATG,2020-W27,-148.91228
Antigua and Barbuda,ATG,2020-W31,-160.78209
Antigua and Barbuda,ATG,2020-W36,-323.72232
Antigua and Barbuda,ATG,2020-W40,-404.65292
Antigua and Barbuda,ATG,2020-W44,-474.7928
Antigua and Barbuda,ATG,2020-W49,-514.71857
Antigua and Barbuda,ATG,2020-W53,-623.7051
Antigua and Barbuda,ATG,2021-W04,-540.60425
Antigua and Barbuda,ATG,2021-W08,-424.76047
Antigua and Barbuda,ATG,2021-W13,-495.5539
Antigua and Barbuda,ATG,2021-W17,-506.28015
Antigua and Barbuda,ATG,2021-W22,-579.2188
Antigua and Barbuda,ATG,2021-W26,-727.24146
Antigua and Barbuda,ATG,2021-W30,-660.7385
Antigua and Barbuda,ATG,2021-W35,-808.7611
Antigua and Barbuda,ATG,2021-W39,-274.59256
Antigua and Barbuda,ATG,2021-W43,-619.9787
Antigua and Barbuda,ATG,2021-W48,-517.0064
Antigua and Barbuda,ATG,2021-W52,-654.30273
Argentina,ARG,2020-W05,-15.021306
Argentina,ARG,2020-W09,-3.3173525
Argentina,ARG,2020-W14,-2.6978397
Argentina,ARG,2020-W18,-26.13463
Argentina,ARG,2020-W22,-81.634636
Argentina,ARG,2020-W27,-189.7014
Argentina,ARG,2020-W31,-171.22957
Argentina,ARG,2020-W36,-53.62373
Argentina,ARG,2020-W40,195.67665
Argentina,ARG,2020-W44,478.67007
Argentina,ARG,2020-W49,684.8183
Argentina,ARG,2020-W53,801.76245
Argentina,ARG,2021-W04,978.80176
Argentina,ARG,2021-W08,1102.9581
Argentina,ARG,2021-W13,1236.0991
Argentina,ARG,2021-W17,1547.2697
Argentina,ARG,2021-W22,2037.8699
Argentina,ARG,2021-W26,2435.853
Argentina,ARG,2021-W30,2646.5173
Argentina,ARG,2021-W35,2762.2676
Argentina,ARG,2021-W39,2765.532
Argentina,ARG,2021-W43,2784.3538
Argentina,ARG,2021-W48,2820.7832
Argentina,ARG,2021-W52,2887.6165
Argentina,ARG,2022-W05,3354.0105
Argentina,ARG,2022-W09,3576.5466
Argentina,ARG,2022-W13,3681.3252
Argentina,ARG,2022-W17,3769.9006
Argentina,ARG,2022-W22,3826.2197
Argentina,ARG,2022-W26,3875.081
Argentina,ARG,2022-W30,3907.2607
Argentina,ARG,2022-W35,3925.061
Argentina,ARG,2022-W39,3936.2695
Argentina,ARG,2022-W44,3972.7117
Argentina,ARG,2022-W48,4023.309
Argentina,ARG,2022-W52,4112.5483
Argentina,ARG,2023-W05,4160.6187
Argentina,ARG,2023-W09,4180.89
Argentina,ARG,2023-W13,4227.6787
Argentina,ARG,2023-W17,4278.0635
Argentina,ARG,2023-W22,4290.5005
Argentina,ARG,2023-W26,4281.825
Argentina,ARG,2023-W31,4261.196
Argentina,ARG,2023-W35,4246.7183
Argentina,ARG,2023-W39,4255.179
Argentina,ARG,2023-W44,4261.3335
Argentina,ARG,2023-W48,4287.984
Argentina,ARG,2023-W52,4347.6143
Armenia,ARM,2020-W05,-6.7364683
Armenia,ARM,2020-W09,62.945347
Armenia,ARM,2020-W14,55.85245
Armenia,ARM,2020-W18,83.40441
Armenia,ARM,2020-W22,79.94707
Armenia,ARM,2020-W27,412.31686
Armenia,ARM,2020-W31,665.0605
Armenia,ARM,2020-W36,723.693
Armenia,ARM,2020-W40,856.3201
Armenia,ARM,2020-W44,1447.4572
Armenia,ARM,2020-W49,2832.147
Armenia,ARM,2020-W53,3572.8416
Armenia,ARM,2021-W04,3761.5225
Armenia,ARM,2021-W08,3842.7488
Armenia,ARM,2021-W13,4048.8777
Armenia,ARM,2021-W17,4525.2354
Armenia,ARM,2021-W22,4728.5693
Armenia,ARM,2021-W26,4872.1396
Armenia,ARM,2021-W30,4974.004
Armenia,ARM,2021-W35,5098.2256
Armenia,ARM,2021-W39,5433.7
Armenia,ARM,2021-W43,5983.939
Armenia,ARM,2021-W48,6861.4473
Armenia,ARM,2021-W52,7123.4707
Armenia,ARM,2022-W05,7216.7603
Armenia,ARM,2022-W09,7610.5786
Armenia,ARM,2022-W13,7778.032
Armenia,ARM,2022-W17,7781.1973
Armenia,ARM,2022-W22,7810.6167
Armenia,ARM,2022-W26,7823.924
Armenia,ARM,2022-W30,7807.236
Armenia,ARM,2022-W35,7864.4204
Armenia,ARM,2022-W39,8033.3125
Armenia,ARM,2022-W44,8070.3564
Armenia,ARM,2022-W48,8061.1494
Armenia,ARM,2022-W52,8041.9443
Armenia,ARM,2023-W05,8067.4624
Armenia,ARM,2023-W09,8052.7754
Armenia,ARM,2023-W13,8072.142
Armenia,ARM,2023-W17,8077.1816
Armenia,ARM,2023-W22,8082.221
Armenia,ARM,2023-W26,8074.374
Armenia,ARM,2023-W31,8047.3037
Armenia,ARM,2023-W35,8168.327
Armenia,ARM,2023-W39,8232.331
Armenia,ARM,2023-W44,8309.077
Armenia,ARM,2023-W48,8308.573
Armenia,ARM,2023-W52,8289.0625
Aruba,ABW,2020-W05,106.00673
Aruba,ABW,2020-W09,91.935036
Aruba,ABW,2020-W14,242.97118
Aruba,ABW,2020-W18,249.53796
Aruba,ABW,2020-W22,107.88296
Aruba,ABW,2020-W27,183.87007
Aruba,ABW,2020-W31,113.51162
Aruba,ABW,2020-W36,185.7463
Aruba,ABW,2020-W40,473.74692
Aruba,ABW,2020-W44,621.03064
Aruba,ABW,2020-W49,605.0827
Aruba,ABW,2020-W53,570.3725
Aruba,ABW,2021-W04,674.84485
Aruba,ABW,2021-W08,959.23706
Aruba,ABW,2021-W13,1174.1738
Aruba,ABW,2021-W17,1516.7584
Aruba,ABW,2021-W22,1589.0298
Aruba,ABW,2021-W26,1531.7759
Aruba,ABW,2021-W30,1684.7657
Aruba,ABW,2021-W35,2299.541
Aruba,ABW,2021-W39,2689.0552
Aruba,ABW,2021-W43,3050.4116
Aruba,ABW,2021-W48,3239.0679
Aruba,ABW,2021-W52,3305.7075
Australia,AUS,2020-W01,-1.538758
Australia,AUS,2020-W02,-3.8644235
Australia,AUS,2020-W03,-4.553941
Australia,AUS,2020-W04,-1.168677
Australia,AUS,2020-W05,-0.4713702
Australia,AUS,2020-W06,-0.93494165
Australia,AUS,2020-W07,3.6579552
Australia,AUS,2020-W08,7.012062
Australia,AUS,2020-W09,12.571067
Australia,AUS,2020-W10,13.050227
Australia,AUS,2020-W11,15.103201
Australia,AUS,2020-W12,20.44406
Australia,AUS,2020-W13,26.961382
Australia,AUS,2020-W14,35.72256
Australia,AUS,2020-W15,39.63763
Australia,AUS,2020-W16,41.26209
Australia,AUS,2020-W17,41.764614
Australia,AUS,2020-W18,40.32715
Australia,AUS,2020-W19,39.31819
Australia,AUS,2020-W20,38.052124
Australia,AUS,2020-W21,36.287422
Australia,AUS,2020-W22,32.341187
Australia,AUS,2020-W23,23.174862
Australia,AUS,2020-W24,16.657537
Australia,AUS,2020-W25,6.501736
Australia,AUS,2020-W26,-6.0459633
Australia,AUS,2020-W27,-15.266823
Australia,AUS,2020-W28,-24.534428
Australia,AUS,2020-W29,-37.012005
Australia,AUS,2020-W30,-45.25897
Australia,AUS,2020-W31,-51.012753
Australia,AUS,2020-W32,-55.847183
Australia,AUS,2020-W33,-59.49735
Australia,AUS,2020-W34,-70.51018
Australia,AUS,2020-W35,-82.808556
Australia,AUS,2020-W36,-92.26315
Australia,AUS,2020-W37,-100.603615
Australia,AUS,2020-W38,-112.263115
Australia,AUS,2020-W39,-117.52606
Australia,AUS,2020-W40,-121.15286
Australia,AUS,2020-W41,-128.61292
Australia,AUS,2020-W42,-135.41072
Australia,AUS,2020-W43,-141.21906
Australia,AUS,2020-W44,-143.95766
Australia,AUS,2020-W45,-144.94324
Australia,AUS,2020-W46,-140.0231
Australia,AUS,2020-W47,-139.90234
Australia,AUS,2020-W48,-141.69821
Australia,AUS,2020-W49,-136.14699
Australia,AUS,2020-W50,-137.3741
Australia,AUS,2020-W51,-135.3445
Australia,AUS,2020-W52,-130.26076
Australia,AUS,2020-W53,-126.8195
Australia,AUS,2021-W01,-125.50397
Australia,AUS,2021-W02,-127.0124
Australia,AUS,2021-W03,-119.76348
Australia,AUS,2021-W04,-120.01424
Australia,AUS,2021-W05,-114.20816
Australia,AUS,2021-W06,-113.9111
Australia,AUS,2021-W07,-114.08471
Australia,AUS,2021-W08,-112.16735
Australia,AUS,2021-W09,-108.52939
Australia,AUS,2021-W10,-104.48249
Australia,AUS,2021-W11,-99.22423
Australia,AUS,2021-W12,-97.15256
Australia,AUS,2021-W13,-93.80008
Australia,AUS,2021-W14,-96.24982
Australia,AUS,2021-W15,-88.87744
Australia,AUS,2021-W16,-82.11461
Australia,AUS,2021-W17,-73.878075
Australia,AUS,2021-W18,-63.319107
Australia,AUS,2021-W19,-57.350998
Australia,AUS,2021-W20,-51.6375
Australia,AUS,2021-W21,-42.907158
Australia,AUS,2021-W22,-40.002186
Australia,AUS,2021-W23,-32.69925
Australia,AUS,2021-W24,-26.206467
Australia,AUS,2021-W25,-22.23673
Australia,AUS,2021-W26,-19.941303
Australia,AUS,2021-W27,-17.630447
Australia,AUS,2021-W28,-12.511066
Australia,AUS,2021-W29,-9.760409
Australia,AUS,2021-W30,-6.0993023
Australia,AUS,2021-W31,-8.147831
Australia,AUS,2021-W32,-12.333611
Australia,AUS,2021-W33,-15.886705
Australia,AUS,2021-W34,-23.60629
Australia,AUS,2021-W35,-28.818266
Australia,AUS,2021-W36,-34.454605
Australia,AUS,2021-W37,-33.933796
Australia,AUS,2021-W38,-36.314095
Australia,AUS,2021-W39,-27.653193
Australia,AUS,2021-W40,-23.853199
Australia,AUS,2021-W41,-20.14579
Australia,AUS,2021-W42,-14.277979
Australia,AUS,2021-W43,-6.735859
Australia,AUS,2021-W44,0.06555351
Australia,AUS,2021-W45,4.050727
Australia,AUS,2021-W46,15.659029
Australia,AUS,2021-W47,23.170284
Australia,AUS,2021-W48,32.02408
Australia,AUS,2021-W49,39.666504
Australia,AUS,2021-W50,47.771877
Australia,AUS,2021-W51,61.880077
Australia,AUS,2021-W52,71.47764
Australia,AUS,2022-W01,83.23204
Australia,AUS,2022-W02,110.755775
Australia,AUS,2022-W03,145.27026
Australia,AUS,2022-W04,176.1404
Australia,AUS,2022-W05,206.66672
Australia,AUS,2022-W06,228.9493
Australia,AUS,2022-W07,246.14351
Australia,AUS,2022-W08,260.78592
Australia,AUS,2022-W09,275.29843
Australia,AUS,2022-W10,281.84988
Australia,AUS,2022-W11,296.13318
Australia,AUS,2022-W12,309.13293
Australia,AUS,2022-W13,323.85938
Australia,AUS,2022-W14,339.25815
Australia,AUS,2022-W15,350.13394
Australia,AUS,2022-W16,364.87564
Australia,AUS,2022-W17,380.54184
Australia,AUS,2022-W18,401.83118
Australia,AUS,2022-W19,423.00592
Australia,AUS,2022-W20,439.00064
Australia,AUS,2022-W21,456.76022
Australia,AUS,2022-W22,479.3331
Australia,AUS,2022-W23,503.85425
Australia,AUS,2022-W24,534.0291
Australia,AUS,2022-W25,557.962
Australia,AUS,2022-W26,576.3404
Australia,AUS,2022-W27,599.70026
Australia,AUS,2022-W28,623.8929
Australia,AUS,2022-W29,645.85455
Australia,AUS,2022-W30,667.45715
Australia,AUS,2022-W31,692.65063
Australia,AUS,2022-W32,713.7031
Australia,AUS,2022-W33,725.8319
Australia,AUS,2022-W34,735.13385
Australia,AUS,2022-W35,738.2472
Australia,AUS,2022-W36,745.63904
Australia,AUS,2022-W37,753.16846
Australia,AUS,2022-W38,761.91266
Australia,AUS,2022-W39,765.2017
Australia,AUS,2022-W40,771.7761
Australia,AUS,2022-W41,778.75543
Australia,AUS,2022-W42,790.7008
Australia,AUS,2022-W43,796.5494
Australia,AUS,2022-W44,805.36993
Australia,AUS,2022-W45,820.4555
Australia,AUS,2022-W46,835.5639
Australia,AUS,2022-W47,851.31415
Australia,AUS,2022-W48,866.1017
Australia,AUS,2022-W49,888.3232
Australia,AUS,2022-W50,906.4189
Australia,AUS,2022-W51,927.5937
Australia,AUS,2022-W52,935.7613
Australia,AUS,2023-W01,952.37683
Australia,AUS,2023-W02,961.269
Australia,AUS,2023-W03,972.9978
Australia,AUS,2023-W04,981.1562
Australia,AUS,2023-W05,995.93353
Australia,AUS,2023-W06,1003.3052
Australia,AUS,2023-W07,1014.6406
Australia,AUS,2023-W08,1021.59625
Australia,AUS,2023-W09,1031.7139
Australia,AUS,2023-W10,1043.3292
Australia,AUS,2023-W11,1058.5907
Australia,AUS,2023-W12,1069.1016
Australia,AUS,2023-W13,1078.145
Australia,AUS,2023-W14,1085.7361
Australia,AUS,2023-W15,1099.0989
Australia,AUS,2023-W16,1114.5494
Australia,AUS,2023-W17,1129.062
Australia,AUS,2023-W18,1143.3552
Australia,AUS,2023-W19,1162.4897
Australia,AUS,2023-W20,1182.7363
Australia,AUS,2023-W21,1201.1371
Australia,AUS,2023-W22,1222.7905
Australia,AUS,2023-W23,1233.589
Australia,AUS,2023-W24,1242.9879
Australia,AUS,2023-W25,1259.8606
Australia,AUS,2023-W26,1270.9692
Australia,AUS,2023-W27,1281.9038
Australia,AUS,2023-W28,1289.3132
Australia,AUS,2023-W29,1294.2491
Australia,AUS,2023-W30,1298.7916
Australia,AUS,2023-W31,1301.2161
Australia,AUS,2023-W32,1302.5284
Australia,AUS,2023-W33,1304.083
Australia,AUS,2023-W34,1298.9807
Australia,AUS,2023-W35,1292.6302
Australia,AUS,2023-W36,1286.9607
Australia,AUS,2023-W37,1287.7814
Australia,AUS,2023-W38,1283.6776
Australia,AUS,2023-W39,1287.3729
Australia,AUS,2023-W40,1287.2103
Australia,AUS,2023-W41,1295.5804
Australia,AUS,2023-W42,1298.0503
Australia,AUS,2023-W43,1303.1072
Australia,AUS,2023-W44,1313.187
Australia,AUS,2023-W45,1327.8054
Australia,AUS,2023-W46,1344.5269
Australia,AUS,2023-W47,1355.1135
Australia,AUS,2023-W48,1369.3235
Australia,AUS,2023-W49,1383.7454
Australia,AUS,2023-W50,1393.8553
Australia,AUS,2023-W51,1407.2408
Australia,AUS,2023-W52,1420.1497
Austria,AUT,2020-W01,-24.83222
Austria,AUT,2020-W02,-45.623028
Austria,AUT,2020-W03,-47.262043
Austria,AUT,2020-W04,-46.49866
Austria,AUT,2020-W05,-34.91329
Austria,AUT,2020-W06,-55.232605
Austria,AUT,2020-W07,-68.479454
Austria,AUT,2020-W08,-82.31005
Austria,AUT,2020-W09,-90.59495
Austria,AUT,2020-W10,-94.9507
Austria,AUT,2020-W11,-96.81423
Austria,AUT,2020-W12,-73.14952
Austria,AUT,2020-W13,-62.933735
Austria,AUT,2020-W14,-38.64036
Austria,AUT,2020-W15,-12.977404
Austria,AUT,2020-W16,3.6821938
Austria,AUT,2020-W17,13.853075
Austria,AUT,2020-W18,12.528385
Austria,AUT,2020-W19,18.972193
Austria,AUT,2020-W20,18.725224
Austria,AUT,2020-W21,22.789082
Austria,AUT,2020-W22,20.139715
Austria,AUT,2020-W23,25.909954
Austria,AUT,2020-W24,25.281292
Austria,AUT,2020-W25,22.946249
Austria,AUT,2020-W26,24.51791
Austria,AUT,2020-W27,35.699142
Austria,AUT,2020-W28,33.611084
Austria,AUT,2020-W29,27.998014
Austria,AUT,2020-W30,20.925545
Austria,AUT,2020-W31,20.701021
Austria,AUT,2020-W32,18.635408
Austria,AUT,2020-W33,32.46601
Austria,AUT,2020-W34,34.03767
Austria,AUT,2020-W35,38.752647
Austria,AUT,2020-W36,52.403633
Austria,AUT,2020-W37,65.65048
Austria,AUT,2020-W38,78.874886
Austria,AUT,2020-W39,83.38779
Austria,AUT,2020-W40,88.25993
Austria,AUT,2020-W41,97.442924
Austria,AUT,2020-W42,107.27702
Austria,AUT,2020-W43,134.64636
Austria,AUT,2020-W44,174.36446
Austria,AUT,2020-W45,227.73354
Austria,AUT,2020-W46,307.5963
Austria,AUT,2020-W47,402.3225
Austria,AUT,2020-W48,499.15918
Austria,AUT,2020-W49,602.6418
Austria,AUT,2020-W50,698.2885
Austria,AUT,2020-W51,763.6471
Austria,AUT,2020-W52,805.0267
Austria,AUT,2020-W53,831.263
Austria,AUT,2021-W01,844.53345
Austria,AUT,2021-W02,852.5361
Austria,AUT,2021-W03,873.94366
Austria,AUT,2021-W04,892.70605
Austria,AUT,2021-W05,894.4769
Austria,AUT,2021-W06,881.0944
Austria,AUT,2021-W07,867.2636
Austria,AUT,2021-W08,846.3492
Austria,AUT,2021-W09,816.9614
Austria,AUT,2021-W10,813.3524
Austria,AUT,2021-W11,808.1967
Austria,AUT,2021-W12,811.0436
Austria,AUT,2021-W13,821.9827
Austria,AUT,2021-W14,827.69885
Austria,AUT,2021-W15,841.3952
Austria,AUT,2021-W16,857.0866
Austria,AUT,2021-W17,878.9649
Austria,AUT,2021-W18,897.6601
Austria,AUT,2021-W19,912.90314
Austria,AUT,2021-W20,916.4225
Austria,AUT,2021-W21,920.77124
Austria,AUT,2021-W22,938.92847
Austria,AUT,2021-W23,952.2662
Austria,AUT,2021-W24,966.7247
Austria,AUT,2021-W25,991.24805
Austria,AUT,2021-W26,1000.0577
Austria,AUT,2021-W27,1000.97675
Austria,AUT,2021-W28,1006.6929
Austria,AUT,2021-W29,1015.5025
Austria,AUT,2021-W30,1017.2509
Austria,AUT,2021-W31,1008.8
Austria,AUT,2021-W32,1027.7642
Austria,AUT,2021-W33,1042.8728
Austria,AUT,2021-W34,1054.9327
Austria,AUT,2021-W35,1064.9752
Austria,AUT,2021-W36,1090.1039
Austria,AUT,2021-W37,1104.6296
Austria,AUT,2021-W38,1119.0209
Austria,AUT,2021-W39,1138.949
Austria,AUT,2021-W40,1146.1222
Austria,AUT,2021-W41,1155.9181
Austria,AUT,2021-W42,1177.236
Austria,AUT,2021-W43,1216.7334
Austria,AUT,2021-W44,1262.0592
Austria,AUT,2021-W45,1320.0052
Austria,AUT,2021-W46,1379.7446
Austria,AUT,2021-W47,1445.6934
Austria,AUT,2021-W48,1516.215
Austria,AUT,2021-W49,1571.2917
Austria,AUT,2021-W50,1604.6472
Austria,AUT,2021-W51,1624.4633
Austria,AUT,2021-W52,1632.2623
Austria,AUT,2022-W01,1621.5237
Austria,AUT,2022-W02,1597.1378
Austria,AUT,2022-W03,1596.1981
Austria,AUT,2022-W04,1594.0728
Austria,AUT,2022-W05,1587.0703
Austria,AUT,2022-W06,1585.3029
Austria,AUT,2022-W07,1592.82
Austria,AUT,2022-W08,1591.2539
Austria,AUT,2022-W09,1602.8203
Austria,AUT,2022-W10,1609.1294
Austria,AUT,2022-W11,1627.4299
Austria,AUT,2022-W12,1668.2594
Austria,AUT,2022-W13,1698.7081
Austria,AUT,2022-W14,1736.5845
Austria,AUT,2022-W15,1762.4021
Austria,AUT,2022-W16,1772.8724
Austria,AUT,2022-W17,1792.7614
Austria,AUT,2022-W18,1809.0261
Austria,AUT,2022-W19,1819.2726
Austria,AUT,2022-W20,1830.0114
Austria,AUT,2022-W21,1837.5508
Austria,AUT,2022-W22,1851.8243
Austria,AUT,2022-W23,1867.664
Austria,AUT,2022-W24,1884.3984
Austria,AUT,2022-W25,1907.263
Austria,AUT,2022-W26,1931.6711
Austria,AUT,2022-W27,1945.4077
Austria,AUT,2022-W28,1961.1355
Austria,AUT,2022-W29,1999.1908
Austria,AUT,2022-W30,2021.8092
Austria,AUT,2022-W31,2035.255
Austria,AUT,2022-W32,2046.4188
Austria,AUT,2022-W33,2067.3816
Austria,AUT,2022-W34,2076.241
Austria,AUT,2022-W35,2074.0261
Austria,AUT,2022-W36,2089.217
Austria,AUT,2022-W37,2103.2222
Austria,AUT,2022-W38,2125.0352
Austria,AUT,2022-W39,2149.6895
Austria,AUT,2022-W40,2185.4404
Austria,AUT,2022-W41,2208.7075
Austria,AUT,2022-W42,2233.4067
Austria,AUT,2022-W43,2264.8398
Austria,AUT,2022-W44,2283.4087
Austria,AUT,2022-W45,2304.2822
Austria,AUT,2022-W46,2325.603
Austria,AUT,2022-W47,2344.955
Austria,AUT,2022-W48,2376.8132
Austria,AUT,2022-W49,2405.8972
Austria,AUT,2022-W50,2465.2063
Austria,AUT,2022-W51,2530.802
Austria,AUT,2022-W52,2584.5854
Austria,AUT,2023-W01,2641.244
Austria,AUT,2023-W02,2665.7556
Austria,AUT,2023-W03,2667.229
Austria,AUT,2023-W04,2665.7332
Austria,AUT,2023-W05,2655.5757
Austria,AUT,2023-W06,2633.006
Austria,AUT,2023-W07,2623.3845
Austria,AUT,2023-W08,2623.1167
Austria,AUT,2023-W09,2622.2236
Austria,AUT,2023-W10,2627.9163
Austria,AUT,2023-W11,2634.4126
Austria,AUT,2023-W12,2647.0928
Austria,AUT,2023-W13,2647.74
Austria,AUT,2023-W14,2654.6829
Austria,AUT,2023-W15,2664.215
Austria,AUT,2023-W16,2682.5432
Austria,AUT,2023-W17,2696.9868
Austria,AUT,2023-W18,2706.2512
Austria,AUT,2023-W19,2721.2307
Austria,AUT,2023-W20,2723.7534
Austria,AUT,2023-W21,2732.0132
Austria,AUT,2023-W22,2739.6257
Austria,AUT,2023-W23,2742.4385
Austria,AUT,2023-W24,2747.372
Austria,AUT,2023-W25,2761.3247
Austria,AUT,2023-W26,2757.0608
Austria,AUT,2023-W27,2761.347
Austria,AUT,2023-W28,2774.7637
Austria,AUT,2023-W29,2777.4202
Austria,AUT,2023-W30,2768.3567
Austria,AUT,2023-W31,2754.94
Austria,AUT,2023-W32,2763.1328
Austria,AUT,2023-W33,2767.9326
Austria,AUT,2023-W34,2782.5325
Austria,AUT,2023-W35,2776.0361
Austria,AUT,2023-W36,2787.801
Austria,AUT,2023-W37,2800.8381
Austria,AUT,2023-W38,2804.8118
Austria,AUT,2023-W39,2802.9143
Austria,AUT,2023-W40,2804.4993
Austria,AUT,2023-W41,2811.71
Austria,AUT,2023-W42,2823.4749
Austria,AUT,2023-W43,2846.4238
Austria,AUT,2023-W44,2865.4663
Austria,AUT,2023-W45,2887.924
Austria,AUT,2023-W46,2911.9448
Austria,AUT,2023-W47,2938.4658
Austria,AUT,2023-W48,2981.3726
Austria,AUT,2023-W49,3006.777
Austria,AUT,2023-W50,3042.25
Austria,AUT,2023-W51,3083.7727
Austria,AUT,2023-W52,3103.016
Azerbaijan,AZE,2020-W05,-26.679745
Azerbaijan,AZE,2020-W09,-21.07932
Azerbaijan,AZE,2020-W14,84.434074
Azerbaijan,AZE,2020-W18,7.8756313
Azerbaijan,AZE,2020-W22,-42.605907
Azerbaijan,AZE,2020-W27,146.19418
Azerbaijan,AZE,2020-W31,282.82098
Azerbaijan,AZE,2020-W36,319.6904
Azerbaijan,AZE,2020-W40,353.4679
Azerbaijan,AZE,2020-W44,466.17627
Azerbaijan,AZE,2020-W49,821.2387
Azerbaijan,AZE,2020-W53,1748.9047
Azerbaijan,AZE,2021-W04,1985.2532
Azerbaijan,AZE,2021-W08,2019.2395
Azerbaijan,AZE,2021-W13,2109.9116
Azerbaijan,AZE,2021-W17,2310.3867
Azerbaijan,AZE,2021-W22,2367.3733
Azerbaijan,AZE,2021-W26,2454.9036
Azerbaijan,AZE,2021-W30,2459.5676
Azerbaijan,AZE,2021-W35,2633.6296
Azerbaijan,AZE,2021-W39,2956.8433
Azerbaijan,AZE,2021-W43,3085.7195
Azerbaijan,AZE,2021-W48,3362.041
Azerbaijan,AZE,2021-W52,3567.985
Azerbaijan,AZE,2022-W05,3599.693
Azerbaijan,AZE,2022-W09,3744.3433
Azerbaijan,AZE,2022-W13,3878.625
Azerbaijan,AZE,2022-W17,3845.6362
Azerbaijan,AZE,2022-W22,3794.3237
Azerbaijan,AZE,2022-W26,3809.9153
Azerbaijan,AZE,2022-W30,3763.6616
Azerbaijan,AZE,2022-W35,3747.9155
Azerbaijan,AZE,2022-W39,3783.9355
Azerbaijan,AZE,2022-W44,3726.1934
Azerbaijan,AZE,2022-W48,3767.6584
Azerbaijan,AZE,2022-W52,3777.4768
Azerbaijan,AZE,2023-W05,3782.2834
Azerbaijan,AZE,2023-W09,3810.8257
Azerbaijan,AZE,2023-W13,3875.3433
Azerbaijan,AZE,2023-W17,3792.0024
Azerbaijan,AZE,2023-W22,3794.826
Azerbaijan,AZE,2023-W26,3761.3474
Azerbaijan,AZE,2023-W31,3748.8433
Azerbaijan,AZE,2023-W35,3802.4126
Azerbaijan,AZE,2023-W39,3828.2466
Azerbaijan,AZE,2023-W44,3857.7107
Azerbaijan,AZE,2023-W48,3850.5464
Azerbaijan,AZE,2023-W52,3878.8389
Bahamas,BHS,2020-W05,9.840631
Bahamas,BHS,2020-W09,-48.711132
Bahamas,BHS,2020-W14,-80.693184
Bahamas,BHS,2020-W18,-69.37644
Bahamas,BHS,2020-W22,-135.8007
Bahamas,BHS,2020-W27,-181.06758
Bahamas,BHS,2020-W31,-114.151306
Bahamas,BHS,2020-W36,108.739006
Bahamas,BHS,2020-W40,315.39224
Bahamas,BHS,2020-W44,559.93195
Bahamas,BHS,2020-W49,650.95776
Bahamas,BHS,2020-W53,668.17883
Bahamas,BHS,2021-W04,617.7682
Bahamas,BHS,2021-W08,550.59814
Bahamas,BHS,2021-W13,539.3214
Bahamas,BHS,2021-W17,571.1904
Bahamas,BHS,2021-W22,574.62244
Bahamas,BHS,2021-W26,589.33124
Bahamas,BHS,2021-W30,811.4336
Bahamas,BHS,2021-W35,1497.8428
Bahamas,BHS,2021-W39,2114.14
Bahamas,BHS,2021-W43,2530.3982
Bahamas,BHS,2021-W48,2553.442
Bahamas,BHS,2021-W52,2630.4177
Barbados,BRB,2020-W05,-104.73664
Barbados,BRB,2020-W09,-127.53644
Barbados,BRB,2020-W14,-58.42451
Barbados,BRB,2020-W18,-198.07338
Barbados,BRB,2020-W22,-235.8356
Barbados,BRB,2020-W27,-163.16121
Barbados,BRB,2020-W31,-161.73624
Barbados,BRB,2020-W36,-90.48681
Barbados,BRB,2020-W40,-275.73532
Barbados,BRB,2020-W44,-361.23465
Barbados,BRB,2020-W49,-453.8589
Barbados,BRB,2020-W53,-390.4469
Barbados,BRB,2021-W04,-803.687
Barbados,BRB,2021-W08,-858.4515
Barbados,BRB,2021-W13,-529.86444
Barbados,BRB,2021-W17,-665.70886
Barbados,BRB,2021-W22,-806.5319
Barbados,BRB,2021-W26,-723.31836
Barbados,BRB,2021-W30,-1045.5044
Barbados,BRB,2021-W35,-938.82025
Barbados,BRB,2021-W39,-967.26935
Barbados,BRB,2021-W43,-878.36597
Barbados,BRB,2021-W48,-672.11
Barbados,BRB,2021-W52,-345.6566
Barbados,BRB,2022-W05,-335.88266
Barbados,BRB,2022-W09,-177.52782
Barbados,BRB,2022-W13,487.84644
Barbados,BRB,2022-W17,703.7203
Barbados,BRB,2022-W22,737.09546
Barbados,BRB,2022-W26,947.9985
Barbados,BRB,2022-W30,732.8348
Barbados,BRB,2022-W35,988.4748
Barbados,BRB,2022-W39,1009.77814
Barbados,BRB,2022-W44,1073.6881
Barbados,BRB,2022-W48,1048.8342
Barbados,BRB,2022-W52,1115.5847
Barbados,BRB,2023-W05,1152.1359
Barbados,BRB,2023-W09,1303.5553
Barbados,BRB,2023-W13,1443.6272
Barbados,BRB,2023-W17,1333.3428
Barbados,BRB,2023-W22,1554.9755
Barbados,BRB,2023-W26,1819.1617
Barbados,BRB,2023-W31,1774.8352
Barbados,BRB,2023-W35,2051.7876
Barbados,BRB,2023-W39,2115.9724
Belarus,BLR,2020-W05,-81.18334
Belarus,BLR,2020-W09,-115.6352
Belarus,BLR,2020-W14,-131.31961
Belarus,BLR,2020-W18,-70.37762
Belarus,BLR,2020-W22,98.227615
Belarus,BLR,2020-W27,474.8724
Belarus,BLR,2020-W31,635.31885
Belarus,BLR,2020-W36,735.3319
Belarus,BLR,2020-W40,971.8235
Belarus,BLR,2020-W44,1194.4473
Belarus,BLR,2020-W49,1809.2756
Belarus,BLR,2020-W53,2661.478
Belarus,BLR,2021-W04,3121.7231
Belarus,BLR,2021-W08,3455.2522
Belarus,BLR,2021-W13,3801.0803
Belarus,BLR,2021-W17,4055.68
Belarus,BLR,2021-W22,4290.3594
Belarus,BLR,2021-W26,4697.848
Belarus,BLR,2021-W30,4971.721
Belarus,BLR,2021-W35,5214.4604
Belarus,BLR,2021-W39,5804.427
Belarus,BLR,2021-W43,7024.5137
Belarus,BLR,2021-W48,8114.972
Belarus,BLR,2021-W52,8618.764
Belarus,BLR,2022-W05,8951.063
Belarus,BLR,2022-W09,9454.181
Belarus,BLR,2022-W13,9781.398
Belarus,BLR,2022-W17,9736.531
Belarus,BLR,2022-W22,9703.013
Belarus,BLR,2022-W26,9705.907
Belarus,BLR,2022-W30,9595.136
Belarus,BLR,2022-W35,9594.045
Belarus,BLR,2022-W39,9630.794
Belarus,BLR,2022-W44,9553.793
Belarus,BLR,2022-W48,9557.904
Belarus,BLR,2022-W52,9591.885
Belarus,BLR,2023-W05,9594.381
Belarus,BLR,2023-W09,9469.8
Belarus,BLR,2023-W13,9393.522
Belarus,BLR,2023-W17,9249.043
Belarus,BLR,2023-W22,9266.509
Belarus,BLR,2023-W26,9288.629
Belarus,BLR,2023-W31,9252.022
Belarus,BLR,2023-W35,9281.302
Belarus,BLR,2023-W39,9232.756
Belarus,BLR,2023-W44,9205.098
Belarus,BLR,2023-W48,9382.573
Belarus,BLR,2023-W52,9462.535
Belgium,BEL,2020-W01,-13.086297
Belgium,BEL,2020-W02,-16.416252
Belgium,BEL,2020-W03,-25.385506
Belgium,BEL,2020-W04,-43.834328
Belgium,BEL,2020-W05,-56.71303
Belgium,BEL,2020-W06,-83.89758
Belgium,BEL,2020-W07,-102.19071
Belgium,BEL,2020-W08,-117.90637
Belgium,BEL,2020-W09,-143.0497
Belgium,BEL,2020-W10,-163.43593
Belgium,BEL,2020-W11,-172.56088
Belgium,BEL,2020-W12,-152.07085
Belgium,BEL,2020-W13,-67.628365
Belgium,BEL,2020-W14,97.26931
Belgium,BEL,2020-W15,287.7168
Belgium,BEL,2020-W16,431.00867
Belgium,BEL,2020-W17,518.5303
Belgium,BEL,2020-W18,555.0214
Belgium,BEL,2020-W19,586.58246
Belgium,BEL,2020-W20,592.28235
Belgium,BEL,2020-W21,602.3933
Belgium,BEL,2020-W22,607.2974
Belgium,BEL,2020-W23,600.90564
Belgium,BEL,2020-W24,604.668
Belgium,BEL,2020-W25,596.408
Belgium,BEL,2020-W26,602.99005
Belgium,BEL,2020-W27,581.35834
Belgium,BEL,2020-W28,566.2481
Belgium,BEL,2020-W29,562.7279
Belgium,BEL,2020-W30,547.09875
Belgium,BEL,2020-W31,552.86774
Belgium,BEL,2020-W32,568.06445
Belgium,BEL,2020-W33,657.3159
Belgium,BEL,2020-W34,684.84644
Belgium,BEL,2020-W35,682.7793
Belgium,BEL,2020-W36,686.9396
Belgium,BEL,2020-W37,683.97284
Belgium,BEL,2020-W38,694.89685
Belgium,BEL,2020-W39,696.0645
Belgium,BEL,2020-W40,692.26746
Belgium,BEL,2020-W41,696.1683
Belgium,BEL,2020-W42,709.7562
Belgium,BEL,2020-W43,765.3103
Belgium,BEL,2020-W44,878.0704
Belgium,BEL,2020-W45,1024.0262
Belgium,BEL,2020-W46,1144.5187
Belgium,BEL,2020-W47,1237.8699
Belgium,BEL,2020-W48,1306.5361
Belgium,BEL,2020-W49,1353.6312
Belgium,BEL,2020-W50,1402.4216
Belgium,BEL,2020-W51,1444.4136
Belgium,BEL,2020-W52,1477.4277
Belgium,BEL,2020-W53,1488.8192
Belgium,BEL,2021-W01,1495.9243
Belgium,BEL,2021-W02,1493.4526
Belgium,BEL,2021-W03,1495.2698
Belgium,BEL,2021-W04,1496.5186
Belgium,BEL,2021-W05,1476.8741
Belgium,BEL,2021-W06,1454.6976
Belgium,BEL,2021-W07,1437.413
Belgium,BEL,2021-W08,1407.7955
Belgium,BEL,2021-W09,1362.7623
Belgium,BEL,2021-W10,1337.7094
Belgium,BEL,2021-W11,1317.3243
Belgium,BEL,2021-W12,1300.074
Belgium,BEL,2021-W13,1299.8242
Belgium,BEL,2021-W14,1307.7733
Belgium,BEL,2021-W15,1314.3789
Belgium,BEL,2021-W16,1328.7183
Belgium,BEL,2021-W17,1343.8499
Belgium,BEL,2021-W18,1365.0101
Belgium,BEL,2021-W19,1369.5487
Belgium,BEL,2021-W20,1374.0874
Belgium,BEL,2021-W21,1376.8175
Belgium,BEL,2021-W22,1382.6307
Belgium,BEL,2021-W23,1383.225
Belgium,BEL,2021-W24,1392.7242
Belgium,BEL,2021-W25,1381.0375
Belgium,BEL,2021-W26,1384.3015
Belgium,BEL,2021-W27,1368.1708
Belgium,BEL,2021-W28,1372.5717
Belgium,BEL,2021-W29,1381.2786
Belgium,BEL,2021-W30,1372.7611
Belgium,BEL,2021-W31,1372.632
Belgium,BEL,2021-W32,1374.4835
Belgium,BEL,2021-W33,1373.7687
Belgium,BEL,2021-W34,1370.8491
Belgium,BEL,2021-W35,1375.405
Belgium,BEL,2021-W36,1390.1233
Belgium,BEL,2021-W37,1393.3529
Belgium,BEL,2021-W38,1394.1366
Belgium,BEL,2021-W39,1397.435
Belgium,BEL,2021-W40,1405.3497
Belgium,BEL,2021-W41,1423.2545
Belgium,BEL,2021-W42,1452.269
Belgium,BEL,2021-W43,1481.7314
Belgium,BEL,2021-W44,1507.525
Belgium,BEL,2021-W45,1540.4496
Belgium,BEL,2021-W46,1571.445
Belgium,BEL,2021-W47,1604.7828
Belgium,BEL,2021-W48,1659.1
Belgium,BEL,2021-W49,1697.5364
Belgium,BEL,2021-W50,1725.0868
Belgium,BEL,2021-W51,1740.7869
Belgium,BEL,2021-W52,1752.5425
Belgium,BEL,2022-W01,1750.5864
Belgium,BEL,2022-W02,1733.1704
Belgium,BEL,2022-W03,1728.1772
Belgium,BEL,2022-W04,1737.9747
Belgium,BEL,2022-W05,1748.922
Belgium,BEL,2022-W06,1755.2878
Belgium,BEL,2022-W07,1749.2823
Belgium,BEL,2022-W08,1733.3076
Belgium,BEL,2022-W09,1701.2896
Belgium,BEL,2022-W10,1698.5271
Belgium,BEL,2022-W11,1702.9025
Belgium,BEL,2022-W12,1710.0576
Belgium,BEL,2022-W13,1734.6632
Belgium,BEL,2022-W14,1771.4685
Belgium,BEL,2022-W15,1801.702
Belgium,BEL,2022-W16,1826.9424
Belgium,BEL,2022-W17,1842.2479
Belgium,BEL,2022-W18,1862.6152
Belgium,BEL,2022-W19,1865.4808
Belgium,BEL,2022-W20,1875.553
Belgium,BEL,2022-W21,1871.7266
Belgium,BEL,2022-W22,1881.7815
Belgium,BEL,2022-W23,1887.1522
Belgium,BEL,2022-W24,1909.0294
Belgium,BEL,2022-W25,1918.4667
Belgium,BEL,2022-W26,1924.1805
Belgium,BEL,2022-W27,1925.3302
Belgium,BEL,2022-W28,1942.3
Belgium,BEL,2022-W29,1963.4739
Belgium,BEL,2022-W30,1965.6016
Belgium,BEL,2022-W31,1981.3188
Belgium,BEL,2022-W32,2004.9292
Belgium,BEL,2022-W33,2026.8408
Belgium,BEL,2022-W34,2042.009
Belgium,BEL,2022-W35,2049.1814
Belgium,BEL,2022-W36,2062.6167
Belgium,BEL,2022-W37,2066.5803
Belgium,BEL,2022-W38,2080.8047
Belgium,BEL,2022-W39,2096.8481
Belgium,BEL,2022-W40,2118.8628
Belgium,BEL,2022-W41,2136.3303
Belgium,BEL,2022-W42,2153.6262
Belgium,BEL,2022-W43,2169.309
Belgium,BEL,2022-W44,2171.6428
Belgium,BEL,2022-W45,2176.1897
Belgium,BEL,2022-W46,2179.1582
Belgium,BEL,2022-W47,2188.8357
Belgium,BEL,2022-W48,2201.31
Belgium,BEL,2022-W49,2230.5654
Belgium,BEL,2022-W50,2266.5645
Belgium,BEL,2022-W51,2334.5127
Belgium,BEL,2022-W52,2382.145
Belgium,BEL,2023-W01,2418.162
Belgium,BEL,2023-W02,2439.1013
Belgium,BEL,2023-W03,2433.411
Belgium,BEL,2023-W04,2426.129
Belgium,BEL,2023-W05,2415.9714
Belgium,BEL,2023-W06,2403.4695
Belgium,BEL,2023-W07,2395.0579
Belgium,BEL,2023-W08,2379.6978
Belgium,BEL,2023-W09,2361.9417
Belgium,BEL,2023-W10,2358.6472
Belgium,BEL,2023-W11,2356.311
Belgium,BEL,2023-W12,2351.4421
Belgium,BEL,2023-W13,2353.5386
Belgium,BEL,2023-W14,2353.256
Belgium,BEL,2023-W15,2353.008
Belgium,BEL,2023-W16,2353.085
Belgium,BEL,2023-W17,2348.3872
Belgium,BEL,2023-W18,2345.9998
Belgium,BEL,2023-W19,2350.6292
Belgium,BEL,2023-W20,2356.5422
Belgium,BEL,2023-W21,2353.6414
Belgium,BEL,2023-W22,2355.002
Belgium,BEL,2023-W23,2376.3347
Belgium,BEL,2023-W24,2400.8682
Belgium,BEL,2023-W25,2401.7837
Belgium,BEL,2023-W26,2404.4622
Belgium,BEL,2023-W27,2398.0527
Belgium,BEL,2023-W28,2408.193
Belgium,BEL,2023-W29,2396.5125
Belgium,BEL,2023-W30,2385.431
Belgium,BEL,2023-W31,2377.2075
Belgium,BEL,2023-W32,2381.4775
Belgium,BEL,2023-W33,2390.7278
Belgium,BEL,2023-W34,2396.0762
Belgium,BEL,2023-W35,2390.1973
Belgium,BEL,2023-W36,2405.797
Belgium,BEL,2023-W37,2425.641
Belgium,BEL,2023-W38,2425.7693
Belgium,BEL,2023-W39,2432.4182
Belgium,BEL,2023-W40,2434.241
Belgium,BEL,2023-W41,2432.5552
Belgium,BEL,2023-W42,2444.133
Belgium,BEL,2023-W43,2461.3757
Belgium,BEL,2023-W44,2468.8975
Belgium,BEL,2023-W45,2474.8618
Belgium,BEL,2023-W46,2491.2314
Belgium,BEL,2023-W47,2502.1418
Belgium,BEL,2023-W48,2518.1523
Belgium,BEL,2023-W49,2540.803
Belgium,BEL,2023-W50,2562.3071
Belgium,BEL,2023-W51,2580.4226
Belgium,BEL,2023-W52,2598.2983
Belize,BLZ,2020-W05,3.0384977
Belize,BLZ,2020-W09,14.686117
Belize,BLZ,2020-W14,-33.929962
Belize,BLZ,2020-W18,-96.725746
Belize,BLZ,2020-W22,-117.99527
Belize,BLZ,2020-W27,-104.322014
Belize,BLZ,2020-W31,-120.52736
Belize,BLZ,2020-W36,-136.73271
Belize,BLZ,2020-W40,-181.80388
Belize,BLZ,2020-W44,-128.12363
Belize,BLZ,2020-W49,87.61026
Belize,BLZ,2020-W53,323.09442
Belize,BLZ,2021-W04,362.46646
Belize,BLZ,2021-W08,409.46213
Belize,BLZ,2021-W13,364.4663
Belize,BLZ,2021-W17,287.97336
Belize,BLZ,2021-W22,289.97318
Belize,BLZ,2021-W26,318.97052
Belize,BLZ,2021-W30,315.9708
Belize,BLZ,2021-W35,505.45328
Belize,BLZ,2021-W39,716.4337
Belize,BLZ,2021-W43,1004.90704
Belize,BLZ,2021-W48,1360.8741
Belize,BLZ,2021-W52,1351.375
Belize,BLZ,2022-W05,1446.6362
Belize,BLZ,2022-W09,1585.0574
Belize,BLZ,2022-W13,1538.917
Belize,BLZ,2022-W17,1585.0574
Belize,BLZ,2022-W22,1597.6411
Belize,BLZ,2022-W26,1607.264
Belize,BLZ,2022-W30,1674.1305
Belize,BLZ,2022-W35,1728.66
Belize,BLZ,2022-W39,1720.5177
Belize,BLZ,2022-W44,1741.984
Belize,BLZ,2022-W48,1785.657
Belize,BLZ,2022-W52,1799.2277
Bermuda,BMU,2020-W05,-232.62715
Bermuda,BMU,2020-W09,-177.9832
Bermuda,BMU,2020-W14,-10.928803
Bermuda,BMU,2020-W18,284.1486
Bermuda,BMU,2020-W22,316.93494
Bermuda,BMU,2020-W27,168.61562
Bermuda,BMU,2020-W31,85.86907
Bermuda,BMU,2020-W36,40.59263
Bermuda,BMU,2020-W40,398.12024
Bermuda,BMU,2020-W44,215.4533
Bermuda,BMU,2020-W49,248.23965
Bermuda,BMU,2020-W53,240.43336
Bermuda,BMU,2021-W04,423.59018
Bermuda,BMU,2021-W08,488.99753
Bermuda,BMU,2021-W13,759.9707
Bermuda,BMU,2021-W17,1002.9122
Bermuda,BMU,2021-W22,1124.3828
Bermuda,BMU,2021-W26,1034.0585
Bermuda,BMU,2021-W30,1009.1414
Bermuda,BMU,2021-W35,1068.3195
Bermuda,BMU,2021-W39,1949.7609
Bermuda,BMU,2021-W43,2432.5293
Bermuda,BMU,2021-W48,2631.8657
Bermuda,BMU,2021-W52,2743.9927
Bermuda,BMU,2022-W05,2736.4617
Bermuda,BMU,2022-W09,2781.6282
Bermuda,BMU,2022-W13,2907.7827
Bermuda,BMU,2022-W17,3005.9028
Bermuda,BMU,2022-W22,2982.5408
Bermuda,BMU,2022-W26,2747.364
Bermuda,BMU,2022-W30,2733.3467
Bermuda,BMU,2022-W35,2663.261
Bermuda,BMU,2022-W39,2714.6572
Bermuda,BMU,2022-W44,2678.8357
Bermuda,BMU,2022-W48,2686.6228
Bermuda,BMU,2022-W52,2794.088
Bermuda,BMU,2023-W05,2928.557
Bermuda,BMU,2023-W09,2861.4668
Bermuda,BMU,2023-W13,2984.7253
Bermuda,BMU,2023-W17,3048.6948
Bermuda,BMU,2023-W22,2944.1592
Bermuda,BMU,2023-W26,2830.2622
Bermuda,BMU,2023-W31,2844.3044
Bermuda,BMU,2023-W35,2926.9966
Bermuda,BMU,2023-W39,2725.7266
Bermuda,BMU,2023-W44,2905.1533
Bermuda,BMU,2023-W48,3050.2551
Bermuda,BMU,2023-W52,3201.5977
Bhutan,BTN,2020-W05,-1.423934
Bhutan,BTN,2020-W09,47.636784
Bhutan,BTN,2020-W14,8.67298
Bhutan,BTN,2020-W18,17.604874
Bhutan,BTN,2020-W22,-23.947887
Bhutan,BTN,2020-W27,-110.80739
Bhutan,BTN,2020-W31,-140.70984
Bhutan,BTN,2020-W36,-151.19513
Bhutan,BTN,2020-W40,-126.72949
Bhutan,BTN,2020-W44,-110.03073
Bhutan,BTN,2020-W49,-42.847317
Bhutan,BTN,2020-W53,-145.24055
Bhutan,BTN,2021-W04,-179.4213
Bhutan,BTN,2021-W08,-156.65604
Bhutan,BTN,2021-W13,-190.48238
Bhutan,BTN,2021-W17,-153.5692
Bhutan,BTN,2021-W22,-157.81358
Bhutan,BTN,2021-W26,-177.49202
Bhutan,BTN,2021-W30,-185.59492
Bhutan,BTN,2021-W35,-187.26692
Bhutan,BTN,2021-W39,-224.95181
Bhutan,BTN,2021-W43,-229.1962
Bhutan,BTN,2021-W48,-156.27016
Bhutan,BTN,2021-W52,-184.95181
Bhutan,BTN,2022-W05,-157.45277
Bhutan,BTN,2022-W09,-82.56048
Bhutan,BTN,2022-W13,-63.901295
Bhutan,BTN,2022-W17,63.390053
Bhutan,BTN,2022-W22,115.27789
Bhutan,BTN,2022-W26,80.26
Bhutan,BTN,2022-W30,109.14339
Bhutan,BTN,2022-W35,138.02678
Bhutan,BTN,2022-W39,132.40347
Bhutan,BTN,2022-W44,202.18367
Bhutan,BTN,2022-W48,340.97723
Bhutan,BTN,2022-W52,302.12527
Bhutan,BTN,2023-W05,340.21948
Bhutan,BTN,2023-W09,405.62186
Bhutan,BTN,2023-W13,345.29926
Bhutan,BTN,2023-W17,387.84256
Bhutan,BTN,2023-W22,443.08536
Bhutan,BTN,2023-W26,461.49963
Bhutan,BTN,2023-W31,554.8409
Bhutan,BTN,2023-W35,597.3842
Bhutan,BTN,2023-W39,599.2891
Bhutan,BTN,2023-W44,702.79
Bhutan,BTN,2023-W48,769.46234
Bhutan,BTN,2023-W52,748.5082
Bolivia,BOL,2020-W05,38.65561
Bolivia,BOL,2020-W09,81.75151
Bolivia,BOL,2020-W14,127.226715
Bolivia,BOL,2020-W18,71.0278
Bolivia,BOL,2020-W22,113.554016
Bolivia,BOL,2020-W27,519.61395
Bolivia,BOL,2020-W31,1550.2126
Bolivia,BOL,2020-W36,1905.1171
Bolivia,BOL,2020-W40,2007.1934
Bolivia,BOL,2020-W44,2077.9197
Bolivia,BOL,2020-W49,2135.2078
Bolivia,BOL,2020-W53,2184.3188
Bolivia,BOL,2021-W04,2625.222
Bolivia,BOL,2021-W08,2906.9312
Bolivia,BOL,2021-W13,3044.7932
Bolivia,BOL,2021-W17,3168.0352
Bolivia,BOL,2021-W22,3556.2227
Bolivia,BOL,2021-W26,4065.3757
Bolivia,BOL,2021-W30,4320.2627
Bolivia,BOL,2021-W35,4454.929
Bolivia,BOL,2021-W39,4521.066
Bolivia,BOL,2021-W43,4577.8315
Bolivia,BOL,2021-W48,4663.7876
Bolivia,BOL,2021-W52,4841.585
Bolivia,BOL,2022-W05,5224.8447
Bosnia and Herzegovina,BIH,2020-W05,-180.44788
Bosnia and Herzegovina,BIH,2020-W09,-214.25923
Bosnia and Herzegovina,BIH,2020-W14,-333.65375
Bosnia and Herzegovina,BIH,2020-W18,-274.58932
Bosnia and Herzegovina,BIH,2020-W22,-292.91138
Bosnia and Herzegovina,BIH,2020-W27,-236.13722
Bosnia and Herzegovina,BIH,2020-W31,-158.69049
Bosnia and Herzegovina,BIH,2020-W36,-15.48939
Bosnia and Herzegovina,BIH,2020-W40,222.3956
Bosnia and Herzegovina,BIH,2020-W44,370.41827
Bosnia and Herzegovina,BIH,2020-W49,1115.956
Bosnia and Herzegovina,BIH,2020-W53,1987.6385
Bosnia and Herzegovina,BIH,2021-W04,2038.6444
Bosnia and Herzegovina,BIH,2021-W08,2086.979
Bosnia and Herzegovina,BIH,2021-W13,2527.249
Bosnia and Herzegovina,BIH,2021-W17,3462.5437
Bosnia and Herzegovina,BIH,2021-W22,3842.7085
Bosnia and Herzegovina,BIH,2021-W26,4004.955
Bosnia and Herzegovina,BIH,2021-W30,4089.7317
Bosnia and Herzegovina,BIH,2021-W35,4146.1377
Bosnia and Herzegovina,BIH,2021-W39,4491.2056
Bosnia and Herzegovina,BIH,2021-W43,4836.5186
Bosnia and Herzegovina,BIH,2021-W48,5355.7256
Bosnia and Herzegovina,BIH,2021-W52,5846.3784
Bosnia and Herzegovina,BIH,2022-W05,6107.2266
Bosnia and Herzegovina,BIH,2022-W09,6658.729
Bosnia and Herzegovina,BIH,2022-W13,6845.305
Bosnia and Herzegovina,BIH,2022-W17,6844.532
Bosnia and Herzegovina,BIH,2022-W22,6856.8096
Bosnia and Herzegovina,BIH,2022-W26,6850.284
Bosnia and Herzegovina,BIH,2022-W30,6852.913
Bosnia and Herzegovina,BIH,2022-W35,6966.3184
Bosnia and Herzegovina,BIH,2022-W39,7103.5986
Bosnia and Herzegovina,BIH,2022-W44,7068.869
Bosnia and Herzegovina,BIH,2022-W48,7065.6216
Bosnia and Herzegovina,BIH,2022-W52,7126.2676
Bosnia and Herzegovina,BIH,2023-W05,7092.472
Bosnia and Herzegovina,BIH,2023-W09,7004.1777
Bosnia and Herzegovina,BIH,2023-W13,6992.1875
Bosnia and Herzegovina,BIH,2023-W17,6935.411
Bosnia and Herzegovina,BIH,2023-W22,6931.6426
Bosnia and Herzegovina,BIH,2023-W26,6897.7266
Bosnia and Herzegovina,BIH,2023-W31,6882.061
Bosnia and Herzegovina,BIH,2023-W35,6877.358
Bosnia and Herzegovina,BIH,2023-W39,6908.5337
Bosnia and Herzegovina,BIH,2023-W44,6854.934
Bosnia and Herzegovina,BIH,2023-W48,6882.2476
Bosnia and Herzegovina,BIH,2023-W52,6839.985
Brazil,BRA,2020-W05,-3.3945389
Brazil,BRA,2020-W09,11.387612
Brazil,BRA,2020-W14,35.09581
Brazil,BRA,2020-W18,84.98645
Brazil,BRA,2020-W22,246.66422
Brazil,BRA,2020-W27,344.5857
Brazil,BRA,2020-W31,443.78018
Brazil,BRA,2020-W36,553.82477
Brazil,BRA,2020-W40,627.68207
Brazil,BRA,2020-W44,703.31055
Brazil,BRA,2020-W49,777.2935
Brazil,BRA,2020-W53,904.0438
Brazil,BRA,2021-W04,1079.3177
Brazil,BRA,2021-W08,1240.0098
Brazil,BRA,2021-W13,1683.6675
Brazil,BRA,2021-W17,2067.2393
Brazil,BRA,2021-W22,2353.803
Brazil,BRA,2021-W26,2591.3638
Brazil,BRA,2021-W30,2745.1008
Brazil,BRA,2021-W35,2858.2046
Brazil,BRA,2021-W39,2919.4668
Brazil,BRA,2021-W43,2970.8918
Brazil,BRA,2021-W48,3025.1077
Brazil,BRA,2021-W52,3109.5383
Brazil,BRA,2022-W05,3334.4675
Brazil,BRA,2022-W09,3473.328
Brazil,BRA,2022-W13,3499.427
Brazil,BRA,2022-W17,3504.3618
Brazil,BRA,2022-W22,3542.5112
Brazil,BRA,2022-W26,3602.5935
Brazil,BRA,2022-W30,3651.2522
Brazil,BRA,2022-W35,3675.8262
Brazil,BRA,2022-W39,3695.7139
Brazil,BRA,2022-W44,3716.9048
Brazil,BRA,2022-W48,3741.2688
Brazil,BRA,2022-W52,3766.584
Brazil,BRA,2023-W05,3764.0635
Brazil,BRA,2023-W09,3773.0625
Brazil,BRA,2023-W13,3798.1458
Brazil,BRA,2023-W17,3825.96
Brazil,BRA,2023-W22,3860.9111
Brazil,BRA,2023-W26,3893.6553
Brazil,BRA,2023-W31,3917.2805
Brazil,BRA,2023-W35,3932.6401
Brazil,BRA,2023-W39,3955.6426
Brazil,BRA,2023-W44,3982.7783
Brazil,BRA,2023-W48,4040.9885
Brazil,BRA,2023-W52,4061.9883
Brunei,BRN,2020-W05,60.669727
Brunei,BRN,2020-W09,96.89046
Brunei,BRN,2020-W14,99.607
Brunei,BRN,2020-W18,77.87456
Brunei,BRN,2020-W22,52.52005
Brunei,BRN,2020-W27,176.12329
Brunei,BRN,2020-W31,156.20187
Brunei,BRN,2020-W36,134.92221
Brunei,BRN,2020-W40,61.122463
Brunei,BRN,2020-W44,-0.4527695
Brunei,BRN,2020-W49,-12.677252
Brunei,BRN,2020-W53,-38.031754
Brunei,BRN,2021-W04,-117.42728
Brunei,BRN,2021-W08,-102.38402
Brunei,BRN,2021-W13,-89.13698
Brunei,BRN,2021-W17,-95.648224
Brunei,BRN,2021-W22,-119.223495
Brunei,BRN,2021-W26,-44.45621
Brunei,BRN,2021-W30,-37.944958
Brunei,BRN,2021-W35,-277.5146
Brunei,BRN,2021-W39,-499.57114
Brunei,BRN,2021-W43,-570.29694
Brunei,BRN,2021-W48,-174.45695
Brunei,BRN,2021-W52,89.36152
Brunei,BRN,2022-W05,160.13295
Brunei,BRN,2022-W09,154.11963
Brunei,BRN,2022-W13,415.8111
Brunei,BRN,2022-W17,510.9109
Brunei,BRN,2022-W22,580.17566
Brunei,BRN,2022-W26,758.12585
Brunei,BRN,2022-W30,832.7358
Brunei,BRN,2022-W35,946.09827
Brunei,BRN,2022-W39,987.74615
Brunei,BRN,2022-W44,1074.8282
Brunei,BRN,2022-W48,1136.966
Brunei,BRN,2022-W52,1141.6431
Brunei,BRN,2023-W05,1141.1248
Brunei,BRN,2023-W09,1180.9005
Brunei,BRN,2023-W13,1216.6989
Brunei,BRN,2023-W17,1233.0511
Brunei,BRN,2023-W22,1274.5947
Brunei,BRN,2023-W26,1320.116
Brunei,BRN,2023-W31,1331.6068
Brunei,BRN,2023-W35,1306.4154
Brunei,BRN,2023-W39,1318.3481
Brunei,BRN,2023-W44,1282.5499
Brunei,BRN,2023-W48,1356.7982
Brunei,BRN,2023-W52,1385.0833
Bulgaria,BGR,2020-W01,-68.04522
Bulgaria,BGR,2020-W02,-110.299446
Bulgaria,BGR,2020-W03,-159.6892
Bulgaria,BGR,2020-W04,-176.26706
Bulgaria,BGR,2020-W05,-180.32198
Bulgaria,BGR,2020-W06,-175.57928
Bulgaria,BGR,2020-W07,-174.47601
Bulgaria,BGR,2020-W08,-192.68733
Bulgaria,BGR,2020-W09,-208.43416
Bulgaria,BGR,2020-W10,-242.77916
Bulgaria,BGR,2020-W11,-269.18628
Bulgaria,BGR,2020-W12,-294.30383
Bulgaria,BGR,2020-W13,-312.31454
Bulgaria,BGR,2020-W14,-335.7127
Bulgaria,BGR,2020-W15,-355.24222
Bulgaria,BGR,2020-W16,-358.69537
Bulgaria,BGR,2020-W17,-366.33237
Bulgaria,BGR,2020-W18,-381.2195
Bulgaria,BGR,2020-W19,-395.44754
Bulgaria,BGR,2020-W20,-376.03265
Bulgaria,BGR,2020-W21,-384.47205
Bulgaria,BGR,2020-W22,-404.0302
Bulgaria,BGR,2020-W23,-400.97827
Bulgaria,BGR,2020-W24,-396.00635
Bulgaria,BGR,2020-W25,-397.94067
Bulgaria,BGR,2020-W26,-403.2565
Bulgaria,BGR,2020-W27,-366.2751
Bulgaria,BGR,2020-W28,-349.00943
Bulgaria,BGR,2020-W29,-350.28467
Bulgaria,BGR,2020-W30,-345.42737
Bulgaria,BGR,2020-W31,-314.46384
Bulgaria,BGR,2020-W32,-294.01733
Bulgaria,BGR,2020-W33,-274.80304
Bulgaria,BGR,2020-W34,-261.20544
Bulgaria,BGR,2020-W35,-241.53265
Bulgaria,BGR,2020-W36,-220.28374
Bulgaria,BGR,2020-W37,-204.0784
Bulgaria,BGR,2020-W38,-196.41273
Bulgaria,BGR,2020-W39,-187.97334
Bulgaria,BGR,2020-W40,-180.04977
Bulgaria,BGR,2020-W41,-163.2713
Bulgaria,BGR,2020-W42,-146.60745
Bulgaria,BGR,2020-W43,-98.33531
Bulgaria,BGR,2020-W44,-3.2954981
Bulgaria,BGR,2020-W45,161.63791
Bulgaria,BGR,2020-W46,425.4081
Bulgaria,BGR,2020-W47,761.39307
Bulgaria,BGR,2020-W48,1141.3947
Bulgaria,BGR,2020-W49,1516.2954
Bulgaria,BGR,2020-W50,1830.7306
Bulgaria,BGR,2020-W51,2079.4846
Bulgaria,BGR,2020-W52,2209.285
Bulgaria,BGR,2020-W53,2330.993
Bulgaria,BGR,2021-W01,2340.8828
Bulgaria,BGR,2021-W02,2331.8933
Bulgaria,BGR,2021-W03,2334.8413
Bulgaria,BGR,2021-W04,2331.8352
Bulgaria,BGR,2021-W05,2324.8208
Bulgaria,BGR,2021-W06,2336.744
Bulgaria,BGR,2021-W07,2368.9402
Bulgaria,BGR,2021-W08,2416.269
Bulgaria,BGR,2021-W09,2488.751
Bulgaria,BGR,2021-W10,2601.344
Bulgaria,BGR,2021-W11,2777.4583
Bulgaria,BGR,2021-W12,3002.078
Bulgaria,BGR,2021-W13,3281.6797
Bulgaria,BGR,2021-W14,3525.469
Bulgaria,BGR,2021-W15,3770.5654
Bulgaria,BGR,2021-W16,3973.14
Bulgaria,BGR,2021-W17,4134.4414
Bulgaria,BGR,2021-W18,4252.3784
Bulgaria,BGR,2021-W19,4331.628
Bulgaria,BGR,2021-W20,4392.1143
Bulgaria,BGR,2021-W21,4425.966
Bulgaria,BGR,2021-W22,4450.4365
Bulgaria,BGR,2021-W23,4473.571
Bulgaria,BGR,2021-W24,4490.954
Bulgaria,BGR,2021-W25,4542.2915
Bulgaria,BGR,2021-W26,4571.903
Bulgaria,BGR,2021-W27,4604.593
Bulgaria,BGR,2021-W28,4629.9346
Bulgaria,BGR,2021-W29,4642.5835
Bulgaria,BGR,2021-W30,4665.3696
Bulgaria,BGR,2021-W31,4709.387
Bulgaria,BGR,2021-W32,4757.7036
Bulgaria,BGR,2021-W33,4794.0244
Bulgaria,BGR,2021-W34,4872.141
Bulgaria,BGR,2021-W35,4971.6636
Bulgaria,BGR,2021-W36,5097.472
Bulgaria,BGR,2021-W37,5258.251
Bulgaria,BGR,2021-W38,5401.515
Bulgaria,BGR,2021-W39,5555.875
Bulgaria,BGR,2021-W40,5722.637
Bulgaria,BGR,2021-W41,5932.066
Bulgaria,BGR,2021-W42,6194.386
Bulgaria,BGR,2021-W43,6487.726
Bulgaria,BGR,2021-W44,6793.9043
Bulgaria,BGR,2021-W45,7086.257
Bulgaria,BGR,2021-W46,7360.1367
Bulgaria,BGR,2021-W47,7592.6274
Bulgaria,BGR,2021-W48,7797.409
Bulgaria,BGR,2021-W49,7968.702
Bulgaria,BGR,2021-W50,8108.4814
Bulgaria,BGR,2021-W51,8238.763
Bulgaria,BGR,2021-W52,8476.154
Bulgaria,BGR,2022-W01,8567.014
Bulgaria,BGR,2022-W02,8658.609
Bulgaria,BGR,2022-W03,8773.237
Bulgaria,BGR,2022-W04,8923.99
Bulgaria,BGR,2022-W05,9103.702
Bulgaria,BGR,2022-W06,9305.443
Bulgaria,BGR,2022-W07,9482.944
Bulgaria,BGR,2022-W08,9599.282
Bulgaria,BGR,2022-W09,9667.434
Bulgaria,BGR,2022-W10,9731.191
Bulgaria,BGR,2022-W11,9770.973
Bulgaria,BGR,2022-W12,9825.647
Bulgaria,BGR,2022-W13,9867.14
Bulgaria,BGR,2022-W14,9897.928
Bulgaria,BGR,2022-W15,9913.233
Bulgaria,BGR,2022-W16,9916.624
Bulgaria,BGR,2022-W17,9934.584
Bulgaria,BGR,2022-W18,9921.343
Bulgaria,BGR,2022-W19,9924.853
Bulgaria,BGR,2022-W20,9931.281
Bulgaria,BGR,2022-W21,9935.733
Bulgaria,BGR,2022-W22,9932.283
Bulgaria,BGR,2022-W23,9914.354
Bulgaria,BGR,2022-W24,9896.04
Bulgaria,BGR,2022-W25,9885.218
Bulgaria,BGR,2022-W26,9876.96
Bulgaria,BGR,2022-W27,9875.811
Bulgaria,BGR,2022-W28,9878.405
Bulgaria,BGR,2022-W29,9902.026
Bulgaria,BGR,2022-W30,9934.908
Bulgaria,BGR,2022-W31,9967.672
Bulgaria,BGR,2022-W32,9989.76
Bulgaria,BGR,2022-W33,10025.767
Bulgaria,BGR,2022-W34,10052.308
Bulgaria,BGR,2022-W35,10063.278
Bulgaria,BGR,2022-W36,10085.603
Bulgaria,BGR,2022-W37,10102.735
Bulgaria,BGR,2022-W38,10111.671
Bulgaria,BGR,2022-W39,10141.161
Bulgaria,BGR,2022-W40,10148.593
Bulgaria,BGR,2022-W41,10154.668
Bulgaria,BGR,2022-W42,10164.458
Bulgaria,BGR,2022-W43,10179.056
Bulgaria,BGR,2022-W44,10194.303
Bulgaria,BGR,2022-W45,10197.134
Bulgaria,BGR,2022-W46,10204.211
Bulgaria,BGR,2022-W47,10188.729
Bulgaria,BGR,2022-W48,10180.648
Bulgaria,BGR,2022-W49,10183.391
Bulgaria,BGR,2022-W50,10176.992
Bulgaria,BGR,2022-W51,10165.963
Bulgaria,BGR,2022-W52,10293.515
Bulgaria,BGR,2023-W01,10257.06
Bulgaria,BGR,2023-W02,10216.567
Bulgaria,BGR,2023-W03,10199.73
Bulgaria,BGR,2023-W04,10144.764
Bulgaria,BGR,2023-W05,10089.708
Bulgaria,BGR,2023-W06,10071.047
Bulgaria,BGR,2023-W07,10071.166
Bulgaria,BGR,2023-W08,10046.644
Bulgaria,BGR,2023-W09,10007.198
Bulgaria,BGR,2023-W10,9961.353
Bulgaria,BGR,2023-W11,9929.922
Bulgaria,BGR,2023-W12,9898.79
Bulgaria,BGR,2023-W13,9878.664
Bulgaria,BGR,2023-W14,9839.458
Bulgaria,BGR,2023-W15,9817.597
Bulgaria,BGR,2023-W16,9808.625
Bulgaria,BGR,2023-W17,9785.568
Bulgaria,BGR,2023-W18,9767.057
Bulgaria,BGR,2023-W19,9743.103
Bulgaria,BGR,2023-W20,9729.436
Bulgaria,BGR,2023-W21,9725.876
Bulgaria,BGR,2023-W22,9713.705
Bulgaria,BGR,2023-W23,9706.4375
Bulgaria,BGR,2023-W24,9675.605
Bulgaria,BGR,2023-W25,9677.489
Bulgaria,BGR,2023-W26,9633.827
Bulgaria,BGR,2023-W27,9613.521
Bulgaria,BGR,2023-W28,9615.555
Bulgaria,BGR,2023-W29,9651.172
Bulgaria,BGR,2023-W30,9633.678
Bulgaria,BGR,2023-W31,9614.867
Bulgaria,BGR,2023-W32,9583.586
Bulgaria,BGR,2023-W33,9574.793
Bulgaria,BGR,2023-W34,9590.494
Bulgaria,BGR,2023-W35,9582.928
Bulgaria,BGR,2023-W36,9560.26
Bulgaria,BGR,2023-W37,9550.869
Bulgaria,BGR,2023-W38,9544.679
Bulgaria,BGR,2023-W39,9540.94
Bulgaria,BGR,2023-W40,9511.244
Bulgaria,BGR,2023-W41,9504.994
Bulgaria,BGR,2023-W42,9493.54
Bulgaria,BGR,2023-W43,9493.988
Bulgaria,BGR,2023-W44,9477.601
Bulgaria,BGR,2023-W45,9466.116
Bulgaria,BGR,2023-W46,9459.089
Bulgaria,BGR,2023-W47,9471.051
Bulgaria,BGR,2023-W48,9473.174
Bulgaria,BGR,2023-W49,9456.966
Bulgaria,BGR,2023-W50,9442.252
Bulgaria,BGR,2023-W51,9417.161
Bulgaria,BGR,2023-W52,9407.143
Canada,CAN,2020-W01,-5.1492944
Canada,CAN,2020-W02,-11.32792
Canada,CAN,2020-W03,-18.535875
Canada,CAN,2020-W04,-22.65584
Canada,CAN,2020-W05,-29.4679
Canada,CAN,2020-W06,-34.77555
Canada,CAN,2020-W07,-44.41167
Canada,CAN,2020-W08,-54.602047
Canada,CAN,2020-W09,-60.041664
Canada,CAN,2020-W10,-65.95636
Canada,CAN,2020-W11,-71.58073
Canada,CAN,2020-W12,-70.89715
Canada,CAN,2020-W13,-67.70623
Canada,CAN,2020-W14,-53.245457
Canada,CAN,2020-W15,-28.702524
Canada,CAN,2020-W16,-3.6581235
Canada,CAN,2020-W17,31.257294
Canada,CAN,2020-W18,64.74748
Canada,CAN,2020-W19,88.73616
Canada,CAN,2020-W20,107.314255
Canada,CAN,2020-W21,121.93339
Canada,CAN,2020-W22,136.94841
Canada,CAN,2020-W23,144.54698
Canada,CAN,2020-W24,143.11911
Canada,CAN,2020-W25,145.49185
Canada,CAN,2020-W26,146.75607
Canada,CAN,2020-W27,143.95576
Canada,CAN,2020-W28,148.46634
Canada,CAN,2020-W29,151.73645
Canada,CAN,2020-W30,154.29393
Canada,CAN,2020-W31,155.34702
Canada,CAN,2020-W32,156.21535
Canada,CAN,2020-W33,162.49426
Canada,CAN,2020-W34,168.50923
Canada,CAN,2020-W35,169.19281
Canada,CAN,2020-W36,173.78258
Canada,CAN,2020-W37,175.36351
Canada,CAN,2020-W38,179.39902
Canada,CAN,2020-W39,187.94774
Canada,CAN,2020-W40,192.61667
Canada,CAN,2020-W41,198.57887
Canada,CAN,2020-W42,200.68767
Canada,CAN,2020-W43,203.66745
Canada,CAN,2020-W44,208.6795
Canada,CAN,2020-W45,224.88222
Canada,CAN,2020-W46,237.07318
Canada,CAN,2020-W47,248.26122
Canada,CAN,2020-W48,263.24985
Canada,CAN,2020-W49,282.22385
Canada,CAN,2020-W50,300.5116
Canada,CAN,2020-W51,313.54715
Canada,CAN,2020-W52,329.85544
Canada,CAN,2020-W53,346.76166
Canada,CAN,2021-W01,354.27048
Canada,CAN,2021-W02,360.233
Canada,CAN,2021-W03,366.35278
Canada,CAN,2021-W04,372.91812
Canada,CAN,2021-W05,379.9552
Canada,CAN,2021-W06,377.21637
Canada,CAN,2021-W07,373.8485
Canada,CAN,2021-W08,368.88193
Canada,CAN,2021-W09,366.53625
Canada,CAN,2021-W10,358.34598
Canada,CAN,2021-W11,348.74042
Canada,CAN,2021-W12,343.17102
Canada,CAN,2021-W13,336.68433
Canada,CAN,2021-W14,336.93332
Canada,CAN,2021-W15,336.3174
Canada,CAN,2021-W16,336.06842
Canada,CAN,2021-W17,342.86963
Canada,CAN,2021-W18,347.20718
Canada,CAN,2021-W19,351.6758
Canada,CAN,2021-W20,359.42053
Canada,CAN,2021-W21,356.55066
Canada,CAN,2021-W22,362.72284
Canada,CAN,2021-W23,361.9235
Canada,CAN,2021-W24,363.1684
Canada,CAN,2021-W25,363.2077
Canada,CAN,2021-W26,384.4238
Canada,CAN,2021-W27,385.74734
Canada,CAN,2021-W28,388.04062
Canada,CAN,2021-W29,392.24716
Canada,CAN,2021-W30,398.76007
Canada,CAN,2021-W31,406.0068
Canada,CAN,2021-W32,410.44922
Canada,CAN,2021-W33,422.62323
Canada,CAN,2021-W34,431.91428
Canada,CAN,2021-W35,444.82217
Canada,CAN,2021-W36,463.57462
Canada,CAN,2021-W37,479.4703
Canada,CAN,2021-W38,494.65833
Canada,CAN,2021-W39,508.56213
Canada,CAN,2021-W40,518.7443
Canada,CAN,2021-W41,532.56946
Canada,CAN,2021-W42,544.5338
Canada,CAN,2021-W43,553.3007
Canada,CAN,2021-W44,565.3961
Canada,CAN,2021-W45,581.78973
Canada,CAN,2021-W46,591.9719
Canada,CAN,2021-W47,603.5169
Canada,CAN,2021-W48,617.2635
Canada,CAN,2021-W49,626.44965
Canada,CAN,2021-W50,638.2306
Canada,CAN,2021-W51,651.086
Canada,CAN,2021-W52,655.887
Canada,CAN,2022-W01,669.4902
Canada,CAN,2022-W02,698.8523
Canada,CAN,2022-W03,735.00165
Canada,CAN,2022-W04,766.52216
Canada,CAN,2022-W05,795.3902
Canada,CAN,2022-W06,815.85864
Canada,CAN,2022-W07,826.0812
Canada,CAN,2022-W08,829.7764
Canada,CAN,2022-W09,833.2117
Canada,CAN,2022-W10,830.9779
Canada,CAN,2022-W11,829.0301
Canada,CAN,2022-W12,824.3258
Canada,CAN,2022-W13,819.8816
Canada,CAN,2022-W14,826.6715
Canada,CAN,2022-W15,832.6032
Canada,CAN,2022-W16,838.24884
Canada,CAN,2022-W17,845.81885
Canada,CAN,2022-W18,856.92554
Canada,CAN,2022-W19,874.53345
Canada,CAN,2022-W20,883.8198
Canada,CAN,2022-W21,891.9359
Canada,CAN,2022-W22,900.44214
Canada,CAN,2022-W23,909.44244
Canada,CAN,2022-W24,916.8304
Canada,CAN,2022-W25,920.81177
Canada,CAN,2022-W26,929.29193
Canada,CAN,2022-W27,937.2781
Canada,CAN,2022-W28,953.89777
Canada,CAN,2022-W29,972.2858
Canada,CAN,2022-W30,988.28143
Canada,CAN,2022-W31,1004.48505
Canada,CAN,2022-W32,1021.6769
Canada,CAN,2022-W33,1038.2186
Canada,CAN,2022-W34,1053.4601
Canada,CAN,2022-W35,1071.51
Canada,CAN,2022-W36,1085.2172
Canada,CAN,2022-W37,1100.1206
Canada,CAN,2022-W38,1118.0925
Canada,CAN,2022-W39,1138.821
Canada,CAN,2022-W40,1159.6276
Canada,CAN,2022-W41,1177.2875
Canada,CAN,2022-W42,1197.0018
Canada,CAN,2022-W43,1219.3945
Canada,CAN,2022-W44,1241.9694
Canada,CAN,2022-W45,1261.7877
Canada,CAN,2022-W46,1285.4547
Canada,CAN,2022-W47,1313.0746
Canada,CAN,2022-W48,1344.9591
Canada,CAN,2022-W49,1374.9193
Canada,CAN,2022-W50,1398.2223
Canada,CAN,2022-W51,1422.3314
Canada,CAN,2022-W52,1438.6036
Canada,CAN,2023-W01,1447.1051
Canada,CAN,2023-W02,1453.4432
Canada,CAN,2023-W03,1455.8077
Canada,CAN,2023-W04,1452.8088
Canada,CAN,2023-W05,1454.271
Canada,CAN,2023-W06,1460.0392
Canada,CAN,2023-W07,1459.3868
Canada,CAN,2023-W08,1456.259
Canada,CAN,2023-W09,1461.3827
Canada,CAN,2023-W10,1462.0453
Canada,CAN,2023-W11,1465.957
Canada,CAN,2023-W12,1467.3933
Canada,CAN,2023-W13,1471.1503
Canada,CAN,2023-W14,1472.3802
Canada,CAN,2023-W15,1477.2717
Canada,CAN,2023-W16,1480.0747
Canada,CAN,2023-W17,1487.6222
Canada,CAN,2023-W18,1490.6829
Canada,CAN,2023-W19,1496.5801
Canada,CAN,2023-W20,1499.3829
Canada,CAN,2023-W21,1500.8966
Canada,CAN,2023-W22,1511.1774
Canada,CAN,2023-W23,1511.6338
Canada,CAN,2023-W24,1519.5165
Canada,CAN,2023-W25,1528.5337
Canada,CAN,2023-W26,1534.9208
Canada,CAN,2023-W27,1539.013
Canada,CAN,2023-W28,1543.0278
Canada,CAN,2023-W29,1547.8936
Canada,CAN,2023-W30,1555.9309
Canada,CAN,2023-W31,1563.6589
Canada,CAN,2023-W32,1569.4014
Canada,CAN,2023-W33,1576.6909
Canada,CAN,2023-W34,1587.9773
Canada,CAN,2023-W35,1597.9229
Canada,CAN,2023-W36,1604.7225
Canada,CAN,2023-W37,1615.158
Canada,CAN,2023-W38,1625.5419
Canada,CAN,2023-W39,1638.0144
Canada,CAN,2023-W40,1656.8817
Canada,CAN,2023-W41,1672.629
Canada,CAN,2023-W42,1686.1587
Canada,CAN,2023-W43,1692.6748
Canada,CAN,2023-W44,1709.6855
Canada,CAN,2023-W45,1730.1516
Canada,CAN,2023-W46,1747.9875
Canada,CAN,2023-W47,1761.1047
Canada,CAN,2023-W48,1784.3813
Canada,CAN,2023-W49,1805.621
Canada,CAN,2023-W50,1824.901
Canada,CAN,2023-W51,1842.7885
Canada,CAN,2023-W52,1860.6501
Cape Verde,CPV,2020-W05,-6.865232
Cape Verde,CPV,2020-W09,-5.4921803
Cape Verde,CPV,2020-W14,-81.69624
Cape Verde,CPV,2020-W18,-71.3984
Cape Verde,CPV,2020-W22,-76.20406
Cape Verde,CPV,2020-W27,-5.148924
Cape Verde,CPV,2020-W31,2.4028208
Cape Verde,CPV,2020-W36,17.506336
Cape Verde,CPV,2020-W40,102.29194
Cape Verde,CPV,2020-W44,200.1215
Cape Verde,CPV,2020-W49,266.371
Cape Verde,CPV,2020-W53,323.69568
Cape Verde,CPV,2021-W04,298.33176
Cape Verde,CPV,2021-W08,324.86526
Cape Verde,CPV,2021-W13,335.7508
Cape Verde,CPV,2021-W17,514.00146
Cape Verde,CPV,2021-W22,626.2586
Cape Verde,CPV,2021-W26,686.1291
Cape Verde,CPV,2021-W30,727.29
Cape Verde,CPV,2021-W35,767.4304
Cape Verde,CPV,2021-W39,902.139
Cape Verde,CPV,2021-W43,913.70483
Cape Verde,CPV,2021-W48,922.8895
Cape Verde,CPV,2021-W52,969.1531
Cape Verde,CPV,2022-W05,1155.5022
Cape Verde,CPV,2022-W09,1156.1765
Cape Verde,CPV,2022-W13,1136.2832
Cape Verde,CPV,2022-W17,1130.5511
Cape Verde,CPV,2022-W22,1155.5022
Cape Verde,CPV,2022-W26,1165.6174
Cape Verde,CPV,2022-W30,1254.9691
Cape Verde,CPV,2022-W35,1262.387
Cape Verde,CPV,2022-W39,1329.8221
Cape Verde,CPV,2022-W44,1337.5773
Cape Verde,CPV,2022-W48,1344.658
Cape Verde,CPV,2022-W52,1312.6262
Chile,CHL,2020-W01,4.756401
Chile,CHL,2020-W02,11.005001
Chile,CHL,2020-W03,14.870221
Chile,CHL,2020-W04,13.04642
Chile,CHL,2020-W05,11.300337
Chile,CHL,2020-W06,14.72515
Chile,CHL,2020-W07,14.041225
Chile,CHL,2020-W08,10.507607
Chile,CHL,2020-W09,11.212258
Chile,CHL,2020-W10,11.606032
Chile,CHL,2020-W11,13.865062
Chile,CHL,2020-W12,19.657715
Chile,CHL,2020-W13,23.5333
Chile,CHL,2020-W14,29.004713
Chile,CHL,2020-W15,27.414068
Chile,CHL,2020-W16,31.978758
Chile,CHL,2020-W17,33.12382
Chile,CHL,2020-W18,34.009823
Chile,CHL,2020-W19,49.38781
Chile,CHL,2020-W20,65.48081
Chile,CHL,2020-W21,100.10719
Chile,CHL,2020-W22,156.97673
Chile,CHL,2020-W23,234.55576
Chile,CHL,2020-W24,311.22806
Chile,CHL,2020-W25,374.36694
Chile,CHL,2020-W26,425.57333
Chile,CHL,2020-W27,456.23605
Chile,CHL,2020-W28,483.09055
Chile,CHL,2020-W29,498.7017
Chile,CHL,2020-W30,511.12634
Chile,CHL,2020-W31,522.58215
Chile,CHL,2020-W32,530.411
Chile,CHL,2020-W33,535.4783
Chile,CHL,2020-W34,550.18274
Chile,CHL,2020-W35,562.3639
Chile,CHL,2020-W36,567.2239
Chile,CHL,2020-W37,575.5968
Chile,CHL,2020-W38,580.70557
Chile,CHL,2020-W39,588.7935
Chile,CHL,2020-W40,598.2804
Chile,CHL,2020-W41,614.0729
Chile,CHL,2020-W42,626.3939
Chile,CHL,2020-W43,639.72534
Chile,CHL,2020-W44,651.9686
Chile,CHL,2020-W45,662.6835
Chile,CHL,2020-W46,669.8129
Chile,CHL,2020-W47,678.0408
Chile,CHL,2020-W48,689.5069
Chile,CHL,2020-W49,702.087
Chile,CHL,2020-W50,713.8796
Chile,CHL,2020-W51,724.8949
Chile,CHL,2020-W52,750.5577
Chile,CHL,2020-W53,769.00226
Chile,CHL,2021-W01,789.0503
Chile,CHL,2021-W02,813.28955
Chile,CHL,2021-W03,848.40436
Chile,CHL,2021-W04,875.3779
Chile,CHL,2021-W05,905.9681
Chile,CHL,2021-W06,933.97784
Chile,CHL,2021-W07,961.9774
Chile,CHL,2021-W08,993.00366
Chile,CHL,2021-W09,1031.7095
Chile,CHL,2021-W10,1069.851
Chile,CHL,2021-W11,1102.1957
Chile,CHL,2021-W12,1143.7384
Chile,CHL,2021-W13,1188.1027
Chile,CHL,2021-W14,1231.2202
Chile,CHL,2021-W15,1273.5068
Chile,CHL,2021-W16,1305.8771
Chile,CHL,2021-W17,1340.6584
Chile,CHL,2021-W18,1372.9261
Chile,CHL,2021-W19,1408.159
Chile,CHL,2021-W20,1447.8396
Chile,CHL,2021-W21,1487.9203
Chile,CHL,2021-W22,1523.1377
Chile,CHL,2021-W23,1558.9604
Chile,CHL,2021-W24,1592.09
Chile,CHL,2021-W25,1625.2554
Chile,CHL,2021-W26,1664.1562
Chile,CHL,2021-W27,1695.285
Chile,CHL,2021-W28,1724.0284
Chile,CHL,2021-W29,1740.4598
Chile,CHL,2021-W30,1753.4797
Chile,CHL,2021-W31,1762.3033
Chile,CHL,2021-W32,1773.9485
Chile,CHL,2021-W33,1786.558
Chile,CHL,2021-W34,1787.3685
Chile,CHL,2021-W35,1790.4465
Chile,CHL,2021-W36,1793.6682
Chile,CHL,2021-W37,1799.4395
Chile,CHL,2021-W38,1800.6449
Chile,CHL,2021-W39,1800.8501
Chile,CHL,2021-W40,1807.8269
Chile,CHL,2021-W41,1820.0261
Chile,CHL,2021-W42,1826.1719
Chile,CHL,2021-W43,1842.9623
Chile,CHL,2021-W44,1852.4683
Chile,CHL,2021-W45,1869.4382
Chile,CHL,2021-W46,1887.1111
Chile,CHL,2021-W47,1904.6968
Chile,CHL,2021-W48,1931.7472
Chile,CHL,2021-W49,1953.6934
Chile,CHL,2021-W50,1975.8292
Chile,CHL,2021-W51,1999.8633
Chile,CHL,2021-W52,2018.0339
Chile,CHL,2022-W01,2037.9637
Chile,CHL,2022-W02,2062.8774
Chile,CHL,2022-W03,2081.5676
Chile,CHL,2022-W04,2112.0059
Chile,CHL,2022-W05,2154.814
Chile,CHL,2022-W06,2207.911
Chile,CHL,2022-W07,2271.71
Chile,CHL,2022-W08,2334.336
Chile,CHL,2022-W09,2393.6306
Chile,CHL,2022-W10,2441.04
Chile,CHL,2022-W11,2478.0942
Chile,CHL,2022-W12,2508.277
Chile,CHL,2022-W13,2532.849
Chile,CHL,2022-W14,2554.447
Chile,CHL,2022-W15,2561.7517
Chile,CHL,2022-W16,2579.7534
Chile,CHL,2022-W17,2587.2468
Chile,CHL,2022-W18,2602.8
Chile,CHL,2022-W19,2623.393
Chile,CHL,2022-W20,2638.8186
Chile,CHL,2022-W21,2645.5623
Chile,CHL,2022-W22,2672.4143
Chile,CHL,2022-W23,2687.7786
Chile,CHL,2022-W24,2703.3726
Chile,CHL,2022-W25,2715.2786
Chile,CHL,2022-W26,2729.8777
Chile,CHL,2022-W27,2753.3274
Chile,CHL,2022-W28,2780.8323
Chile,CHL,2022-W29,2806.0417
Chile,CHL,2022-W30,2813.5762
Chile,CHL,2022-W31,2819.9983
Chile,CHL,2022-W32,2831.6235
Chile,CHL,2022-W33,2848.493
Chile,CHL,2022-W34,2861.2302
Chile,CHL,2022-W35,2876.4773
Chile,CHL,2022-W36,2884.0625
Chile,CHL,2022-W37,2895.4585
Chile,CHL,2022-W38,2909.1497
Chile,CHL,2022-W39,2915.317
Chile,CHL,2022-W40,2923.5244
Chile,CHL,2022-W41,2932.181
Chile,CHL,2022-W42,2942.3677
Chile,CHL,2022-W43,2955.0286
Chile,CHL,2022-W44,2976.5144
Chile,CHL,2022-W45,2993.7917
Chile,CHL,2022-W46,3014.9304
Chile,CHL,2022-W47,3040.5735
Chile,CHL,2022-W48,3054.0505
Chile,CHL,2022-W49,3079.0305
Chile,CHL,2022-W50,3103.995
Chile,CHL,2022-W51,3120.594
Chile,CHL,2022-W52,3139.0115
Chile,CHL,2023-W01,3152.491
Chile,CHL,2023-W02,3162.6492
Chile,CHL,2023-W03,3174.1318
Chile,CHL,2023-W04,3179.6643
Chile,CHL,2023-W05,3186.6997
Chile,CHL,2023-W06,3201.9268
Chile,CHL,2023-W07,3207.3064
Chile,CHL,2023-W08,3210.3936
Chile,CHL,2023-W09,3224.4744
Chile,CHL,2023-W10,3235.1929
Chile,CHL,2023-W11,3246.8284
Chile,CHL,2023-W12,3260.155
Chile,CHL,2023-W13,3266.8594
Chile,CHL,2023-W14,3270.4966
Chile,CHL,2023-W15,3272.3867
Chile,CHL,2023-W16,3281.2966
Chile,CHL,2023-W17,3288.7292
Chile,CHL,2023-W18,3294.7356
Chile,CHL,2023-W19,3310.8132
Chile,CHL,2023-W20,3323.8752
Chile,CHL,2023-W21,3329.1274
Chile,CHL,2023-W22,3338.4197
Chile,CHL,2023-W23,3337.9153
Chile,CHL,2023-W24,3338.2515
Chile,CHL,2023-W25,3337.6096
Chile,CHL,2023-W26,3327.8845
Chile,CHL,2023-W27,3321.2925
Chile,CHL,2023-W28,3322.571
Chile,CHL,2023-W29,3316.7178
Chile,CHL,2023-W30,3307.935
Chile,CHL,2023-W31,3296.6714
Chile,CHL,2023-W32,3292.438
Chile,CHL,2023-W33,3290.6855
Chile,CHL,2023-W34,3283.1255
Chile,CHL,2023-W35,3288.011
Chile,CHL,2023-W36,3286.2075
Chile,CHL,2023-W37,3289.6921
Chile,CHL,2023-W38,3292.769
Chile,CHL,2023-W39,3302.4941
Chile,CHL,2023-W40,3305.8513
Chile,CHL,2023-W41,3314.8481
Chile,CHL,2023-W42,3323.488
Chile,CHL,2023-W43,3327.263
Chile,CHL,2023-W44,3338.8323
Chile,CHL,2023-W45,3350.7327
Chile,CHL,2023-W46,3360.0247
Chile,CHL,2023-W47,3371.976
Chile,CHL,2023-W48,3379.5718
Chile,CHL,2023-W49,3390.4534
Chile,CHL,2023-W50,3392.8171
Chile,CHL,2023-W51,3403.892
Chile,CHL,2023-W52,3417.754
Colombia,COL,2020-W01,-1.6669705
Colombia,COL,2020-W02,1.5314941
Colombia,COL,2020-W03,2.157834
Colombia,COL,2020-W04,2.5799766
Colombia,COL,2020-W05,2.3698833
Colombia,COL,2020-W06,5.387716
Colombia,COL,2020-W07,8.880698
Colombia,COL,2020-W08,12.32263
Colombia,COL,2020-W09,11.814097
Colombia,COL,2020-W10,10.547669
Colombia,COL,2020-W11,6.834776
Colombia,COL,2020-W12,5.1560225
Colombia,COL,2020-W13,-0.18260698
Colombia,COL,2020-W14,-7.696749
Colombia,COL,2020-W15,-13.706883
Colombia,COL,2020-W16,-17.781052
Colombia,COL,2020-W17,-22.29111
Colombia,COL,2020-W18,-29.137676
Colombia,COL,2020-W19,-33.12152
Colombia,COL,2020-W20,-37.553043
Colombia,COL,2020-W21,-38.933346
Colombia,COL,2020-W22,-39.598957
Colombia,COL,2020-W23,-33.172573
Colombia,COL,2020-W24,-22.245953
Colombia,COL,2020-W25,-3.4890807
Colombia,COL,2020-W26,21.05998
Colombia,COL,2020-W27,48.785915
Colombia,COL,2020-W28,86.74537
Colombia,COL,2020-W29,138.0995
Colombia,COL,2020-W30,199.48297
Colombia,COL,2020-W31,267.26727
Colombia,COL,2020-W32,329.4597
Colombia,COL,2020-W33,387.8862
Colombia,COL,2020-W34,437.78345
Colombia,COL,2020-W35,480.45126
Colombia,COL,2020-W36,518.70526
Colombia,COL,2020-W37,553.9905
Colombia,COL,2020-W38,585.39984
Colombia,COL,2020-W39,617.32367
Colombia,COL,2020-W40,645.3716
Colombia,COL,2020-W41,676.16833
Colombia,COL,2020-W42,707.2714
Colombia,COL,2020-W43,742.3407
Colombia,COL,2020-W44,770.75775
Colombia,COL,2020-W45,802.30066
Colombia,COL,2020-W46,831.08685
Colombia,COL,2020-W47,861.4752
Colombia,COL,2020-W48,891.7222
Colombia,COL,2020-W49,918.0816
Colombia,COL,2020-W50,952.90344
Colombia,COL,2020-W51,988.06305
Colombia,COL,2020-W52,1030.1144
Colombia,COL,2020-W53,1072.4727
Colombia,COL,2021-W01,1127.4626
Colombia,COL,2021-W02,1196.0367
Colombia,COL,2021-W03,1264.9602
Colombia,COL,2021-W04,1320.5598
Colombia,COL,2021-W05,1365.6735
Colombia,COL,2021-W06,1398.2358
Colombia,COL,2021-W07,1423.3481
Colombia,COL,2021-W08,1441.7714
Colombia,COL,2021-W09,1459.55
Colombia,COL,2021-W10,1471.5714
Colombia,COL,2021-W11,1488.4146
Colombia,COL,2021-W12,1513.3251
Colombia,COL,2021-W13,1548.4574
Colombia,COL,2021-W14,1598.1521
Colombia,COL,2021-W15,1672.2972
Colombia,COL,2021-W16,1753.2673
Colombia,COL,2021-W17,1833.7094
Colombia,COL,2021-W18,1915.1415
Colombia,COL,2021-W19,1997.6954
Colombia,COL,2021-W20,2078.953
Colombia,COL,2021-W21,2165.828
Colombia,COL,2021-W22,2261.931
Colombia,COL,2021-W23,2363.24
Colombia,COL,2021-W24,2472.1816
Colombia,COL,2021-W25,2581.1973
Colombia,COL,2021-W26,2685.612
Colombia,COL,2021-W27,2777.0178
Colombia,COL,2021-W28,2853.0146
Colombia,COL,2021-W29,2908.9636
Colombia,COL,2021-W30,2955.3972
Colombia,COL,2021-W31,2986.2437
Colombia,COL,2021-W32,3005.952
Colombia,COL,2021-W33,3022.2283
Colombia,COL,2021-W34,3034.1487
Colombia,COL,2021-W35,3040.8823
Colombia,COL,2021-W36,3047.0376
Colombia,COL,2021-W37,3052.4902
Colombia,COL,2021-W38,3061.2544
Colombia,COL,2021-W39,3068.2366
Colombia,COL,2021-W40,3076.7446
Colombia,COL,2021-W41,3083.1367
Colombia,COL,2021-W42,3088.609
Colombia,COL,2021-W43,3096.3713
Colombia,COL,2021-W44,3103.4001
Colombia,COL,2021-W45,3113.2087
Colombia,COL,2021-W46,3122.8347
Colombia,COL,2021-W47,3131.7346
Colombia,COL,2021-W48,3144.0278
Colombia,COL,2021-W49,3155.8745
Colombia,COL,2021-W50,3165.2754
Colombia,COL,2021-W51,3181.7847
Colombia,COL,2021-W52,3174.2493
Colombia,COL,2022-W01,3194.8125
Colombia,COL,2022-W02,3232.6252
Colombia,COL,2022-W03,3285.86
Colombia,COL,2022-W04,3349.1306
Colombia,COL,2022-W05,3404.166
Colombia,COL,2022-W06,3444.057
Colombia,COL,2022-W07,3469.6477
Colombia,COL,2022-W08,3482.523
Colombia,COL,2022-W09,3489.65
Colombia,COL,2022-W10,3493.7002
Colombia,COL,2022-W11,3495.0208
Colombia,COL,2022-W12,3497.3938
Colombia,COL,2022-W13,3497.8506
Colombia,COL,2022-W14,3499.4102
Colombia,COL,2022-W15,3498.7837
Colombia,COL,2022-W16,3502.1785
Colombia,COL,2022-W17,3504.432
Colombia,COL,2022-W18,3510.0784
Colombia,COL,2022-W19,3514.0051
Colombia,COL,2022-W20,3514.8706
Colombia,COL,2022-W21,3517.479
Colombia,COL,2022-W22,3522.524
Colombia,COL,2022-W23,3527.3606
Colombia,COL,2022-W24,3533.7434
Colombia,COL,2022-W25,3539.7559
Colombia,COL,2022-W26,3554.0579
Colombia,COL,2022-W27,3570.3801
Colombia,COL,2022-W28,3587.1497
Colombia,COL,2022-W29,3595.7686
Colombia,COL,2022-W30,3607.2944
Colombia,COL,2022-W31,3614.7722
Colombia,COL,2022-W32,3620.1333
Colombia,COL,2022-W33,3622.3174
Colombia,COL,2022-W34,3628.0217
Colombia,COL,2022-W35,3634.1655
Colombia,COL,2022-W36,3638.9443
Colombia,COL,2022-W37,3639.5168
Colombia,COL,2022-W38,3638.8672
Colombia,COL,2022-W39,3640.072
Colombia,COL,2022-W40,3642.5222
Colombia,COL,2022-W41,3645.4543
Colombia,COL,2022-W42,3650.056
Colombia,COL,2022-W43,3653.809
Colombia,COL,2022-W44,3655.523
Colombia,COL,2022-W45,3655.891
Colombia,COL,2022-W46,3657.8708
Colombia,COL,2022-W47,3664.5466
Colombia,COL,2022-W48,3668.9053
Colombia,COL,2022-W49,3673.5532
Colombia,COL,2022-W50,3678.336
Colombia,COL,2022-W51,3685.9177
Colombia,COL,2022-W52,3678.6038
Colombia,COL,2023-W01,3674.0632
Colombia,COL,2023-W02,3674.0498
Colombia,COL,2023-W03,3673.4219
Colombia,COL,2023-W04,3674.8984
Colombia,COL,2023-W05,3673.7407
Colombia,COL,2023-W06,3674.3762
Colombia,COL,2023-W07,3674.3435
Colombia,COL,2023-W08,3676.3728
Colombia,COL,2023-W09,3679.7424
Colombia,COL,2023-W10,3678.1084
Colombia,COL,2023-W11,3677.519
Colombia,COL,2023-W12,3680.1475
Colombia,COL,2023-W13,3681.4817
Costa Rica,CRI,2020-W05,-24.555422
Costa Rica,CRI,2020-W09,-8.978927
Costa Rica,CRI,2020-W14,-9.447373
Costa Rica,CRI,2020-W18,-50.906593
Costa Rica,CRI,2020-W22,-95.410835
Costa Rica,CRI,2020-W27,-143.81895
Costa Rica,CRI,2020-W31,-153.38347
Costa Rica,CRI,2020-W36,-117.858154
Costa Rica,CRI,2020-W40,-32.98777
Costa Rica,CRI,2020-W44,35.095924
Costa Rica,CRI,2020-W49,83.85541
Costa Rica,CRI,2020-W53,176.53355
Costa Rica,CRI,2021-W04,252.5244
Costa Rica,CRI,2021-W08,278.4656
Costa Rica,CRI,2021-W13,306.3083
Costa Rica,CRI,2021-W17,349.673
Costa Rica,CRI,2021-W22,516.3216
Costa Rica,CRI,2021-W26,607.10614
Costa Rica,CRI,2021-W30,670.7271
Costa Rica,CRI,2021-W35,779.9441
Costa Rica,CRI,2021-W39,981.6725
Costa Rica,CRI,2021-W43,1126.7455
Costa Rica,CRI,2021-W48,1155.9851
Costa Rica,CRI,2021-W52,1147.7778
Costa Rica,CRI,2022-W05,1173.2855
Costa Rica,CRI,2022-W09,1267.5946
Costa Rica,CRI,2022-W13,1307.4337
Costa Rica,CRI,2022-W17,1302.2994
Costa Rica,CRI,2022-W22,1348.5853
Costa Rica,CRI,2022-W26,1400.6619
Costa Rica,CRI,2022-W30,1465.0917
Costa Rica,CRI,2022-W35,1502.1127
Costa Rica,CRI,2022-W39,1530.9884
Costa Rica,CRI,2022-W44,1534.9646
Costa Rica,CRI,2022-W48,1540.871
Costa Rica,CRI,2022-W52,1545.6193
Costa Rica,CRI,2023-W05,1557.2377
Costa Rica,CRI,2023-W09,1566.9458
Costa Rica,CRI,2023-W13,1595.993
Costa Rica,CRI,2023-W17,1616.215
Costa Rica,CRI,2023-W22,1627.1125
Costa Rica,CRI,2023-W26,1662.7598
Costa Rica,CRI,2023-W31,1731.4067
Costa Rica,CRI,2023-W35,1755.3507
Costa Rica,CRI,2023-W39,1773.6924
Costa Rica,CRI,2023-W44,1801.8188
Costa Rica,CRI,2023-W48,1821.5035
Costa Rica,CRI,2023-W52,1839.8452
Croatia,HRV,2020-W01,-37.516415
Croatia,HRV,2020-W02,-81.7697
Croatia,HRV,2020-W03,-134.51726
Croatia,HRV,2020-W04,-153.77586
Croatia,HRV,2020-W05,-173.27855
Croatia,HRV,2020-W06,-192.83005
Croatia,HRV,2020-W07,-199.44484
Croatia,HRV,2020-W08,-211.62486
Croatia,HRV,2020-W09,-229.95592
Croatia,HRV,2020-W10,-242.42885
Croatia,HRV,2020-W11,-239.71947
Croatia,HRV,2020-W12,-227.24654
Croatia,HRV,2020-W13,-201.4952
Croatia,HRV,2020-W14,-204.74158
Croatia,HRV,2020-W15,-198.32205
Croatia,HRV,2020-W16,-189.46164
Croatia,HRV,2020-W17,-219.80185
Croatia,HRV,2020-W18,-229.44336
Croatia,HRV,2020-W19,-240.93993
Croatia,HRV,2020-W20,-243.89339
Croatia,HRV,2020-W21,-248.79958
Croatia,HRV,2020-W22,-263.42047
Croatia,HRV,2020-W23,-252.80263
Croatia,HRV,2020-W24,-238.32817
Croatia,HRV,2020-W25,-241.1352
Croatia,HRV,2020-W26,-232.47005
Croatia,HRV,2020-W27,-222.82854
Croatia,HRV,2020-W28,-225.09857
Croatia,HRV,2020-W29,-236.35104
Croatia,HRV,2020-W30,-234.42274
Croatia,HRV,2020-W31,-205.44942
Croatia,HRV,2020-W32,-200.68968
Croatia,HRV,2020-W33,-198.27321
Croatia,HRV,2020-W34,-189.02223
Croatia,HRV,2020-W35,-169.95892
Croatia,HRV,2020-W36,-153.92229
Croatia,HRV,2020-W37,-124.16788
Croatia,HRV,2020-W38,-108.13125
Croatia,HRV,2020-W39,-98.58739
Croatia,HRV,2020-W40,-68.10071
Croatia,HRV,2020-W41,-63.877975
Croatia,HRV,2020-W42,-22.065592
Croatia,HRV,2020-W43,26.776545
Croatia,HRV,2020-W44,79.08474
Croatia,HRV,2020-W45,160.24422
Croatia,HRV,2020-W46,258.14816
Croatia,HRV,2020-W47,393.34888
Croatia,HRV,2020-W48,522.7891
Croatia,HRV,2020-W49,699.1432
Croatia,HRV,2020-W50,878.86566
Croatia,HRV,2020-W51,1063.8605
Croatia,HRV,2020-W52,1209.5082
Croatia,HRV,2020-W53,1329.2402
Croatia,HRV,2021-W01,1368.229
Croatia,HRV,2021-W02,1398.9423
Croatia,HRV,2021-W03,1419.114
Croatia,HRV,2021-W04,1428.0052
Croatia,HRV,2021-W05,1435.6652
Croatia,HRV,2021-W06,1442.2905
Croatia,HRV,2021-W07,1443.4974
Croatia,HRV,2021-W08,1445.2461
Croatia,HRV,2021-W09,1430.4436
Croatia,HRV,2021-W10,1424.5079
Croatia,HRV,2021-W11,1413.9418
Croatia,HRV,2021-W12,1439.0886
Croatia,HRV,2021-W13,1492.6582
Croatia,HRV,2021-W14,1555.3901
Croatia,HRV,2021-W15,1634.0327
Croatia,HRV,2021-W16,1726.468
Croatia,HRV,2021-W17,1813.8296
Croatia,HRV,2021-W18,1888.0881
Croatia,HRV,2021-W19,1970.0803
Croatia,HRV,2021-W20,2016.6058
Croatia,HRV,2021-W21,2048.1072
Croatia,HRV,2021-W22,2107.982
Croatia,HRV,2021-W23,2140.8628
Croatia,HRV,2021-W24,2169.0144
Croatia,HRV,2021-W25,2223.569
Croatia,HRV,2021-W26,2246.1055
Croatia,HRV,2021-W27,2265.1934
Croatia,HRV,2021-W28,2280.6362
Croatia,HRV,2021-W29,2275.4395
Croatia,HRV,2021-W30,2300.537
Croatia,HRV,2021-W31,2304.4038
Croatia,HRV,2021-W32,2335.807
Croatia,HRV,2021-W33,2356.4712
Croatia,HRV,2021-W34,2376.8892
Croatia,HRV,2021-W35,2414.8435
Croatia,HRV,2021-W36,2470.679
Croatia,HRV,2021-W37,2528.5342
Croatia,HRV,2021-W38,2571.5623
Croatia,HRV,2021-W39,2617.8906
Croatia,HRV,2021-W40,2657.2737
Croatia,HRV,2021-W41,2702.42
Croatia,HRV,2021-W42,2776.1365
Croatia,HRV,2021-W43,2873.2021
Croatia,HRV,2021-W44,2988.2966
Croatia,HRV,2021-W45,3132.75
Croatia,HRV,2021-W46,3283.7546
Croatia,HRV,2021-W47,3478.797
Croatia,HRV,2021-W48,3648.3235
Croatia,HRV,2021-W49,3791.7915
Croatia,HRV,2021-W50,3919.9397
Croatia,HRV,2021-W51,4037.3987
Croatia,HRV,2021-W52,4167.3936
Croatia,HRV,2022-W01,4226.5444
Croatia,HRV,2022-W02,4272.1484
Croatia,HRV,2022-W03,4330.2075
Croatia,HRV,2022-W04,4417.098
Croatia,HRV,2022-W05,4528.056
Croatia,HRV,2022-W06,4600.01
Croatia,HRV,2022-W07,4678.4146
Croatia,HRV,2022-W08,4716.178
Croatia,HRV,2022-W09,4748.433
Croatia,HRV,2022-W10,4757.614
Croatia,HRV,2022-W11,4787.189
Croatia,HRV,2022-W12,4801.3813
Croatia,HRV,2022-W13,4824.605
Croatia,HRV,2022-W14,4840.1865
Croatia,HRV,2022-W15,4870.804
Croatia,HRV,2022-W16,4898.1963
Croatia,HRV,2022-W17,4901.8687
Croatia,HRV,2022-W18,4924.348
Croatia,HRV,2022-W19,4949.656
Croatia,HRV,2022-W20,4939.483
Croatia,HRV,2022-W21,4936.0093
Croatia,HRV,2022-W22,4943.999
Croatia,HRV,2022-W23,4951.8394
Croatia,HRV,2022-W24,4943.0063
Croatia,HRV,2022-W25,4967.2227
Croatia,HRV,2022-W26,5000.619
Croatia,HRV,2022-W27,5031.286
Croatia,HRV,2022-W28,5038.68
Croatia,HRV,2022-W29,5086.3184
Croatia,HRV,2022-W30,5124.777
Croatia,HRV,2022-W31,5162.937
Croatia,HRV,2022-W32,5179.4614
Croatia,HRV,2022-W33,5193.8525
Croatia,HRV,2022-W34,5233.7993
Croatia,HRV,2022-W35,5252.4575
Croatia,HRV,2022-W36,5282.43
Croatia,HRV,2022-W37,5292.6025
Croatia,HRV,2022-W38,5297.019
Croatia,HRV,2022-W39,5338.7524
Croatia,HRV,2022-W40,5363.564
Croatia,HRV,2022-W41,5377.806
Croatia,HRV,2022-W42,5394.7773
Croatia,HRV,2022-W43,5411.4507
Croatia,HRV,2022-W44,5422.4673
Croatia,HRV,2022-W45,5441.4727
Croatia,HRV,2022-W46,5448.966
Croatia,HRV,2022-W47,5478.2437
Croatia,HRV,2022-W48,5501.666
Croatia,HRV,2022-W49,5529.852
Croatia,HRV,2022-W50,5558.733
Croatia,HRV,2022-W51,5616.296
Croatia,HRV,2022-W52,5698.6016
Croatia,HRV,2023-W01,5724.396
Croatia,HRV,2023-W02,5709.129
Croatia,HRV,2023-W03,5688.1743
Croatia,HRV,2023-W04,5668.267
Croatia,HRV,2023-W05,5662.08
Croatia,HRV,2023-W06,5652.1016
Croatia,HRV,2023-W07,5656.5923
Croatia,HRV,2023-W08,5659.386
Croatia,HRV,2023-W09,5635.687
Croatia,HRV,2023-W10,5604.5044
Croatia,HRV,2023-W11,5577.363
Croatia,HRV,2023-W12,5565.4385
Croatia,HRV,2023-W13,5548.375
Croatia,HRV,2023-W14,5540.8413
Croatia,HRV,2023-W15,5546.928
Croatia,HRV,2023-W16,5562.744
Croatia,HRV,2023-W17,5556.707
Croatia,HRV,2023-W18,5563.343
Croatia,HRV,2023-W19,5559.601
Croatia,HRV,2023-W20,5560.848
Croatia,HRV,2023-W21,5567.085
Croatia,HRV,2023-W22,5571.625
Croatia,HRV,2023-W23,5567.5337
Croatia,HRV,2023-W24,5548.176
Croatia,HRV,2023-W25,5570.777
Croatia,HRV,2023-W26,5576.664
Croatia,HRV,2023-W27,5566.586
Croatia,HRV,2023-W28,5572.2734
Croatia,HRV,2023-W29,5588.7383
Croatia,HRV,2023-W30,5581.2544
Croatia,HRV,2023-W31,5585.196
Croatia,HRV,2023-W32,5561.1475
Croatia,HRV,2023-W33,5586.3433
Croatia,HRV,2023-W34,5612.7866
Croatia,HRV,2023-W35,5620.3203
Croatia,HRV,2023-W36,5639.7285
Croatia,HRV,2023-W37,5639.479
Croatia,HRV,2023-W38,5648.16
Croatia,HRV,2023-W39,5649.4575
Croatia,HRV,2023-W40,5656.193
Croatia,HRV,2023-W41,5654.0474
Croatia,HRV,2023-W42,5666.87
Croatia,HRV,2023-W43,5679.1436
Croatia,HRV,2023-W44,5681.4883
Croatia,HRV,2023-W45,5670.6616
Croatia,HRV,2023-W46,5679.942
Croatia,HRV,2023-W47,5693.662
Croatia,HRV,2023-W48,5721.452
Croatia,HRV,2023-W49,5765.5073
Croatia,HRV,2023-W50,5795.7925
Croatia,HRV,2023-W51,5850.1753
Croatia,HRV,2023-W52,5874.8223
Cuba,CUB,2020-W05,-3.389155
Cuba,CUB,2020-W09,-1.3626962
Cuba,CUB,2020-W14,65.40311
Cuba,CUB,2020-W18,113.21431
Cuba,CUB,2020-W22,72.32305
Cuba,CUB,2020-W27,31.537918
Cuba,CUB,2020-W31,-20.485466
Cuba,CUB,2020-W36,-29.30795
Cuba,CUB,2020-W40,-82.676315
Cuba,CUB,2020-W44,-100.22389
Cuba,CUB,2020-W49,-83.331085
Cuba,CUB,2020-W53,44.70532
Cuba,CUB,2021-W04,204.46204
Cuba,CUB,2021-W08,325.68225
Cuba,CUB,2021-W13,425.901
Cuba,CUB,2021-W17,544.0474
Cuba,CUB,2021-W22,661.803
Cuba,CUB,2021-W26,772.4692
Cuba,CUB,2021-W30,1515.3994
Cuba,CUB,2021-W35,3198.8813
Cuba,CUB,2021-W39,4421.1665
Cuba,CUB,2021-W43,4695.8823
Cuba,CUB,2021-W48,4742.656
Cuba,CUB,2021-W52,4768.4634
Cuba,CUB,2022-W05,4942.082
Cuba,CUB,2022-W09,5019.0693
Cuba,CUB,2022-W13,4971.514
Cuba,CUB,2022-W17,4959.884
Cuba,CUB,2022-W22,4897.7373
Cuba,CUB,2022-W26,4881.3623
Cuba,CUB,2022-W30,4953.9976
Cuba,CUB,2022-W35,5014.699
Cuba,CUB,2022-W39,5028.5415
Cuba,CUB,2022-W44,5038.0845
Cuba,CUB,2022-W48,5010.7217
Cuba,CUB,2022-W52,5058.7227
Cuba,CUB,2023-W05,5077.2495
Cuba,CUB,2023-W09,4977.45
Cuba,CUB,2023-W13,4938.538
Cuba,CUB,2023-W17,4890.675
Cuba,CUB,2023-W22,4877.1685
Cuba,CUB,2023-W26,4916.563
Cuba,CUB,2023-W31,4928.712
Cuba,CUB,2023-W35,4907.469
Cuba,CUB,2023-W39,4858.32
Cuba,CUB,2023-W44,4841.4897
Cuba,CUB,2023-W48,4808.42
Cuba,CUB,2023-W52,4898.268
Cyprus,CYP,2020-W01,12.201631
Cyprus,CYP,2020-W02,18.74688
Cyprus,CYP,2020-W03,32.24139
Cyprus,CYP,2020-W04,36.362473
Cyprus,CYP,2020-W05,46.947994
Cyprus,CYP,2020-W06,35.06959
Cyprus,CYP,2020-W07,10.747142
Cyprus,CYP,2020-W08,17.615606
Cyprus,CYP,2020-W09,18.504473
Cyprus,CYP,2020-W10,8.727005
Cyprus,CYP,2020-W11,9.131033
Cyprus,CYP,2020-W12,17.29239
Cyprus,CYP,2020-W13,33.37268
Cyprus,CYP,2020-W14,38.30181
Cyprus,CYP,2020-W15,32.079792
Cyprus,CYP,2020-W16,33.453484
Cyprus,CYP,2020-W17,27.877905
Cyprus,CYP,2020-W18,27.635487
Cyprus,CYP,2020-W19,29.170792
Cyprus,CYP,2020-W20,58.341564
Cyprus,CYP,2020-W21,116.11748
Cyprus,CYP,2020-W22,116.35989
Cyprus,CYP,2020-W23,135.51079
Cyprus,CYP,2020-W24,131.71294
Cyprus,CYP,2020-W25,121.61225
Cyprus,CYP,2020-W26,121.20822
Cyprus,CYP,2020-W27,127.75346
Cyprus,CYP,2020-W28,119.59211
Cyprus,CYP,2020-W29,120.48097
Cyprus,CYP,2020-W30,128.96555
Cyprus,CYP,2020-W31,135.51079
Cyprus,CYP,2020-W32,117.65278
Cyprus,CYP,2020-W33,119.99614
Cyprus,CYP,2020-W34,121.046616
Cyprus,CYP,2020-W35,118.38003
Cyprus,CYP,2020-W36,111.834785
Cyprus,CYP,2020-W37,122.905136
Cyprus,CYP,2020-W38,122.01627
Cyprus,CYP,2020-W39,121.289024
Cyprus,CYP,2020-W40,128.64232
Cyprus,CYP,2020-W41,129.53119
Cyprus,CYP,2020-W42,130.90488
Cyprus,CYP,2020-W43,139.38945
Cyprus,CYP,2020-W44,139.79347
Cyprus,CYP,2020-W45,148.43965
Cyprus,CYP,2020-W46,154.17685
Cyprus,CYP,2020-W47,156.84343
Cyprus,CYP,2020-W48,168.237
Cyprus,CYP,2020-W49,183.50923
Cyprus,CYP,2020-W50,212.68001
Cyprus,CYP,2020-W51,228.11386
Cyprus,CYP,2020-W52,238.86098
Cyprus,CYP,2020-W53,269.9742
Cyprus,CYP,2021-W01,294.97034
Cyprus,CYP,2021-W02,277.36856
Cyprus,CYP,2021-W03,273.9125
Cyprus,CYP,2021-W04,283.6377
Cyprus,CYP,2021-W05,286.12927
Cyprus,CYP,2021-W06,249.39865
Cyprus,CYP,2021-W07,246.10333
Cyprus,CYP,2021-W08,241.6828
Cyprus,CYP,2021-W09,226.49223
Cyprus,CYP,2021-W10,218.37451
Cyprus,CYP,2021-W11,222.79504
Cyprus,CYP,2021-W12,220.46423
Cyprus,CYP,2021-W13,234.04733
Cyprus,CYP,2021-W14,253.41731
Cyprus,CYP,2021-W15,289.82645
Cyprus,CYP,2021-W16,311.28616
Cyprus,CYP,2021-W17,328.24493
Cyprus,CYP,2021-W18,353.7233
Cyprus,CYP,2021-W19,355.2504
Cyprus,CYP,2021-W20,351.3121
Cyprus,CYP,2021-W21,355.73264
Cyprus,CYP,2021-W22,363.20737
Cyprus,CYP,2021-W23,369.3961
Cyprus,CYP,2021-W24,381.69324
Cyprus,CYP,2021-W25,378.88016
Cyprus,CYP,2021-W26,403.39404
Cyprus,CYP,2021-W27,423.56775
Cyprus,CYP,2021-W28,439.56207
Cyprus,CYP,2021-W29,475.0067
Cyprus,CYP,2021-W30,519.61395
Cyprus,CYP,2021-W31,571.1333
Cyprus,CYP,2021-W32,615.2583
Cyprus,CYP,2021-W33,643.3086
Cyprus,CYP,2021-W34,676.5028
Cyprus,CYP,2021-W35,701.1774
Cyprus,CYP,2021-W36,718.7792
Cyprus,CYP,2021-W37,734.61273
Cyprus,CYP,2021-W38,747.39215
Cyprus,CYP,2021-W39,765.15466
Cyprus,CYP,2021-W40,776.4873
Cyprus,CYP,2021-W41,795.0535
Cyprus,CYP,2021-W42,806.8684
Cyprus,CYP,2021-W43,813.70013
Cyprus,CYP,2021-W44,805.2609
Cyprus,CYP,2021-W45,828.3281
Cyprus,CYP,2021-W46,861.3616
Cyprus,CYP,2021-W47,883.3035
Cyprus,CYP,2021-W48,907.4959
Cyprus,CYP,2021-W49,924.29395
Cyprus,CYP,2021-W50,961.34607
Cyprus,CYP,2021-W51,973.4824
Cyprus,CYP,2021-W52,1011.19305
Cyprus,CYP,2022-W01,1052.8234
Cyprus,CYP,2022-W02,1070.4823
Cyprus,CYP,2022-W03,1121.3816
Cyprus,CYP,2022-W04,1139.8395
Cyprus,CYP,2022-W05,1173.4794
Cyprus,CYP,2022-W06,1188.1019
Cyprus,CYP,2022-W07,1209.5963
Cyprus,CYP,2022-W08,1237.1633
Cyprus,CYP,2022-W09,1239.6404
Cyprus,CYP,2022-W10,1249.149
Cyprus,CYP,2022-W11,1271.9219
Cyprus,CYP,2022-W12,1315.9493
Cyprus,CYP,2022-W13,1378.1951
Cyprus,CYP,2022-W14,1420.6244
Cyprus,CYP,2022-W15,1446.4336
Cyprus,CYP,2022-W16,1444.5958
Cyprus,CYP,2022-W17,1453.4652
Cyprus,CYP,2022-W18,1449.2302
Cyprus,CYP,2022-W19,1451.5475
Cyprus,CYP,2022-W20,1465.2112
Cyprus,CYP,2022-W21,1467.2087
Cyprus,CYP,2022-W22,1461.0562
Cyprus,CYP,2022-W23,1462.4146
Cyprus,CYP,2022-W24,1477.836
Cyprus,CYP,2022-W25,1468.6471
Cyprus,CYP,2022-W26,1469.0466
Cyprus,CYP,2022-W27,1474.7198
Cyprus,CYP,2022-W28,1498.6113
Cyprus,CYP,2022-W29,1498.6912
Cyprus,CYP,2022-W30,1529.4545
Cyprus,CYP,2022-W31,1531.9315
Cyprus,CYP,2022-W32,1548.6316
Cyprus,CYP,2022-W33,1548.5518
Cyprus,CYP,2022-W34,1545.5952
Cyprus,CYP,2022-W35,1546.1545
Cyprus,CYP,2022-W36,1545.2756
Cyprus,CYP,2022-W37,1545.835
Cyprus,CYP,2022-W38,1541.7598
Cyprus,CYP,2022-W39,1548.232
Cyprus,CYP,2022-W40,1573.0824
Cyprus,CYP,2022-W41,1562.7748
Cyprus,CYP,2022-W42,1560.1378
Cyprus,CYP,2022-W43,1578.1165
Cyprus,CYP,2022-W44,1596.095
Cyprus,CYP,2022-W45,1610.238
Cyprus,CYP,2022-W46,1633.4904
Cyprus,CYP,2022-W47,1639.3234
Cyprus,CYP,2022-W48,1660.1785
Cyprus,CYP,2022-W49,1668.8881
Cyprus,CYP,2022-W50,1682.5518
Cyprus,CYP,2022-W51,1689.024
Cyprus,CYP,2022-W52,1710.2014
Cyprus,CYP,2023-W01,1723.7714
Cyprus,CYP,2023-W02,1732.5798
Cyprus,CYP,2023-W03,1731.5482
Cyprus,CYP,2023-W04,1731.6276
Cyprus,CYP,2023-W05,1723.7714
Cyprus,CYP,2023-W06,1724.0094
Cyprus,CYP,2023-W07,1730.2786
Cyprus,CYP,2023-W08,1765.5919
Cyprus,CYP,2023-W09,1791.0652
Cyprus,CYP,2023-W10,1800.5085
Cyprus,CYP,2023-W11,1802.4924
Cyprus,CYP,2023-W12,1798.604
Cyprus,CYP,2023-W13,1788.2084
Cyprus,CYP,2023-W14,1781.1458
Cyprus,CYP,2023-W15,1775.0353
Cyprus,CYP,2023-W16,1768.4487
Cyprus,CYP,2023-W17,1771.7024
Cyprus,CYP,2023-W18,1765.9094
Cyprus,CYP,2023-W19,1765.0365
Cyprus,CYP,2023-W20,1769.0836
Cyprus,CYP,2023-W21,1765.5126
Cyprus,CYP,2023-W22,1758.6086
Cyprus,CYP,2023-W23,1775.8289
Cyprus,CYP,2023-W24,1784.0026
Cyprus,CYP,2023-W25,1780.4315
Cyprus,CYP,2023-W26,1782.4154
Cyprus,CYP,2023-W27,1783.2883
Cyprus,CYP,2023-W28,1784.0026
Cyprus,CYP,2023-W29,1810.2694
Cyprus,CYP,2023-W30,1835.2665
Cyprus,CYP,2023-W31,1825.8231
Cyprus,CYP,2023-W32,1824.9502
Cyprus,CYP,2023-W33,1837.5679
Cyprus,CYP,2023-W34,1836.2188
Cyprus,CYP,2023-W35,1832.8065
Cyprus,CYP,2023-W36,1831.14
Cyprus,CYP,2023-W37,1821.3793
Cyprus,CYP,2023-W38,1839.5518
Cyprus,CYP,2023-W39,1839.6311
Cyprus,CYP,2023-W40,1850.0267
Cyprus,CYP,2023-W41,1852.4868
Cyprus,CYP,2023-W42,1862.565
Cyprus,CYP,2023-W43,1869.3103
Cyprus,CYP,2023-W44,1864.1521
Cyprus,CYP,2023-W45,1872.6432
Cyprus,CYP,2023-W46,1864.787
Cyprus,CYP,2023-W47,1868.9928
Cyprus,CYP,2023-W48,1871.4529
Cyprus,CYP,2023-W49,1871.3735
Cyprus,CYP,2023-W50,1879.3884
Cyprus,CYP,2023-W51,1869.9451
Cyprus,CYP,2023-W52,1887.6415
Czechia,CZE,2020-W01,-9.79968
Czechia,CZE,2020-W02,-15.535145
Czechia,CZE,2020-W03,-33.368298
Czechia,CZE,2020-W04,-42.10445
Czechia,CZE,2020-W05,-50.11891
Czechia,CZE,2020-W06,-64.76146
Czechia,CZE,2020-W07,-79.08116
Czechia,CZE,2020-W08,-97.48406
Czechia,CZE,2020-W09,-111.59486
Czechia,CZE,2020-W10,-126.76918
Czechia,CZE,2020-W11,-134.2329
Czechia,CZE,2020-W12,-132.6756
Czechia,CZE,2020-W13,-127.43391
Czechia,CZE,2020-W14,-116.475746
Czechia,CZE,2020-W15,-108.42329
Czechia,CZE,2020-W16,-106.884964
Czechia,CZE,2020-W17,-117.99507
Czechia,CZE,2020-W18,-114.31069
Czechia,CZE,2020-W19,-120.63492
Czechia,CZE,2020-W20,-120.48299
Czechia,CZE,2020-W21,-130.96637
Czechia,CZE,2020-W22,-144.46942
Czechia,CZE,2020-W23,-131.5741
Czechia,CZE,2020-W24,-133.20737
Czechia,CZE,2020-W25,-130.24467
Czechia,CZE,2020-W26,-122.837944
Czechia,CZE,2020-W27,-114.72851
Czechia,CZE,2020-W28,-117.748184
Czechia,CZE,2020-W29,-122.26819
Czechia,CZE,2020-W30,-120.72987
Czechia,CZE,2020-W31,-106.63809
Czechia,CZE,2020-W32,-96.81942
Czechia,CZE,2020-W33,-88.444115
Czechia,CZE,2020-W34,-79.02427
Czechia,CZE,2020-W35,-75.814674
Czechia,CZE,2020-W36,-72.282234
Czechia,CZE,2020-W37,-64.11583
Czechia,CZE,2020-W38,-46.13075
Czechia,CZE,2020-W39,-14.69959
Czechia,CZE,2020-W40,7.748516
Czechia,CZE,2020-W41,51.12542
Czechia,CZE,2020-W42,129.97868
Czechia,CZE,2020-W43,274.77094
Czechia,CZE,2020-W44,476.766
Czechia,CZE,2020-W45,681.7237
Czechia,CZE,2020-W46,845.2417
Czechia,CZE,2020-W47,967.96564
Czechia,CZE,2020-W48,1066.3804
Czechia,CZE,2020-W49,1155.508
Czechia,CZE,2020-W50,1241.0654
Czechia,CZE,2020-W51,1333.7826
Czechia,CZE,2020-W52,1421.448
Czechia,CZE,2020-W53,1540.9369
Czechia,CZE,2021-W01,1676.3792
Czechia,CZE,2021-W02,1804.9523
Czechia,CZE,2021-W03,1914.5544
Czechia,CZE,2021-W04,2010.247
Czechia,CZE,2021-W05,2087.444
Czechia,CZE,2021-W06,2174.9355
Czechia,CZE,2021-W07,2262.0845
Czechia,CZE,2021-W08,2364.1704
Czechia,CZE,2021-W09,2497.0059
Czechia,CZE,2021-W10,2645.4253
Czechia,CZE,2021-W11,2783.113
Czechia,CZE,2021-W12,2892.2583
Czechia,CZE,2021-W13,3000.0527
Czechia,CZE,2021-W14,3069.3342
Czechia,CZE,2021-W15,3113.6318
Czechia,CZE,2021-W16,3150.5464
Czechia,CZE,2021-W17,3179.8306
Czechia,CZE,2021-W18,3200.8186
Czechia,CZE,2021-W19,3216.7263
Czechia,CZE,2021-W20,3218.0012
Czechia,CZE,2021-W21,3209.9521
Czechia,CZE,2021-W22,3206.0134
Czechia,CZE,2021-W23,3201.5989
Czechia,CZE,2021-W24,3205.4617
Czechia,CZE,2021-W25,3205.1763
Czechia,CZE,2021-W26,3192.6936
Czechia,CZE,2021-W27,3182.723
Czechia,CZE,2021-W28,3181.296
Czechia,CZE,2021-W29,3172.562
Czechia,CZE,2021-W30,3174.5598
Czechia,CZE,2021-W31,3157.3584
Czechia,CZE,2021-W32,3153.0962
Czechia,CZE,2021-W33,3140.7278
Czechia,CZE,2021-W34,3134.639
Czechia,CZE,2021-W35,3133.2688
Czechia,CZE,2021-W36,3138.882
Czechia,CZE,2021-W37,3149.1382
Czechia,CZE,2021-W38,3154.1997
Czechia,CZE,2021-W39,3154.0857
Czechia,CZE,2021-W40,3149.633
Czechia,CZE,2021-W41,3154.447
Czechia,CZE,2021-W42,3171.6865
Czechia,CZE,2021-W43,3212.9397
Czechia,CZE,2021-W44,3267.931
Czechia,CZE,2021-W45,3343.016
Czechia,CZE,2021-W46,3428.909
Czechia,CZE,2021-W47,3532.5364
Czechia,CZE,2021-W48,3650.625
Czechia,CZE,2021-W49,3764.261
Czechia,CZE,2021-W50,3851.2957
Czechia,CZE,2021-W51,3913.8223
Czechia,CZE,2021-W52,3964.288
Czechia,CZE,2022-W01,3975.3706
Czechia,CZE,2022-W02,3988.6257
Czechia,CZE,2022-W03,3978.8774
Czechia,CZE,2022-W04,3970.7297
Czechia,CZE,2022-W05,3985.0332
Czechia,CZE,2022-W06,3998.2122
Czechia,CZE,2022-W07,4002.3765
Czechia,CZE,2022-W08,3995.1057
Czechia,CZE,2022-W09,3982.5176
Czechia,CZE,2022-W10,3973.2456
Czechia,CZE,2022-W11,3963.6113
Czechia,CZE,2022-W12,3974.5605
Czechia,CZE,2022-W13,3996.735
Czechia,CZE,2022-W14,4014.0688
Czechia,CZE,2022-W15,4025.1514
Czechia,CZE,2022-W16,4041.7036
Czechia,CZE,2022-W17,4047.2783
Czechia,CZE,2022-W18,4062.4585
Czechia,CZE,2022-W19,4070.8347
Czechia,CZE,2022-W20,4068.7478
Czechia,CZE,2022-W21,4052.6528
Czechia,CZE,2022-W22,4046.678
Czechia,CZE,2022-W23,4049.47
Czechia,CZE,2022-W24,4044.1624
Czechia,CZE,2022-W25,4039.7502
Czechia,CZE,2022-W26,4051.9954
Czechia,CZE,2022-W27,4034.6426
Czechia,CZE,2022-W28,4024.7988
Czechia,CZE,2022-W29,4048.136
Czechia,CZE,2022-W30,4056.0166
Czechia,CZE,2022-W31,4064.6787
Czechia,CZE,2022-W32,4070.9585
Czechia,CZE,2022-W33,4075.9805
Czechia,CZE,2022-W34,4082.6223
Czechia,CZE,2022-W35,4082.1746
Czechia,CZE,2022-W36,4094.4387
Czechia,CZE,2022-W37,4112.306
Czechia,CZE,2022-W38,4133.4517
Czechia,CZE,2022-W39,4158.1797
Czechia,CZE,2022-W40,4179.516
Czechia,CZE,2022-W41,4194.2197
Czechia,CZE,2022-W42,4208.8853
Czechia,CZE,2022-W43,4221.1113
Czechia,CZE,2022-W44,4223.3696
Czechia,CZE,2022-W45,4233.08
Czechia,CZE,2022-W46,4237.0347
Czechia,CZE,2022-W47,4244.553
Czechia,CZE,2022-W48,4268.6523
Czechia,CZE,2022-W49,4291.1514
Czechia,CZE,2022-W50,4336.463
Czechia,CZE,2022-W51,4400.776
Czechia,CZE,2022-W52,4474.518
Czechia,CZE,2023-W01,4519.119
Czechia,CZE,2023-W02,4536.3555
Czechia,CZE,2023-W03,4536.9746
Czechia,CZE,2023-W04,4520.329
Czechia,CZE,2023-W05,4504.694
Czechia,CZE,2023-W06,4478.7866
Czechia,CZE,2023-W07,4453.3945
Czechia,CZE,2023-W08,4424.191
Czechia,CZE,2023-W09,4399.294
Czechia,CZE,2023-W10,4381.6196
Czechia,CZE,2023-W11,4360.915
Czechia,CZE,2023-W12,4351.0723
Czechia,CZE,2023-W13,4339.7817
Czechia,CZE,2023-W14,4325.461
Czechia,CZE,2023-W15,4325.7563
Czechia,CZE,2023-W16,4323.9937
Czechia,CZE,2023-W17,4310.683
Czechia,CZE,2023-W18,4309.0728
Czechia,CZE,2023-W19,4294.9424
Czechia,CZE,2023-W20,4290.0737
Czechia,CZE,2023-W21,4277.5825
Czechia,CZE,2023-W22,4259.8696
Czechia,CZE,2023-W23,4252.924
Czechia,CZE,2023-W24,4242.452
Czechia,CZE,2023-W25,4248.312
Czechia,CZE,2023-W26,4235.6685
Czechia,CZE,2023-W27,4225.2544
Czechia,CZE,2023-W28,4223.015
Czechia,CZE,2023-W29,4209.4565
Czechia,CZE,2023-W30,4183.8735
Czechia,CZE,2023-W31,4159.453
Czechia,CZE,2023-W32,4146.5615
Czechia,CZE,2023-W33,4143.656
Czechia,CZE,2023-W34,4156.09
Czechia,CZE,2023-W35,4142.379
Czechia,CZE,2023-W36,4129.1826
Czechia,CZE,2023-W37,4120.8267
Czechia,CZE,2023-W38,4114.414
Czechia,CZE,2023-W39,4098.4355
Czechia,CZE,2023-W40,4084.591
Czechia,CZE,2023-W41,4083.7432
Czechia,CZE,2023-W42,4084.858
Czechia,CZE,2023-W43,4088.774
Czechia,CZE,2023-W44,4087.7734
Czechia,CZE,2023-W45,4090.4128
Czechia,CZE,2023-W46,4104.0664
Czechia,CZE,2023-W47,4114.7095
Czechia,CZE,2023-W48,4132.3076
Czechia,CZE,2023-W49,4154.689
Czechia,CZE,2023-W50,4171.773
Czechia,CZE,2023-W51,4186.4175
Czechia,CZE,2023-W52,4199.328
Denmark,DNK,2020-W01,-5.904937
Denmark,DNK,2020-W02,-5.046662
Denmark,DNK,2020-W03,-15.586284
Denmark,DNK,2020-W04,-32.23682
Denmark,DNK,2020-W05,-46.86182
Denmark,DNK,2020-W06,-62.276447
Denmark,DNK,2020-W07,-86.03351
Denmark,DNK,2020-W08,-112.15939
Denmark,DNK,2020-W09,-144.32755
Denmark,DNK,2020-W10,-168.11893
Denmark,DNK,2020-W11,-189.09517
Denmark,DNK,2020-W12,-191.18935
Denmark,DNK,2020-W13,-191.73863
Denmark,DNK,2020-W14,-179.65411
Denmark,DNK,2020-W15,-172.03262
Denmark,DNK,2020-W16,-168.15323
Denmark,DNK,2020-W17,-155.65675
Denmark,DNK,2020-W18,-158.54056
Denmark,DNK,2020-W19,-161.42438
Denmark,DNK,2020-W20,-170.3161
Denmark,DNK,2020-W21,-171.03705
Denmark,DNK,2020-W22,-176.3927
Denmark,DNK,2020-W23,-183.1559
Denmark,DNK,2020-W24,-183.84253
Denmark,DNK,2020-W25,-192.73425
Denmark,DNK,2020-W26,-188.5802
Denmark,DNK,2020-W27,-184.56346
Denmark,DNK,2020-W28,-187.27562
Denmark,DNK,2020-W29,-180.75273
Denmark,DNK,2020-W30,-191.94464
Denmark,DNK,2020-W31,-194.14182
Denmark,DNK,2020-W32,-199.18848
Denmark,DNK,2020-W33,-195.96136
Denmark,DNK,2020-W34,-196.68231
Denmark,DNK,2020-W35,-199.77211
Denmark,DNK,2020-W36,-197.54059
Denmark,DNK,2020-W37,-196.8883
Denmark,DNK,2020-W38,-181.98865
Denmark,DNK,2020-W39,-187.99658
Denmark,DNK,2020-W40,-188.75186
Denmark,DNK,2020-W41,-203.13655
Denmark,DNK,2020-W42,-203.9605
Denmark,DNK,2020-W43,-189.85045
Denmark,DNK,2020-W44,-196.30467
Denmark,DNK,2020-W45,-196.37334
Denmark,DNK,2020-W46,-187.99657
Denmark,DNK,2020-W47,-182.36627
Denmark,DNK,2020-W48,-178.04057
Denmark,DNK,2020-W49,-179.03618
Denmark,DNK,2020-W50,-179.99745
Denmark,DNK,2020-W51,-147.89796
Denmark,DNK,2020-W52,-127.67699
Denmark,DNK,2020-W53,-98.90255
Denmark,DNK,2021-W01,-86.51838
Denmark,DNK,2021-W02,-76.62812
Denmark,DNK,2021-W03,-54.849052
Denmark,DNK,2021-W04,-41.54247
Denmark,DNK,2021-W05,-38.689846
Denmark,DNK,2021-W06,-49.77582
Denmark,DNK,2021-W07,-74.62958
Denmark,DNK,2021-W08,-113.285286
Denmark,DNK,2021-W09,-155.73311
Denmark,DNK,2021-W10,-182.67082
Denmark,DNK,2021-W11,-222.0098
Denmark,DNK,2021-W12,-243.92552
Denmark,DNK,2021-W13,-269.94083
Denmark,DNK,2021-W14,-290.55835
Denmark,DNK,2021-W15,-304.1724
Denmark,DNK,2021-W16,-305.11188
Denmark,DNK,2021-W17,-306.70047
Denmark,DNK,2021-W18,-298.99664
Denmark,DNK,2021-W19,-300.3461
Denmark,DNK,2021-W20,-294.17966
Denmark,DNK,2021-W21,-290.1313
Denmark,DNK,2021-W22,-286.4246
Denmark,DNK,2021-W23,-279.33572
Denmark,DNK,2021-W24,-281.74423
Denmark,DNK,2021-W25,-282.4104
Denmark,DNK,2021-W26,-266.84906
Denmark,DNK,2021-W27,-271.40985
Denmark,DNK,2021-W28,-255.67769
Denmark,DNK,2021-W29,-246.6415
Denmark,DNK,2021-W30,-240.20174
Denmark,DNK,2021-W31,-218.32018
Denmark,DNK,2021-W32,-203.20294
Denmark,DNK,2021-W33,-192.32196
Denmark,DNK,2021-W34,-182.9783
Denmark,DNK,2021-W35,-170.86743
Denmark,DNK,2021-W36,-151.92392
Denmark,DNK,2021-W37,-141.72618
Denmark,DNK,2021-W38,-133.91988
Denmark,DNK,2021-W39,-113.43902
Denmark,DNK,2021-W40,-104.300354
Denmark,DNK,2021-W41,-82.247986
Denmark,DNK,2021-W42,-63.953575
Denmark,DNK,2021-W43,-44.46345
Denmark,DNK,2021-W44,-24.939154
Denmark,DNK,2021-W45,-6.9180455
Denmark,DNK,2021-W46,5.6710997
Denmark,DNK,2021-W47,31.242275
Denmark,DNK,2021-W48,53.977905
Denmark,DNK,2021-W49,78.76333
Denmark,DNK,2021-W50,104.43701
Denmark,DNK,2021-W51,136.87502
Denmark,DNK,2021-W52,165.24263
Denmark,DNK,2022-W01,195.58812
Denmark,DNK,2022-W02,203.22124
Denmark,DNK,2022-W03,207.72632
Denmark,DNK,2022-W04,212.8094
Denmark,DNK,2022-W05,214.45842
Denmark,DNK,2022-W06,230.11566
Denmark,DNK,2022-W07,238.53079
Denmark,DNK,2022-W08,246.63992
Denmark,DNK,2022-W09,246.38492
Denmark,DNK,2022-W10,246.77592
Denmark,DNK,2022-W11,243.49487
Denmark,DNK,2022-W12,252.114
Denmark,DNK,2022-W13,262.77316
Denmark,DNK,2022-W14,278.2944
Denmark,DNK,2022-W15,285.14554
Denmark,DNK,2022-W16,286.25055
Denmark,DNK,2022-W17,302.5198
Denmark,DNK,2022-W18,304.23682
Denmark,DNK,2022-W19,296.6037
Denmark,DNK,2022-W20,304.6108
Denmark,DNK,2022-W21,300.47977
Denmark,DNK,2022-W22,306.37885
Denmark,DNK,2022-W23,310.5439
Denmark,DNK,2022-W24,312.73697
Denmark,DNK,2022-W25,328.9042
Denmark,DNK,2022-W26,354.42163
Denmark,DNK,2022-W27,360.4227
Denmark,DNK,2022-W28,364.00977
Denmark,DNK,2022-W29,379.803
Denmark,DNK,2022-W30,386.55212
Denmark,DNK,2022-W31,399.3193
Denmark,DNK,2022-W32,410.7945
Denmark,DNK,2022-W33,436.92392
Denmark,DNK,2022-W34,453.8732
Denmark,DNK,2022-W35,454.1962
Denmark,DNK,2022-W36,464.54938
Denmark,DNK,2022-W37,464.83838
Denmark,DNK,2022-W38,467.84744
Denmark,DNK,2022-W39,479.90063
Denmark,DNK,2022-W40,500.21594
Denmark,DNK,2022-W41,507.54306
Denmark,DNK,2022-W42,526.60034
Denmark,DNK,2022-W43,538.34753
Denmark,DNK,2022-W44,535.1685
Denmark,DNK,2022-W45,542.73364
Denmark,DNK,2022-W46,542.0026
Denmark,DNK,2022-W47,554.8718
Denmark,DNK,2022-W48,567.469
Denmark,DNK,2022-W49,580.7462
Denmark,DNK,2022-W50,621.42786
Denmark,DNK,2022-W51,674.96173
Denmark,DNK,2022-W52,717.48663
Denmark,DNK,2023-W01,748.36176
Denmark,DNK,2023-W02,768.9846
Denmark,DNK,2023-W03,772.9603
Denmark,DNK,2023-W04,770.5749
Denmark,DNK,2023-W05,763.92615
Denmark,DNK,2023-W06,750.9163
Denmark,DNK,2023-W07,738.1434
Denmark,DNK,2023-W08,732.00214
Denmark,DNK,2023-W09,711.7853
Denmark,DNK,2023-W10,706.59155
Denmark,DNK,2023-W11,699.0969
Denmark,DNK,2023-W12,691.0947
Denmark,DNK,2023-W13,684.27686
Denmark,DNK,2023-W14,692.9557
Denmark,DNK,2023-W15,693.17566
Denmark,DNK,2023-W16,702.2267
Denmark,DNK,2023-W17,714.1876
Denmark,DNK,2023-W18,714.03534
Denmark,DNK,2023-W19,725.2181
Denmark,DNK,2023-W20,728.6185
Denmark,DNK,2023-W21,726.1993
Denmark,DNK,2023-W22,719.7197
Denmark,DNK,2023-W23,717.605
Denmark,DNK,2023-W24,717.75726
Denmark,DNK,2023-W25,724.7105
Denmark,DNK,2023-W26,717.28357
Denmark,DNK,2023-W27,729.5152
Denmark,DNK,2023-W28,741.54376
Denmark,DNK,2023-W29,738.82
Denmark,DNK,2023-W30,736.90826
Denmark,DNK,2023-W31,736.2485
Denmark,DNK,2023-W32,739.2091
Denmark,DNK,2023-W33,742.7111
Denmark,DNK,2023-W34,738.2617
Denmark,DNK,2023-W35,741.62836
Denmark,DNK,2023-W36,761.23615
Denmark,DNK,2023-W37,767.2759
Denmark,DNK,2023-W38,764.6874
Denmark,DNK,2023-W39,770.59174
Denmark,DNK,2023-W40,771.0147
Denmark,DNK,2023-W41,774.41516
Denmark,DNK,2023-W42,779.67664
Denmark,DNK,2023-W43,790.6902
Denmark,DNK,2023-W44,817.30194
Denmark,DNK,2023-W45,827.1989
Denmark,DNK,2023-W46,838.1448
Denmark,DNK,2023-W47,847.0605
Denmark,DNK,2023-W48,864.3336
Denmark,DNK,2023-W49,883.4677
Denmark,DNK,2023-W50,920.5686
Denmark,DNK,2023-W51,954.72577
Denmark,DNK,2023-W52,969.05524
Dominican Republic,DOM,2020-W05,28.182669
Dominican Republic,DOM,2020-W09,42.237648
Dominican Republic,DOM,2020-W14,21.673395
Dominican Republic,DOM,2020-W18,2.7637331
Dominican Republic,DOM,2020-W22,-28.509937
Dominican Republic,DOM,2020-W27,12.509478
Dominican Republic,DOM,2020-W31,145.31349
Dominican Republic,DOM,2020-W36,248.37115
Dominican Republic,DOM,2020-W40,257.1896
Dominican Republic,DOM,2020-W44,246.04381
Dominican Republic,DOM,2020-W49,246.02562
Dominican Republic,DOM,2020-W53,284.80862
Dominican Republic,DOM,2021-W04,364.58417
Dominican Republic,DOM,2021-W08,377.91403
Dominican Republic,DOM,2021-W13,384.2462
Dominican Republic,DOM,2021-W17,401.4797
Dominican Republic,DOM,2021-W22,477.80725
Dominican Republic,DOM,2021-W26,604.88196
Dominican Republic,DOM,2021-W30,655.46716
Dominican Republic,DOM,2021-W35,683.638
Dominican Republic,DOM,2021-W39,708.51685
Dominican Republic,DOM,2021-W43,766.3517
Dominican Republic,DOM,2021-W48,808.482
Dominican Republic,DOM,2021-W52,825.49963
Dominican Republic,DOM,2022-W05,972.84485
Dominican Republic,DOM,2022-W09,966.6732
Dominican Republic,DOM,2022-W13,935.8507
Dominican Republic,DOM,2022-W17,914.4861
Dominican Republic,DOM,2022-W22,922.06476
Dominican Republic,DOM,2022-W26,928.8598
Dominican Republic,DOM,2022-W30,917.45166
Dominican Republic,DOM,2022-W35,912.3487
Dominican Republic,DOM,2022-W39,902.9176
Dominican Republic,DOM,2022-W44,888.6241
Dominican Republic,DOM,2022-W48,889.2385
Dominican Republic,DOM,2022-W52,907.20123
Dominican Republic,DOM,2023-W05,908.10266
Dominican Republic,DOM,2023-W09,903.98193
Dominican Republic,DOM,2023-W13,905.79083
Dominican Republic,DOM,2023-W17,907.5291
Dominican Republic,DOM,2023-W22,906.53204
Dominican Republic,DOM,2023-W26,927.87683
Dominican Republic,DOM,2023-W31,935.86237
Dominican Republic,DOM,2023-W35,941.0949
Dominican Republic,DOM,2023-W39,940.8037
Dominican Republic,DOM,2023-W44,929.4298
Dominican Republic,DOM,2023-W48,912.3557
Dominican Republic,DOM,2023-W52,909.64685
Ecuador,ECU,2020-W01,-7.635632
Ecuador,ECU,2020-W02,-4.17316
Ecuador,ECU,2020-W03,-2.8711786
Ecuador,ECU,2020-W04,-4.1617846
Ecuador,ECU,2020-W05,-10.171358
Ecuador,ECU,2020-W06,-14.225123
Ecuador,ECU,2020-W07,-13.685
Ecuador,ECU,2020-W08,-14.634477
Ecuador,ECU,2020-W09,-12.047573
Ecuador,ECU,2020-W10,-19.091911
Ecuador,ECU,2020-W11,-22.611238
Ecuador,ECU,2020-W12,-19.819658
Ecuador,ECU,2020-W13,110.28169
Ecuador,ECU,2020-W14,436.93085
Ecuador,ECU,2020-W15,711.56903
Ecuador,ECU,2020-W16,885.59656
Ecuador,ECU,2020-W17,1003.95166
Ecuador,ECU,2020-W18,1083.6226
Ecuador,ECU,2020-W19,1153.0482
Ecuador,ECU,2020-W20,1202.7452
Ecuador,ECU,2020-W21,1246.7794
Ecuador,ECU,2020-W22,1286.1288
Ecuador,ECU,2020-W23,1322.624
Ecuador,ECU,2020-W24,1366.0557
Ecuador,ECU,2020-W25,1406.5875
Ecuador,ECU,2020-W26,1446.4259
Ecuador,ECU,2020-W27,1491.654
Ecuador,ECU,2020-W28,1549.5381
Ecuador,ECU,2020-W29,1612.5505
Ecuador,ECU,2020-W30,1679.6793
Ecuador,ECU,2020-W31,1742.8623
Ecuador,ECU,2020-W32,1803.3275
Ecuador,ECU,2020-W33,1856.7543
Ecuador,ECU,2020-W34,1902.0278
Ecuador,ECU,2020-W35,1937.3292
Ecuador,ECU,2020-W36,1974.3589
Ecuador,ECU,2020-W37,2005.5325
Ecuador,ECU,2020-W38,2033.181
Ecuador,ECU,2020-W39,2054.894
Ecuador,ECU,2020-W40,2070.2505
Ecuador,ECU,2020-W41,2095.0222
Ecuador,ECU,2020-W42,2113.0168
Ecuador,ECU,2020-W43,2133.3083
Ecuador,ECU,2020-W44,2147.4937
Ecuador,ECU,2020-W45,2159.7573
Ecuador,ECU,2020-W46,2179.3552
Ecuador,ECU,2020-W47,2202.5693
Ecuador,ECU,2020-W48,2220.2114
Ecuador,ECU,2020-W49,2241.1624
Ecuador,ECU,2020-W50,2253.2896
Ecuador,ECU,2020-W51,2270.9204
Ecuador,ECU,2020-W52,2290.0862
Ecuador,ECU,2020-W53,2289.9822
Ecuador,ECU,2021-W01,2316.4856
Ecuador,ECU,2021-W02,2353.5635
Ecuador,ECU,2021-W03,2399.4062
Ecuador,ECU,2021-W04,2438.5293
Ecuador,ECU,2021-W05,2479.9558
Ecuador,ECU,2021-W06,2518.2024
Ecuador,ECU,2021-W07,2558.5164
Ecuador,ECU,2021-W08,2600.561
Ecuador,ECU,2021-W09,2639.4143
Ecuador,ECU,2021-W10,2685.8865
Ecuador,ECU,2021-W11,2745.7312
Ecuador,ECU,2021-W12,2812.9927
Ecuador,ECU,2021-W13,2888.3562
Ecuador,ECU,2021-W14,2973.0466
Ecuador,ECU,2021-W15,3057.917
Ecuador,ECU,2021-W16,3157.4746
Ecuador,ECU,2021-W17,3248.4243
Ecuador,ECU,2021-W18,3327.2153
Ecuador,ECU,2021-W19,3391.2178
Ecuador,ECU,2021-W20,3441.904
Ecuador,ECU,2021-W21,3482.4429
Ecuador,ECU,2021-W22,3512.003
Ecuador,ECU,2021-W23,3539.866
Ecuador,ECU,2021-W24,3566.8862
Ecuador,ECU,2021-W25,3591.7153
Ecuador,ECU,2021-W26,3611.6448
Ecuador,ECU,2021-W27,3634.0916
Ecuador,ECU,2021-W28,3654.6052
Ecuador,ECU,2021-W29,3670.1296
Ecuador,ECU,2021-W30,3689.1602
Ecuador,ECU,2021-W31,3698.1108
Ecuador,ECU,2021-W32,3705.4995
Ecuador,ECU,2021-W33,3709.9775
Ecuador,ECU,2021-W34,3719.8833
Ecuador,ECU,2021-W35,3724.4287
Ecuador,ECU,2021-W36,3728.6035
Ecuador,ECU,2021-W37,3734.9695
Ecuador,ECU,2021-W38,3738.6384
Ecuador,ECU,2021-W39,3748.297
Ecuador,ECU,2021-W40,3750.775
Ecuador,ECU,2021-W41,3757.95
Ecuador,ECU,2021-W42,3760.675
Ecuador,ECU,2021-W43,3762.8606
Ecuador,ECU,2021-W44,3763.563
Ecuador,ECU,2021-W45,3768.9963
Ecuador,ECU,2021-W46,3777.857
Ecuador,ECU,2021-W47,3786.695
Ecuador,ECU,2021-W48,3791.6565
Ecuador,ECU,2021-W49,3801.5735
Ecuador,ECU,2021-W50,3810.861
Ecuador,ECU,2021-W51,3824.0144
Ecuador,ECU,2021-W52,3799.1719
Ecuador,ECU,2022-W01,3820.154
Ecuador,ECU,2022-W02,3859.8684
Ecuador,ECU,2022-W03,3921.1372
Ecuador,ECU,2022-W04,3975.3176
Ecuador,ECU,2022-W05,4022.9429
Ecuador,ECU,2022-W06,4049.9802
Ecuador,ECU,2022-W07,4064.507
Ecuador,ECU,2022-W08,4071.3013
Ecuador,ECU,2022-W09,4084.2727
Ecuador,ECU,2022-W10,4083.4448
Ecuador,ECU,2022-W11,4084.8948
Ecuador,ECU,2022-W12,4094.9
Ecuador,ECU,2022-W13,4101.805
Ecuador,ECU,2022-W14,4103.655
Ecuador,ECU,2022-W15,4099.9053
Ecuador,ECU,2022-W16,4104.7324
Ecuador,ECU,2022-W17,4106.2715
Ecuador,ECU,2022-W18,4106.288
Ecuador,ECU,2022-W19,4113.46
Ecuador,ECU,2022-W20,4115.799
Ecuador,ECU,2022-W21,4121.604
Ecuador,ECU,2022-W22,4126.5537
Ecuador,ECU,2022-W23,4135.4365
Ecuador,ECU,2022-W24,4144.153
Ecuador,ECU,2022-W25,4154.5356
Ecuador,ECU,2022-W26,4162.7407
Ecuador,ECU,2022-W27,4169.49
Ecuador,ECU,2022-W28,4181.7173
Ecuador,ECU,2022-W29,4194.5107
Ecuador,ECU,2022-W30,4210.438
Ecuador,ECU,2022-W31,4222.2314
Ecuador,ECU,2022-W32,4238.981
Ecuador,ECU,2022-W33,4250.741
Ecuador,ECU,2022-W34,4262.424
Ecuador,ECU,2022-W35,4268.4736
Ecuador,ECU,2022-W36,4272.101
Ecuador,ECU,2022-W37,4280.117
Ecuador,ECU,2022-W38,4285.134
Ecuador,ECU,2022-W39,4290.1836
Ecuador,ECU,2022-W40,4293.8555
Ecuador,ECU,2022-W41,4299.4497
Ecuador,ECU,2022-W42,4304.0884
Ecuador,ECU,2022-W43,4308.3047
Ecuador,ECU,2022-W44,4315.4985
Ecuador,ECU,2022-W45,4312.8154
Ecuador,ECU,2022-W46,4316.299
Ecuador,ECU,2022-W47,4325.3706
Ecuador,ECU,2022-W48,4339.2754
Ecuador,ECU,2022-W49,4350.58
Ecuador,ECU,2022-W50,4362.3184
Ecuador,ECU,2022-W51,4378.3784
Ecuador,ECU,2022-W52,4352.015
Ecuador,ECU,2023-W01,4358.2056
Ecuador,ECU,2023-W02,4360.558
Ecuador,ECU,2023-W03,4363.516
Ecuador,ECU,2023-W04,4366.825
Ecuador,ECU,2023-W05,4371.289
Ecuador,ECU,2023-W06,4371.3223
Ecuador,ECU,2023-W07,4375.3022
Ecuador,ECU,2023-W08,4377.512
Ecuador,ECU,2023-W09,4376.5444
Ecuador,ECU,2023-W10,4378.9087
Ecuador,ECU,2023-W11,4382.8115
Ecuador,ECU,2023-W12,4395.5654
Ecuador,ECU,2023-W13,4401.8438
Ecuador,ECU,2023-W14,4407.297
Ecuador,ECU,2023-W15,4408.5283
Ecuador,ECU,2023-W16,4412.4756
Ecuador,ECU,2023-W17,4422.7334
Ecuador,ECU,2023-W18,4435.7734
Ecuador,ECU,2023-W19,4446.5483
Ecuador,ECU,2023-W20,4454.6294
Ecuador,ECU,2023-W21,4464.272
Ecuador,ECU,2023-W22,4472.4077
Ecuador,ECU,2023-W23,4481.083
Ecuador,ECU,2023-W24,4486.734
Ecuador,ECU,2023-W25,4499.587
Ecuador,ECU,2023-W26,4506.9316
Ecuador,ECU,2023-W27,4513.2207
Ecuador,ECU,2023-W28,4523.995
Ecuador,ECU,2023-W29,4533.077
Ecuador,ECU,2023-W30,4539.542
Ecuador,ECU,2023-W31,4543.9507
Ecuador,ECU,2023-W32,4550.3496
Ecuador,ECU,2023-W33,4552.802
Ecuador,ECU,2023-W34,4559.6294
Ecuador,ECU,2023-W35,4561.6523
Ecuador,ECU,2023-W36,4569.2495
Ecuador,ECU,2023-W37,4572.2295
Ecuador,ECU,2023-W38,4581.696
Ecuador,ECU,2023-W39,4590.7554
Ecuador,ECU,2023-W40,4600.926
Ecuador,ECU,2023-W41,4606.456
Ecuador,ECU,2023-W42,4612.0303
Ecuador,ECU,2023-W43,4622.4644
Ecuador,ECU,2023-W44,4632.8213
Ecuador,ECU,2023-W45,4639.7812
Ecuador,ECU,2023-W46,4649.764
Ecuador,ECU,2023-W47,4667.0923
Ecuador,ECU,2023-W48,4679.142
Ecuador,ECU,2023-W49,4688.7847
Ecuador,ECU,2023-W50,4699.4604
Ecuador,ECU,2023-W51,4712.1045
Ecuador,ECU,2023-W52,4727.0576
Egypt,EGY,2020-W05,-13.180075
Egypt,EGY,2020-W09,0.83748096
Egypt,EGY,2020-W14,23.959408
Egypt,EGY,2020-W18,22.327265
Egypt,EGY,2020-W22,139.0535
Egypt,EGY,2020-W27,471.1203
Egypt,EGY,2020-W31,602.67365
Egypt,EGY,2020-W36,667.4091
Egypt,EGY,2020-W40,730.6259
Egypt,EGY,2020-W44,759.7758
Egypt,EGY,2020-W49,822.3189
Egypt,EGY,2020-W53,969.0884
Egypt,EGY,2021-W04,1073.333
Egypt,EGY,2021-W08,1132.5145
Egypt,EGY,2021-W13,1274.528
Egypt,EGY,2021-W17,1519.5945
Egypt,EGY,2021-W22,1810.719
Egypt,EGY,2021-W26,1922.0612
Egypt,EGY,2021-W30,1967.4868
Egypt,EGY,2021-W35,2045.9102
Egypt,EGY,2021-W39,2181.4692
Egypt,EGY,2021-W43,2389.3135
Egypt,EGY,2021-W48,2548.4636
Egypt,EGY,2021-W52,2615.2344
Egypt,EGY,2022-W05,2669.0815
Egypt,EGY,2022-W09,2849.5317
Egypt,EGY,2022-W13,2914.6602
Egypt,EGY,2022-W17,2937.1072
Egypt,EGY,2022-W22,2946.1602
Egypt,EGY,2022-W26,2941.4426
Egypt,EGY,2022-W30,2936.8315
Egypt,EGY,2022-W35,2923.4033
Egypt,EGY,2022-W39,2921.1814
Egypt,EGY,2022-W44,2968.1802
Egypt,EGY,2022-W48,2998.1199
Egypt,EGY,2022-W52,2995.015
Egypt,EGY,2023-W05,2904.9165
Egypt,EGY,2023-W09,2929.6697
Egypt,EGY,2023-W13,2948.8816
Egypt,EGY,2023-W17,2980.2905
Egypt,EGY,2023-W22,2997.5967
Egypt,EGY,2023-W26,3000.3762
Egypt,EGY,2023-W31,3059.348
Egypt,EGY,2023-W35,3089.7915
Egypt,EGY,2023-W39,3132.9468
Egypt,EGY,2023-W44,3150.1697
Egypt,EGY,2023-W48,3184.3606
Egypt,EGY,2023-W52,3195.8435
El Salvador,SLV,2020-W05,20.94476
El Salvador,SLV,2020-W09,1.5255457
El Salvador,SLV,2020-W14,-104.15189
El Salvador,SLV,2020-W18,-353.86844
El Salvador,SLV,2020-W22,-605.23773
El Salvador,SLV,2020-W27,-247.58714
El Salvador,SLV,2020-W31,479.91858
El Salvador,SLV,2020-W36,753.09076
Estonia,EST,2020-W01,-40.09179
Estonia,EST,2020-W02,-56.865646
Estonia,EST,2020-W03,-76.64827
Estonia,EST,2020-W04,-106.81114
Estonia,EST,2020-W05,-133.96526
Estonia,EST,2020-W06,-189.10088
Estonia,EST,2020-W07,-191.43266
Estonia,EST,2020-W08,-199.782
Estonia,EST,2020-W09,-216.25497
Estonia,EST,2020-W10,-250.02837
Estonia,EST,2020-W11,-240.3251
Estonia,EST,2020-W12,-243.55952
Estonia,EST,2020-W13,-240.02422
Estonia,EST,2020-W14,-233.02884
Estonia,EST,2020-W15,-231.14836
Estonia,EST,2020-W16,-226.55998
Estonia,EST,2020-W17,-203.7686
Estonia,EST,2020-W18,-195.41927
Estonia,EST,2020-W19,-183.45944
Estonia,EST,2020-W20,-201.28638
Estonia,EST,2020-W21,-210.3879
Estonia,EST,2020-W22,-193.01227
Estonia,EST,2020-W23,-203.61818
Estonia,EST,2020-W24,-203.09163
Estonia,EST,2020-W25,-200.45897
Estonia,EST,2020-W26,-184.8886
Estonia,EST,2020-W27,-183.15857
Estonia,EST,2020-W28,-182.33115
Estonia,EST,2020-W29,-174.43314
Estonia,EST,2020-W30,-165.48207
Estonia,EST,2020-W31,-141.03584
Estonia,EST,2020-W32,-147.57993
Estonia,EST,2020-W33,-137.57579
Estonia,EST,2020-W34,-139.60672
Estonia,EST,2020-W35,-122.832855
Estonia,EST,2020-W36,-114.7844
Estonia,EST,2020-W37,-129.90346
Estonia,EST,2020-W38,-109.66951
Estonia,EST,2020-W39,-79.65708
Estonia,EST,2020-W40,-71.60862
Estonia,EST,2020-W41,-82.81627
Estonia,EST,2020-W42,-72.962555
Estonia,EST,2020-W43,-69.276825
Estonia,EST,2020-W44,-92.51953
Estonia,EST,2020-W45,-89.73641
Estonia,EST,2020-W46,-92.36909
Estonia,EST,2020-W47,-67.621994
Estonia,EST,2020-W48,-39.264374
Estonia,EST,2020-W49,-9.703263
Estonia,EST,2020-W50,23.167507
Estonia,EST,2020-W51,45.958893
Estonia,EST,2020-W52,77.62615
Estonia,EST,2020-W53,115.375595
Estonia,EST,2021-W01,137.57768
Estonia,EST,2021-W02,169.56374
Estonia,EST,2021-W03,222.62296
Estonia,EST,2021-W04,232.18115
Estonia,EST,2021-W05,234.96584
Estonia,EST,2021-W06,257.92053
Estonia,EST,2021-W07,269.73657
Estonia,EST,2021-W08,316.1728
Estonia,EST,2021-W09,376.30658
Estonia,EST,2021-W10,437.19296
Estonia,EST,2021-W11,506.9602
Estonia,EST,2021-W12,572.0612
Estonia,EST,2021-W13,635.65704
Estonia,EST,2021-W14,710.99365
Estonia,EST,2021-W15,769.1706
Estonia,EST,2021-W16,816.50995
Estonia,EST,2021-W17,833.8953
Estonia,EST,2021-W18,869.1929
Estonia,EST,2021-W19,908.10297
Estonia,EST,2021-W20,914.19916
Estonia,EST,2021-W21,935.79913
Estonia,EST,2021-W22,947.7657
Estonia,EST,2021-W23,961.087
Estonia,EST,2021-W24,982.53644
Estonia,EST,2021-W25,1071.5706
Estonia,EST,2021-W26,1103.5566
Estonia,EST,2021-W27,1178.8932
Estonia,EST,2021-W28,1215.6959
Estonia,EST,2021-W29,1218.9321
Estonia,EST,2021-W30,1214.9434
Estonia,EST,2021-W31,1241.5106
Estonia,EST,2021-W32,1252.1224
Estonia,EST,2021-W33,1258.2186
Estonia,EST,2021-W34,1275.604
Estonia,EST,2021-W35,1311.8047
Estonia,EST,2021-W36,1363.3586
Estonia,EST,2021-W37,1378.1852
Estonia,EST,2021-W38,1423.1161
Estonia,EST,2021-W39,1464.284
Estonia,EST,2021-W40,1502.291
Estonia,EST,2021-W41,1545.8673
Estonia,EST,2021-W42,1589.4436
Estonia,EST,2021-W43,1675.0157
Estonia,EST,2021-W44,1765.254
Estonia,EST,2021-W45,1846.1599
Estonia,EST,2021-W46,1922.3997
Estonia,EST,2021-W47,2020.7662
Estonia,EST,2021-W48,2070.0623
Estonia,EST,2021-W49,2128.8416
Estonia,EST,2021-W50,2179.6428
Estonia,EST,2021-W51,2224.8748
Estonia,EST,2021-W52,2202.835
Estonia,EST,2022-W01,2226.5142
Estonia,EST,2022-W02,2242.652
Estonia,EST,2022-W03,2239.9373
Estonia,EST,2022-W04,2251.7014
Estonia,EST,2022-W05,2285.3347
Estonia,EST,2022-W06,2305.9973
Estonia,EST,2022-W07,2382.615
Estonia,EST,2022-W08,2453.2
Estonia,EST,2022-W09,2499.0498
Estonia,EST,2022-W10,2531.326
Estonia,EST,2022-W11,2555.91
Estonia,EST,2022-W12,2577.3267
Estonia,EST,2022-W13,2579.8906
Estonia,EST,2022-W14,2588.94
Estonia,EST,2022-W15,2583.812
Estonia,EST,2022-W16,2591.9563
Estonia,EST,2022-W17,2579.8906
Estonia,EST,2022-W18,2587.281
Estonia,EST,2022-W19,2608.0945
Estonia,EST,2022-W20,2588.4875
Estonia,EST,2022-W21,2579.1365
Estonia,EST,2022-W22,2581.248
Estonia,EST,2022-W23,2611.1108
Estonia,EST,2022-W24,2627.2488
Estonia,EST,2022-W25,2668.8757
Estonia,EST,2022-W26,2719.703
Estonia,EST,2022-W27,2748.3591
Estonia,EST,2022-W28,2767.061
Estonia,EST,2022-W29,2783.8022
Estonia,EST,2022-W30,2802.3535
Estonia,EST,2022-W31,2832.6687
Estonia,EST,2022-W32,2820.603
Estonia,EST,2022-W33,2842.4722
Estonia,EST,2022-W34,2866.6038
Estonia,EST,2022-W35,2867.358
Estonia,EST,2022-W36,2881.2336
Estonia,EST,2022-W37,2924.6704
Estonia,EST,2022-W38,2943.9756
Estonia,EST,2022-W39,2989.6748
Estonia,EST,2022-W40,2999.7798
Estonia,EST,2022-W41,3013.9573
Estonia,EST,2022-W42,3001.7405
Estonia,EST,2022-W43,3011.2424
Estonia,EST,2022-W44,3045.0266
Estonia,EST,2022-W45,3079.2632
Estonia,EST,2022-W46,3110.3325
Estonia,EST,2022-W47,3119.0803
Estonia,EST,2022-W48,3132.202
Estonia,EST,2022-W49,3184.9897
Estonia,EST,2022-W50,3253.1614
Estonia,EST,2022-W51,3296.8997
Estonia,EST,2022-W52,3338.9932
Estonia,EST,2023-W01,3367.1162
Estonia,EST,2023-W02,3408.847
Estonia,EST,2023-W03,3435.458
Estonia,EST,2023-W04,3428.9563
Estonia,EST,2023-W05,3407.335
Estonia,EST,2023-W06,3378.7585
Estonia,EST,2023-W07,3383.597
Estonia,EST,2023-W08,3346.0996
Estonia,EST,2023-W09,3311.0215
Estonia,EST,2023-W10,3286.5273
Estonia,EST,2023-W11,3253.5662
Estonia,EST,2023-W12,3229.5256
Estonia,EST,2023-W13,3218.337
Estonia,EST,2023-W14,3200.7979
Estonia,EST,2023-W15,3192.482
Estonia,EST,2023-W16,3208.8113
Estonia,EST,2023-W17,3223.78
Estonia,EST,2023-W18,3228.7695
Estonia,EST,2023-W19,3235.1199
Estonia,EST,2023-W20,3224.3848
Estonia,EST,2023-W21,3199.7395
Estonia,EST,2023-W22,3209.265
Estonia,EST,2023-W23,3226.1992
Estonia,EST,2023-W24,3251.298
Estonia,EST,2023-W25,3278.514
Estonia,EST,2023-W26,3263.5452
Estonia,EST,2023-W27,3262.638
Estonia,EST,2023-W28,3267.6277
Estonia,EST,2023-W29,3275.1875
Estonia,EST,2023-W30,3249.7861
Estonia,EST,2023-W31,3246.006
Estonia,EST,2023-W32,3214.1033
Estonia,EST,2023-W33,3214.708
Estonia,EST,2023-W34,3214.557
Estonia,EST,2023-W35,3208.3577
Estonia,EST,2023-W36,3218.337
Estonia,EST,2023-W37,3195.2034
Estonia,EST,2023-W38,3185.678
Estonia,EST,2023-W39,3169.3484
Estonia,EST,2023-W40,3143.796
Estonia,EST,2023-W41,3166.9292
Estonia,EST,2023-W42,3196.8667
Estonia,EST,2023-W43,3204.729
Estonia,EST,2023-W44,3219.5464
Estonia,EST,2023-W45,3232.5496
Estonia,EST,2023-W46,3259.0093
Estonia,EST,2023-W47,3278.9675
Estonia,EST,2023-W48,3295.7505
Estonia,EST,2023-W49,3330.375
Estonia,EST,2023-W50,3373.6177
Estonia,EST,2023-W51,3447.5537
Estonia,EST,2023-W52,3479.0032
Faroe Islands,FRO,2020-W05,-228.83295
Faroe Islands,FRO,2020-W09,-427.15488
Faroe Islands,FRO,2020-W14,-644.5462
Faroe Islands,FRO,2020-W18,-511.0603
Faroe Islands,FRO,2020-W22,-900.07635
Faroe Islands,FRO,2020-W27,-839.05426
Faroe Islands,FRO,2020-W31,-888.63464
Faroe Islands,FRO,2020-W36,-1022.12054
Faroe Islands,FRO,2020-W40,-1121.2815
Faroe Islands,FRO,2020-W44,-1170.8619
Faroe Islands,FRO,2020-W49,-1075.5149
Faroe Islands,FRO,2020-W53,-1147.9786
Faroe Islands,FRO,2021-W04,-1224.6055
Faroe Islands,FRO,2021-W08,-1205.7073
Faroe Islands,FRO,2021-W13,-1526.9772
Faroe Islands,FRO,2021-W17,-1406.0284
Faroe Islands,FRO,2021-W22,-1538.3162
Faroe Islands,FRO,2021-W26,-1602.5702
Faroe Islands,FRO,2021-W30,-1568.5533
Faroe Islands,FRO,2021-W35,-1655.4852
Faroe Islands,FRO,2021-W39,-1632.8073
Faroe Islands,FRO,2021-W43,-1674.3834
Faroe Islands,FRO,2021-W48,-1496.74
Faroe Islands,FRO,2021-W52,-1201.9276
Faroe Islands,FRO,2022-W05,-1278.31
Faroe Islands,FRO,2022-W09,-990.2667
Faroe Islands,FRO,2022-W13,-739.8761
Faroe Islands,FRO,2022-W17,-670.21857
Faroe Islands,FRO,2022-W22,-551.6125
Faroe Islands,FRO,2022-W26,-534.6687
Faroe Islands,FRO,2022-W30,-325.69608
Faroe Islands,FRO,2022-W35,-199.55943
Faroe Islands,FRO,2022-W39,-246.62535
Faroe Islands,FRO,2022-W44,-338.87457
Faroe Islands,FRO,2022-W48,-325.69608
Faroe Islands,FRO,2022-W52,-346.40506
Faroe Islands,FRO,2023-W05,-399.66223
Faroe Islands,FRO,2023-W09,-311.47385
Faroe Islands,FRO,2023-W13,-729.8996
Faroe Islands,FRO,2023-W17,-690.4963
Faroe Islands,FRO,2023-W22,-752.4158
Faroe Islands,FRO,2023-W26,-784.3137
Faroe Islands,FRO,2023-W31,-868.7494
Faroe Islands,FRO,2023-W35,-979.454
Faroe Islands,FRO,2023-W39,-943.80334
Faroe Islands,FRO,2023-W44,-896.89465
Faroe Islands,FRO,2023-W48,-988.83575
Faroe Islands,FRO,2023-W52,-1058.2606
Fiji,FJI,2020-W05,-14.667058
Fiji,FJI,2020-W09,-54.105133
Fiji,FJI,2020-W14,11.299093
Fiji,FJI,2020-W18,37.699783
Fiji,FJI,2020-W22,35.30958
Fiji,FJI,2020-W27,109.296715
Fiji,FJI,2020-W31,157.9696
Fiji,FJI,2020-W36,220.65771
Fiji,FJI,2020-W40,271.8294
Fiji,FJI,2020-W44,280.7383
Fiji,FJI,2020-W49,384.49417
Fiji,FJI,2020-W53,500.85278
Fiji,FJI,2021-W04,587.70404
Fiji,FJI,2021-W08,646.64746
Fiji,FJI,2021-W13,678.4445
Fiji,FJI,2021-W17,651.83887
Fiji,FJI,2021-W22,625.12506
Fiji,FJI,2021-W26,781.19
Fiji,FJI,2021-W30,1332.879
Fiji,FJI,2021-W35,1773.0623
Fiji,FJI,2021-W39,1903.7112
Fiji,FJI,2021-W43,1991.7479
Fiji,FJI,2021-W48,2053.936
Fiji,FJI,2021-W52,2112.3386
Finland,FIN,2020-W01,-25.210386
Finland,FIN,2020-W02,-49.19099
Finland,FIN,2020-W03,-73.17159
Finland,FIN,2020-W04,-92.77565
Finland,FIN,2020-W05,-108.11168
Finland,FIN,2020-W06,-113.39246
Finland,FIN,2020-W07,-117.37115
Finland,FIN,2020-W08,-121.96472
Finland,FIN,2020-W09,-138.49434
Finland,FIN,2020-W10,-141.71347
Finland,FIN,2020-W11,-145.14961
Finland,FIN,2020-W12,-142.7624
Finland,FIN,2020-W13,-138.63904
Finland,FIN,2020-W14,-136.505
Finland,FIN,2020-W15,-116.17754
Finland,FIN,2020-W16,-113.464806
Finland,FIN,2020-W17,-94.4033
Finland,FIN,2020-W18,-81.38215
Finland,FIN,2020-W19,-70.27801
Finland,FIN,2020-W20,-50.022892
Finland,FIN,2020-W21,-54.14625
Finland,FIN,2020-W22,-50.818623
Finland,FIN,2020-W23,-51.433514
Finland,FIN,2020-W24,-45.68251
Finland,FIN,2020-W25,-31.250744
Finland,FIN,2020-W26,-22.35296
Finland,FIN,2020-W27,-17.108332
Finland,FIN,2020-W28,-20.761488
Finland,FIN,2020-W29,-13.491347
Finland,FIN,2020-W30,-19.02533
Finland,FIN,2020-W31,-15.010474
Finland,FIN,2020-W32,-13.563681
Finland,FIN,2020-W33,-12.5870905
Finland,FIN,2020-W34,-6.0403466
Finland,FIN,2020-W35,-5.172272
Finland,FIN,2020-W36,-6.8722596
Finland,FIN,2020-W37,18.048761
Finland,FIN,2020-W38,24.957205
Finland,FIN,2020-W39,38.882595
Finland,FIN,2020-W40,27.923136
Finland,FIN,2020-W41,17.072182
Finland,FIN,2020-W42,23.835947
Finland,FIN,2020-W43,26.367836
Finland,FIN,2020-W44,40.51024
Finland,FIN,2020-W45,42.897438
Finland,FIN,2020-W46,44.52508
Finland,FIN,2020-W47,58.01643
Finland,FIN,2020-W48,67.81845
Finland,FIN,2020-W49,75.01626
Finland,FIN,2020-W50,79.3928
Finland,FIN,2020-W51,86.37357
Finland,FIN,2020-W52,76.499214
Finland,FIN,2020-W53,75.217
Finland,FIN,2021-W01,59.05004
Finland,FIN,2021-W02,44.83396
Finland,FIN,2021-W03,45.430073
Finland,FIN,2021-W04,46.062298
Finland,FIN,2021-W05,34.700264
Finland,FIN,2021-W06,17.485603
Finland,FIN,2021-W07,23.428547
Finland,FIN,2021-W08,25.144592
Finland,FIN,2021-W09,14.757998
Finland,FIN,2021-W10,0.14450693
Finland,FIN,2021-W11,-7.279646
Finland,FIN,2021-W12,-24.422047
Finland,FIN,2021-W13,-31.521067
Finland,FIN,2021-W14,-40.426453
Finland,FIN,2021-W15,-48.139618
Finland,FIN,2021-W16,-53.75741
Finland,FIN,2021-W17,-60.025482
Finland,FIN,2021-W18,-59.68227
Finland,FIN,2021-W19,-42.286983
Finland,FIN,2021-W20,-40.498676
Finland,FIN,2021-W21,-38.85489
Finland,FIN,2021-W22,-32.659065
Finland,FIN,2021-W23,-35.097656
Finland,FIN,2021-W24,-29.552114
Finland,FIN,2021-W25,-14.252208
Finland,FIN,2021-W26,-8.815055
Finland,FIN,2021-W27,12.481983
Finland,FIN,2021-W28,44.400444
Finland,FIN,2021-W29,49.295685
Finland,FIN,2021-W30,54.04642
Finland,FIN,2021-W31,71.40558
Finland,FIN,2021-W32,97.94107
Finland,FIN,2021-W33,116.42017
Finland,FIN,2021-W34,130.70851
Finland,FIN,2021-W35,146.55032
Finland,FIN,2021-W36,174.09738
Finland,FIN,2021-W37,186.86838
Finland,FIN,2021-W38,206.0339
Finland,FIN,2021-W39,226.78903
Finland,FIN,2021-W40,243.64243
Finland,FIN,2021-W41,268.19092
Finland,FIN,2021-W42,296.4244
Finland,FIN,2021-W43,308.32834
Finland,FIN,2021-W44,313.22357
Finland,FIN,2021-W45,335.64056
Finland,FIN,2021-W46,366.3307
Finland,FIN,2021-W47,398.39365
Finland,FIN,2021-W48,429.1199
Finland,FIN,2021-W49,467.7219
Finland,FIN,2021-W50,492.30652
Finland,FIN,2021-W51,513.8926
Finland,FIN,2021-W52,539.67474
Finland,FIN,2022-W01,553.644
Finland,FIN,2022-W02,565.7723
Finland,FIN,2022-W03,601.0022
Finland,FIN,2022-W04,615.87384
Finland,FIN,2022-W05,641.3217
Finland,FIN,2022-W06,676.62384
Finland,FIN,2022-W07,700.2308
Finland,FIN,2022-W08,706.8003
Finland,FIN,2022-W09,722.9353
Finland,FIN,2022-W10,745.4954
Finland,FIN,2022-W11,764.40985
Finland,FIN,2022-W12,784.2628
Finland,FIN,2022-W13,815.95526
Finland,FIN,2022-W14,851.43787
Finland,FIN,2022-W15,886.4873
Finland,FIN,2022-W16,913.1624
Finland,FIN,2022-W17,945.50464
Finland,FIN,2022-W18,970.19446
Finland,FIN,2022-W19,994.23456
Finland,FIN,2022-W20,1013.32947
Finland,FIN,2022-W21,1029.0312
Finland,FIN,2022-W22,1044.2278
Finland,FIN,2022-W23,1047.7291
Finland,FIN,2022-W24,1057.7639
Finland,FIN,2022-W25,1069.2426
Finland,FIN,2022-W26,1097.578
Finland,FIN,2022-W27,1117.2144
Finland,FIN,2022-W28,1121.4738
Finland,FIN,2022-W29,1142.2291
Finland,FIN,2022-W30,1158.1475
Finland,FIN,2022-W31,1183.4149
Finland,FIN,2022-W32,1223.6261
Finland,FIN,2022-W33,1260.4803
Finland,FIN,2022-W34,1279.0698
Finland,FIN,2022-W35,1290.1875
Finland,FIN,2022-W36,1324.5511
Finland,FIN,2022-W37,1366.3506
Finland,FIN,2022-W38,1388.7302
Finland,FIN,2022-W39,1415.2249
Finland,FIN,2022-W40,1443.9574
Finland,FIN,2022-W41,1475.3251
Finland,FIN,2022-W42,1510.3745
Finland,FIN,2022-W43,1543.0055
Finland,FIN,2022-W44,1577.4774
Finland,FIN,2022-W45,1612.1298
Finland,FIN,2022-W46,1649.8142
Finland,FIN,2022-W47,1689.4119
Finland,FIN,2022-W48,1713.9573
Finland,FIN,2022-W49,1762.254
Finland,FIN,2022-W50,1818.0227
Finland,FIN,2022-W51,1876.0293
Finland,FIN,2022-W52,1922.6122
Finland,FIN,2023-W01,1951.3564
Finland,FIN,2023-W02,1971.0481
Finland,FIN,2023-W03,1975.953
Finland,FIN,2023-W04,1980.5333
Finland,FIN,2023-W05,1983.2383
Finland,FIN,2023-W06,1981.0022
Finland,FIN,2023-W07,1982.4087
Finland,FIN,2023-W08,1985.1858
Finland,FIN,2023-W09,1974.6187
Finland,FIN,2023-W10,1963.799
Finland,FIN,2023-W11,1956.7301
Finland,FIN,2023-W12,1946.2712
Finland,FIN,2023-W13,1954.1334
Finland,FIN,2023-W14,1967.5858
Finland,FIN,2023-W15,1980.0645
Finland,FIN,2023-W16,2002.7496
Finland,FIN,2023-W17,2016.8512
Finland,FIN,2023-W18,2027.4545
Finland,FIN,2023-W19,2046.7855
Finland,FIN,2023-W20,2063.3396
Finland,FIN,2023-W21,2084.7986
Finland,FIN,2023-W22,2102.687
Finland,FIN,2023-W23,2120.4312
Finland,FIN,2023-W24,2149.7524
Finland,FIN,2023-W25,2156.8933
Finland,FIN,2023-W26,2174.926
Finland,FIN,2023-W27,2174.5293
Finland,FIN,2023-W28,2184.3752
Finland,FIN,2023-W29,2192.6702
Finland,FIN,2023-W30,2181.1653
Finland,FIN,2023-W31,2189.4604
Finland,FIN,2023-W32,2206.7358
Finland,FIN,2023-W33,2210.198
Finland,FIN,2023-W34,2218.8538
Finland,FIN,2023-W35,2218.962
Finland,FIN,2023-W36,2238.329
Finland,FIN,2023-W37,2256.1094
Finland,FIN,2023-W38,2273.06
Finland,FIN,2023-W39,2288.5322
Finland,FIN,2023-W40,2306.6008
Finland,FIN,2023-W41,2332.3516
Finland,FIN,2023-W42,2361.6006
Finland,FIN,2023-W43,2395.6465
Finland,FIN,2023-W44,2456.7773
Finland,FIN,2023-W45,2526.9246
Finland,FIN,2023-W46,2584.2327
Finland,FIN,2023-W47,2659.5012
Finland,FIN,2023-W48,2723.5173
Finland,FIN,2023-W49,2777.0024
Finland,FIN,2023-W50,2826.2317
Finland,FIN,2023-W51,2877.3364
Finland,FIN,2023-W52,2894.6838
France,FRA,2020-W01,-15.542794
France,FRA,2020-W02,-25.735098
France,FRA,2020-W03,-39.78906
France,FRA,2020-W04,-55.825027
France,FRA,2020-W05,-68.61038
France,FRA,2020-W06,-85.31012
France,FRA,2020-W07,-101.70589
France,FRA,2020-W08,-122.67672
France,FRA,2020-W09,-140.8901
France,FRA,2020-W10,-152.96826
France,FRA,2020-W11,-149.50983
France,FRA,2020-W12,-120.046455
France,FRA,2020-W13,-54.112877
France,FRA,2020-W14,56.473255
France,FRA,2020-W15,151.00172
France,FRA,2020-W16,214.18405
France,FRA,2020-W17,239.1437
France,FRA,2020-W18,242.07175
France,FRA,2020-W19,243.56989
France,FRA,2020-W20,242.44705
France,FRA,2020-W21,246.95697
France,FRA,2020-W22,245.00598
France,FRA,2020-W23,243.30313
France,FRA,2020-W24,242.87819
France,FRA,2020-W25,239.27087
France,FRA,2020-W26,245.9489
France,FRA,2020-W27,230.11765
France,FRA,2020-W28,227.06555
France,FRA,2020-W29,217.60837
France,FRA,2020-W30,214.68033
France,FRA,2020-W31,221.11954
France,FRA,2020-W32,224.14682
France,FRA,2020-W33,246.6313
France,FRA,2020-W34,245.07733
France,FRA,2020-W35,243.93898
France,FRA,2020-W36,247.82236
France,FRA,2020-W37,256.3304
France,FRA,2020-W38,269.8571
France,FRA,2020-W39,269.0103
France,FRA,2020-W40,279.671
France,FRA,2020-W41,285.85895
France,FRA,2020-W42,299.2181
France,FRA,2020-W43,333.92032
France,FRA,2020-W44,382.69818
France,FRA,2020-W45,445.1299
France,FRA,2020-W46,505.15775
France,FRA,2020-W47,555.9642
France,FRA,2020-W48,600.2011
France,FRA,2020-W49,640.0119
France,FRA,2020-W50,674.87225
France,FRA,2020-W51,698.2376
France,FRA,2020-W52,712.01245
France,FRA,2020-W53,733.9491
France,FRA,2021-W01,746.9784
France,FRA,2021-W02,757.5593
France,FRA,2021-W03,781.56
France,FRA,2021-W04,802.06165
France,FRA,2021-W05,817.14886
France,FRA,2021-W06,826.13983
France,FRA,2021-W07,837.24756
France,FRA,2021-W08,837.8333
France,FRA,2021-W09,832.4344
France,FRA,2021-W10,829.1058
France,FRA,2021-W11,837.4428
France,FRA,2021-W12,847.4348
France,FRA,2021-W13,866.1296
France,FRA,2021-W14,885.1994
France,FRA,2021-W15,908.7724
France,FRA,2021-W16,936.7122
France,FRA,2021-W17,959.01764
France,FRA,2021-W18,979.71765
France,FRA,2021-W19,987.0722
France,FRA,2021-W20,992.0248
France,FRA,2021-W21,994.0982
France,FRA,2021-W22,996.6117
France,FRA,2021-W23,997.83905
France,FRA,2021-W24,1003.6439
France,FRA,2021-W25,989.78094
France,FRA,2021-W26,979.8261
France,FRA,2021-W27,969.86505
France,FRA,2021-W28,965.5447
France,FRA,2021-W29,975.86835
France,FRA,2021-W30,973.5005
France,FRA,2021-W31,973.4571
France,FRA,2021-W32,987.9183
France,FRA,2021-W33,1000.4362
France,FRA,2021-W34,1004.1367
France,FRA,2021-W35,1016.5121
France,FRA,2021-W36,1036.0901
France,FRA,2021-W37,1039.2297
France,FRA,2021-W38,1037.8071
France,FRA,2021-W39,1042.3538
France,FRA,2021-W40,1044.5759
France,FRA,2021-W41,1052.82
France,FRA,2021-W42,1061.8296
France,FRA,2021-W43,1072.7638
France,FRA,2021-W44,1074.58
France,FRA,2021-W45,1081.6245
France,FRA,2021-W46,1090.4203
France,FRA,2021-W47,1106.5519
France,FRA,2021-W48,1130.8718
France,FRA,2021-W49,1160.6403
France,FRA,2021-W50,1184.703
France,FRA,2021-W51,1214.1863
France,FRA,2021-W52,1239.1085
France,FRA,2022-W01,1248.9141
France,FRA,2022-W02,1256.5533
France,FRA,2022-W03,1268.3704
France,FRA,2022-W04,1291.904
France,FRA,2022-W05,1315.9113
France,FRA,2022-W06,1325.6456
France,FRA,2022-W07,1328.7511
France,FRA,2022-W08,1318.9053
France,FRA,2022-W09,1309.2886
France,FRA,2022-W10,1300.9653
France,FRA,2022-W11,1298.7975
France,FRA,2022-W12,1301.7793
France,FRA,2022-W13,1312.8165
France,FRA,2022-W14,1331.6864
France,FRA,2022-W15,1355.873
France,FRA,2022-W16,1374.4242
France,FRA,2022-W17,1385.446
France,FRA,2022-W18,1397.6035
France,FRA,2022-W19,1403.847
France,FRA,2022-W20,1408.0636
France,FRA,2022-W21,1398.2333
France,FRA,2022-W22,1402.9388
France,FRA,2022-W23,1401.1609
France,FRA,2022-W24,1413.1915
France,FRA,2022-W25,1415.4089
France,FRA,2022-W26,1409.2582
France,FRA,2022-W27,1413.0662
France,FRA,2022-W28,1441.0283
France,FRA,2022-W29,1473.8956
France,FRA,2022-W30,1485.4249
France,FRA,2022-W31,1505.1396
France,FRA,2022-W32,1525.8447
France,FRA,2022-W33,1538.5748
France,FRA,2022-W34,1544.2489
France,FRA,2022-W35,1549.1772
France,FRA,2022-W36,1553.2515
France,FRA,2022-W37,1553.878
France,FRA,2022-W38,1560.5023
France,FRA,2022-W39,1575.408
France,FRA,2022-W40,1592.0465
France,FRA,2022-W41,1604.1453
France,FRA,2022-W42,1620.7375
France,FRA,2022-W43,1627.4762
France,FRA,2022-W44,1628.0967
France,FRA,2022-W45,1633.4274
France,FRA,2022-W46,1649.4037
France,FRA,2022-W47,1666.7789
France,FRA,2022-W48,1686.2802
France,FRA,2022-W49,1725.3801
France,FRA,2022-W50,1775.4323
France,FRA,2022-W51,1838.9587
France,FRA,2022-W52,1887.7123
France,FRA,2023-W01,1910.0667
France,FRA,2023-W02,1909.8597
France,FRA,2023-W03,1905.6996
France,FRA,2023-W04,1900.1063
France,FRA,2023-W05,1889.9823
France,FRA,2023-W06,1876.5782
France,FRA,2023-W07,1862.3186
France,FRA,2023-W08,1847.3796
France,FRA,2023-W09,1831.5419
France,FRA,2023-W10,1823.6354
France,FRA,2023-W11,1818.8605
France,FRA,2023-W12,1809.28
France,FRA,2023-W13,1799.7087
France,FRA,2023-W14,1794.619
France,FRA,2023-W15,1794.1248
France,FRA,2023-W16,1798.6
France,FRA,2023-W17,1803.344
France,FRA,2023-W18,1804.5577
France,FRA,2023-W19,1800.4408
France,FRA,2023-W20,1799.1498
France,FRA,2023-W21,1804.147
France,FRA,2023-W22,1809.907
France,FRA,2023-W23,1817.69
France,FRA,2023-W24,1821.2633
France,FRA,2023-W25,1817.8691
France,FRA,2023-W26,1805.5831
France,FRA,2023-W27,1794.4028
France,FRA,2023-W28,1792.1482
France,FRA,2023-W29,1783.068
France,FRA,2023-W30,1775.6865
France,FRA,2023-W31,1766.8844
France,FRA,2023-W32,1769.9419
France,FRA,2023-W33,1777.9658
France,FRA,2023-W34,1787.5957
France,FRA,2023-W35,1789.9183
France,FRA,2023-W36,1802.229
France,FRA,2023-W37,1803.3162
France,FRA,2023-W38,1795.6412
France,FRA,2023-W39,1795.876
France,FRA,2023-W40,1794.4584
France,FRA,2023-W41,1792.9265
France,FRA,2023-W42,1798.4271
France,FRA,2023-W43,1810.2004
France,FRA,2023-W44,1819.0334
France,FRA,2023-W45,1826.1741
France,FRA,2023-W46,1832.558
France,FRA,2023-W47,1838.84
France,FRA,2023-W48,1853.2972
France,FRA,2023-W49,1877.2607
France,FRA,2023-W50,1893.9634
France,FRA,2023-W51,1907.5743
France,FRA,2023-W52,1920.2988
French Guiana,GUF,2020-W01,-3.436686
French Guiana,GUF,2020-W02,-30.242834
French Guiana,GUF,2020-W03,-49.488277
French Guiana,GUF,2020-W04,-54.986977
French Guiana,GUF,2020-W05,-57.04899
French Guiana,GUF,2020-W06,-85.917145
French Guiana,GUF,2020-W07,-103.10058
French Guiana,GUF,2020-W08,-105.84992
French Guiana,GUF,2020-W09,-120.971344
French Guiana,GUF,2020-W10,-126.47004
French Guiana,GUF,2020-W11,-103.10058
French Guiana,GUF,2020-W12,-129.21939
French Guiana,GUF,2020-W13,-111.348625
French Guiana,GUF,2020-W14,-145.02814
French Guiana,GUF,2020-W15,-176.64566
French Guiana,GUF,2020-W16,-234.38197
French Guiana,GUF,2020-W17,-252.25275
French Guiana,GUF,2020-W18,-292.80563
French Guiana,GUF,2020-W19,-303.80304
French Guiana,GUF,2020-W20,-305.1777
French Guiana,GUF,2020-W21,-335.42053
French Guiana,GUF,2020-W22,-359.47736
French Guiana,GUF,2020-W23,-353.97864
French Guiana,GUF,2020-W24,-355.35333
French Guiana,GUF,2020-W25,-308.61438
French Guiana,GUF,2020-W26,-290.74362
French Guiana,GUF,2020-W27,-278.37155
French Guiana,GUF,2020-W28,-261.87546
French Guiana,GUF,2020-W29,-230.25795
French Guiana,GUF,2020-W30,-224.07191
French Guiana,GUF,2020-W31,-225.44658
French Guiana,GUF,2020-W32,-229.57062
French Guiana,GUF,2020-W33,-252.25275
French Guiana,GUF,2020-W34,-235.75665
French Guiana,GUF,2020-W35,-219.26056
French Guiana,GUF,2020-W36,-224.07191
French Guiana,GUF,2020-W37,-260.5008
French Guiana,GUF,2020-W38,-252.25275
French Guiana,GUF,2020-W39,-259.81345
French Guiana,GUF,2020-W40,-259.12613
French Guiana,GUF,2020-W41,-248.81606
French Guiana,GUF,2020-W42,-228.19594
French Guiana,GUF,2020-W43,-235.75665
French Guiana,GUF,2020-W44,-204.13914
French Guiana,GUF,2020-W45,-211.69986
French Guiana,GUF,2020-W46,-250.19073
French Guiana,GUF,2020-W47,-233.00731
French Guiana,GUF,2020-W48,-231.63264
French Guiana,GUF,2020-W49,-222.69725
French Guiana,GUF,2020-W50,-243.31737
French Guiana,GUF,2020-W51,-258.43878
French Guiana,GUF,2020-W52,-250.87807
French Guiana,GUF,2020-W53,-254.82246
French Guiana,GUF,2021-W01,-260.87366
French Guiana,GUF,2021-W02,-246.08185
French Guiana,GUF,2021-W03,-264.2354
French Guiana,GUF,2021-W04,-268.9419
French Guiana,GUF,2021-W05,-260.2013
French Guiana,GUF,2021-W06,-257.51187
French Guiana,GUF,2021-W07,-256.8395
French Guiana,GUF,2021-W08,-245.40948
French Guiana,GUF,2021-W09,-249.44362
French Guiana,GUF,2021-W10,-230.61769
French Guiana,GUF,2021-W11,-190.2764
French Guiana,GUF,2021-W12,-158.00337
French Guiana,GUF,2021-W13,-133.12624
French Guiana,GUF,2021-W14,-141.86685
French Guiana,GUF,2021-W15,-168.76105
French Guiana,GUF,2021-W16,-190.94876
French Guiana,GUF,2021-W17,-221.20473
French Guiana,GUF,2021-W18,-226.58356
French Guiana,GUF,2021-W19,-229.94534
French Guiana,GUF,2021-W20,-207.08528
French Guiana,GUF,2021-W21,-202.3788
French Guiana,GUF,2021-W22,-188.25934
French Guiana,GUF,2021-W23,-151.95218
French Guiana,GUF,2021-W24,-105.55971
French Guiana,GUF,2021-W25,-52.44368
French Guiana,GUF,2021-W26,-51.098972
French Guiana,GUF,2021-W27,-8.068269
French Guiana,GUF,2021-W28,32.273018
French Guiana,GUF,2021-W29,53.788372
French Guiana,GUF,2021-W30,87.40611
French Guiana,GUF,2021-W31,133.79858
French Guiana,GUF,2021-W32,143.88391
French Guiana,GUF,2021-W33,186.24226
French Guiana,GUF,2021-W34,253.47774
French Guiana,GUF,2021-W35,293.81903
French Guiana,GUF,2021-W36,326.7644
French Guiana,GUF,2021-W37,382.56985
French Guiana,GUF,2021-W38,461.9077
French Guiana,GUF,2021-W39,532.505
French Guiana,GUF,2021-W40,580.91455
French Guiana,GUF,2021-W41,618.5664
French Guiana,GUF,2021-W42,646.13293
French Guiana,GUF,2021-W43,696.5596
French Guiana,GUF,2021-W44,734.8838
French Guiana,GUF,2021-W45,755.05444
French Guiana,GUF,2021-W46,741.6073
French Guiana,GUF,2021-W47,752.365
French Guiana,GUF,2021-W48,727.48785
French Guiana,GUF,2021-W49,736.9008
French Guiana,GUF,2021-W50,720.76434
French Guiana,GUF,2021-W51,723.45374
French Guiana,GUF,2021-W52,721.02124
French Guiana,GUF,2022-W01,732.1846
French Guiana,GUF,2022-W02,750.5713
French Guiana,GUF,2022-W03,799.16473
French Guiana,GUF,2022-W04,837.9081
French Guiana,GUF,2022-W05,847.10144
French Guiana,GUF,2022-W06,850.38477
French Guiana,GUF,2022-W07,871.39813
French Guiana,GUF,2022-W08,876.6515
French Guiana,GUF,2022-W09,886.5015
French Guiana,GUF,2022-W10,889.1282
French Guiana,GUF,2022-W11,902.9182
French Guiana,GUF,2022-W12,869.42816
French Guiana,GUF,2022-W13,854.98145
French Guiana,GUF,2022-W14,837.2514
French Guiana,GUF,2022-W15,860.8915
French Guiana,GUF,2022-W16,846.44476
French Guiana,GUF,2022-W17,833.9681
French Guiana,GUF,2022-W18,832.6548
French Guiana,GUF,2022-W19,836.5948
French Guiana,GUF,2022-W20,843.16144
French Guiana,GUF,2022-W21,828.7148
French Guiana,GUF,2022-W22,816.8947
French Guiana,GUF,2022-W23,810.32806
French Guiana,GUF,2022-W24,830.0281
French Guiana,GUF,2022-W25,830.0281
French Guiana,GUF,2022-W26,841.84814
French Guiana,GUF,2022-W27,851.6981
French Guiana,GUF,2022-W28,829.37146
French Guiana,GUF,2022-W29,814.92474
French Guiana,GUF,2022-W30,822.1481
French Guiana,GUF,2022-W31,812.2981
French Guiana,GUF,2022-W32,832.6548
French Guiana,GUF,2022-W33,835.28143
French Guiana,GUF,2022-W34,839.22144
French Guiana,GUF,2022-W35,843.16144
French Guiana,GUF,2022-W36,833.31146
French Guiana,GUF,2022-W37,829.37146
French Guiana,GUF,2022-W38,835.28143
French Guiana,GUF,2022-W39,835.9381
French Guiana,GUF,2022-W40,834.62476
French Guiana,GUF,2022-W41,858.9215
French Guiana,GUF,2022-W42,866.8015
French Guiana,GUF,2022-W43,834.62476
French Guiana,GUF,2022-W44,820.1781
French Guiana,GUF,2022-W45,801.1347
French Guiana,GUF,2022-W46,795.22473
French Guiana,GUF,2022-W47,819.5214
French Guiana,GUF,2022-W48,835.28143
French Guiana,GUF,2022-W49,812.2981
French Guiana,GUF,2022-W50,810.32806
French Guiana,GUF,2022-W51,820.1781
French Guiana,GUF,2022-W52,853.40576
French Guiana,GUF,2023-W01,836.107
French Guiana,GUF,2023-W02,838.6698
French Guiana,GUF,2023-W03,835.4663
French Guiana,GUF,2023-W04,825.8559
French Guiana,GUF,2023-W05,825.8559
French Guiana,GUF,2023-W06,852.1244
French Guiana,GUF,2023-W07,876.4708
French Guiana,GUF,2023-W08,911.06836
French Guiana,GUF,2023-W09,921.31946
French Guiana,GUF,2023-W10,908.50555
French Guiana,GUF,2023-W11,909.7869
French Guiana,GUF,2023-W12,890.5661
French Guiana,GUF,2023-W13,902.7393
French Guiana,GUF,2023-W14,898.89514
French Guiana,GUF,2023-W15,884.1591
French Guiana,GUF,2023-W16,870.7045
French Guiana,GUF,2023-W17,852.7651
French Guiana,GUF,2023-W18,852.1244
French Guiana,GUF,2023-W19,824.57446
French Guiana,GUF,2023-W20,838.0291
French Guiana,GUF,2023-W21,827.77795
French Guiana,GUF,2023-W22,855.3279
French Guiana,GUF,2023-W23,871.9859
French Guiana,GUF,2023-W24,904.6614
French Guiana,GUF,2023-W25,914.9125
French Guiana,GUF,2023-W26,882.23706
French Guiana,GUF,2023-W27,876.4708
French Guiana,GUF,2023-W28,880.9557
French Guiana,GUF,2023-W29,873.908
French Guiana,GUF,2023-W30,894.4103
French Guiana,GUF,2023-W31,895.05096
French Guiana,GUF,2023-W32,880.31494
French Guiana,GUF,2023-W33,864.2976
French Guiana,GUF,2023-W34,875.1894
French Guiana,GUF,2023-W35,892.48816
French Guiana,GUF,2023-W36,905.94275
French Guiana,GUF,2023-W37,896.33234
French Guiana,GUF,2023-W38,902.7393
French Guiana,GUF,2023-W39,942.4624
French Guiana,GUF,2023-W40,957.83905
French Guiana,GUF,2023-W41,972.5751
French Guiana,GUF,2023-W42,993.71796
French Guiana,GUF,2023-W43,975.7785
French Guiana,GUF,2023-W44,971.9343
French Guiana,GUF,2023-W45,979.6227
French Guiana,GUF,2023-W46,964.8867
French Guiana,GUF,2023-W47,989.2331
French Guiana,GUF,2023-W48,998.84357
French Guiana,GUF,2023-W49,996.28076
French Guiana,GUF,2023-W50,1007.8133
French Guiana,GUF,2023-W51,1005.2505
French Guiana,GUF,2023-W52,1014.2202
French Polynesia,PYF,2020-W05,-76.83772
French Polynesia,PYF,2020-W09,-61.60263
French Polynesia,PYF,2020-W14,-33.782097
French Polynesia,PYF,2020-W18,-64.914604
French Polynesia,PYF,2020-W22,-106.64546
French Polynesia,PYF,2020-W27,-106.64546
French Polynesia,PYF,2020-W31,-197.39345
French Polynesia,PYF,2020-W36,-297.41498
French Polynesia,PYF,2020-W40,-265.62006
French Polynesia,PYF,2020-W44,-247.73543
French Polynesia,PYF,2020-W49,-117.24378
French Polynesia,PYF,2020-W53,8.61112
French Polynesia,PYF,2021-W04,35.85079
French Polynesia,PYF,2021-W08,62.492214
French Polynesia,PYF,2021-W13,-26.641401
French Polynesia,PYF,2021-W17,-121.69529
French Polynesia,PYF,2021-W22,-210.8289
French Polynesia,PYF,2021-W26,-245.36406
French Polynesia,PYF,2021-W30,-268.05856
French Polynesia,PYF,2021-W35,1101.1782
French Polynesia,PYF,2021-W39,1838.2571
French Polynesia,PYF,2021-W43,1837.9282
French Polynesia,PYF,2021-W48,1840.8883
French Polynesia,PYF,2021-W52,1809.6422
French Polynesia,PYF,2022-W05,1818.8525
French Polynesia,PYF,2022-W09,1808.0785
French Polynesia,PYF,2022-W13,1793.3867
French Polynesia,PYF,2022-W17,1720.5803
French Polynesia,PYF,2022-W22,1669.975
French Polynesia,PYF,2022-W26,1663.7719
French Polynesia,PYF,2022-W30,1564.8466
French Polynesia,PYF,2022-W35,1486.1635
French Polynesia,PYF,2022-W39,1563.5406
French Polynesia,PYF,2022-W44,1506.4056
French Polynesia,PYF,2022-W48,1511.3029
French Polynesia,PYF,2022-W52,1521.424
French Polynesia,PYF,2023-W05,1452.0107
French Polynesia,PYF,2023-W09,1449.7445
French Polynesia,PYF,2023-W13,1453.3058
French Polynesia,PYF,2023-W17,1399.2399
French Polynesia,PYF,2023-W22,1409.2761
French Polynesia,PYF,2023-W26,1388.8799
French Polynesia,PYF,2023-W31,1380.1387
French Polynesia,PYF,2023-W35,1333.1952
French Polynesia,PYF,2023-W39,1350.3539
French Polynesia,PYF,2023-W44,1357.1526
French Polynesia,PYF,2023-W48,1344.5265
French Polynesia,PYF,2023-W52,1414.7798
Georgia,GEO,2020-W05,11.763367
Georgia,GEO,2020-W09,80.936516
Georgia,GEO,2020-W14,41.716217
Georgia,GEO,2020-W18,-22.305483
Georgia,GEO,2020-W22,-11.126226
Georgia,GEO,2020-W27,1.8055549
Georgia,GEO,2020-W31,82.768654
Georgia,GEO,2020-W36,50.6649
Georgia,GEO,2020-W40,95.24903
Georgia,GEO,2020-W44,226.66472
Georgia,GEO,2020-W49,787.77716
Georgia,GEO,2020-W53,1356.6964
Georgia,GEO,2021-W04,1525.7914
Georgia,GEO,2021-W08,1550.5121
Georgia,GEO,2021-W13,1615.8928
Georgia,GEO,2021-W17,1712.0348
Georgia,GEO,2021-W22,1929.0396
Georgia,GEO,2021-W26,2121.1904
Georgia,GEO,2021-W30,2354.9062
Georgia,GEO,2021-W35,3039.1826
Georgia,GEO,2021-W39,3639.0522
Georgia,GEO,2021-W43,4196.878
Georgia,GEO,2021-W48,4948.2114
Georgia,GEO,2021-W52,5456.17
Georgia,GEO,2022-W05,5795.157
Georgia,GEO,2022-W09,6305.6016
Georgia,GEO,2022-W13,6557.472
Georgia,GEO,2022-W17,6573.416
Georgia,GEO,2022-W22,6584.072
Georgia,GEO,2022-W26,6592.2173
Georgia,GEO,2022-W30,6672.2573
Georgia,GEO,2022-W35,6772.6475
Georgia,GEO,2022-W39,6875.388
Georgia,GEO,2022-W44,6883.0527
Georgia,GEO,2022-W48,6901.7207
Georgia,GEO,2022-W52,6951.208
Georgia,GEO,2023-W05,7000.4165
Georgia,GEO,2023-W09,7020.721
Georgia,GEO,2023-W13,6954.0684
Georgia,GEO,2023-W17,6946.585
Georgia,GEO,2023-W22,6945.861
Georgia,GEO,2023-W26,6950.6616
Georgia,GEO,2023-W31,6975.3647
Georgia,GEO,2023-W35,7052.1562
Georgia,GEO,2023-W39,7108.51
Georgia,GEO,2023-W44,7158.6934
Georgia,GEO,2023-W48,7119.3457
Georgia,GEO,2023-W52,7002.3213
Germany,DEU,2020-W01,-9.128866
Germany,DEU,2020-W02,-15.812019
Germany,DEU,2020-W03,-27.909845
Germany,DEU,2020-W04,-44.157497
Germany,DEU,2020-W05,-57.217785
Germany,DEU,2020-W06,-79.20174
Germany,DEU,2020-W07,-100.36484
Germany,DEU,2020-W08,-135.33347
Germany,DEU,2020-W09,-169.76686
Germany,DEU,2020-W10,-196.11905
Germany,DEU,2020-W11,-209.16011
Germany,DEU,2020-W12,-213.36153
Germany,DEU,2020-W13,-210.06017
Germany,DEU,2020-W14,-189.4947
Germany,DEU,2020-W15,-163.81697
Germany,DEU,2020-W16,-147.96776
Germany,DEU,2020-W17,-139.92615
Germany,DEU,2020-W18,-133.96303
Germany,DEU,2020-W19,-134.50424
Germany,DEU,2020-W20,-137.63042
Germany,DEU,2020-W21,-135.08028
Germany,DEU,2020-W22,-138.96968
Germany,DEU,2020-W23,-135.15228
Germany,DEU,2020-W24,-133.303
Germany,DEU,2020-W25,-137.90523
Germany,DEU,2020-W26,-133.20459
Germany,DEU,2020-W27,-144.93282
Germany,DEU,2020-W28,-151.91118
Germany,DEU,2020-W29,-159.07916
Germany,DEU,2020-W30,-168.95448
Germany,DEU,2020-W31,-168.22844
Germany,DEU,2020-W32,-162.66615
Germany,DEU,2020-W33,-128.11275
Germany,DEU,2020-W34,-117.15018
Germany,DEU,2020-W35,-118.905876
Germany,DEU,2020-W36,-114.10923
Germany,DEU,2020-W37,-107.826904
Germany,DEU,2020-W38,-97.29875
Germany,DEU,2020-W39,-90.05876
Germany,DEU,2020-W40,-82.83077
Germany,DEU,2020-W41,-85.0377
Germany,DEU,2020-W42,-83.053986
Germany,DEU,2020-W43,-71.22976
Germany,DEU,2020-W44,-58.491093
Germany,DEU,2020-W45,-45.76443
Germany,DEU,2020-W46,-24.990154
Germany,DEU,2020-W47,-0.841286
Germany,DEU,2020-W48,34.993774
Germany,DEU,2020-W49,81.42539
Germany,DEU,2020-W50,144.87389
Germany,DEU,2020-W51,212.53703
Germany,DEU,2020-W52,294.01526
Germany,DEU,2020-W53,374.97946
Germany,DEU,2021-W01,436.55347
Germany,DEU,2021-W02,489.63675
Germany,DEU,2021-W03,537.93396
Germany,DEU,2021-W04,566.1517
Germany,DEU,2021-W05,575.3977
Germany,DEU,2021-W06,574.63763
Germany,DEU,2021-W07,561.95306
Germany,DEU,2021-W08,525.65704
Germany,DEU,2021-W09,476.99533
Germany,DEU,2021-W10,436.2753
Germany,DEU,2021-W11,403.89014
Germany,DEU,2021-W12,382.61414
Germany,DEU,2021-W13,370.3564
Germany,DEU,2021-W14,367.78113
Germany,DEU,2021-W15,374.92905
Germany,DEU,2021-W16,389.34244
Germany,DEU,2021-W17,407.6691
Germany,DEU,2021-W18,428.84677
Germany,DEU,2021-W19,437.75952
Germany,DEU,2021-W20,442.6751
Germany,DEU,2021-W21,443.90997
Germany,DEU,2021-W22,455.3165
Germany,DEU,2021-W23,459.6158
Germany,DEU,2021-W24,489.46405
Germany,DEU,2021-W25,492.66516
Germany,DEU,2021-W26,492.33185
Germany,DEU,2021-W27,485.38052
Germany,DEU,2021-W28,494.95987
Germany,DEU,2021-W29,499.0266
Germany,DEU,2021-W30,491.3727
Germany,DEU,2021-W31,485.48602
Germany,DEU,2021-W32,490.44952
Germany,DEU,2021-W33,496.6935
Germany,DEU,2021-W34,501.08154
Germany,DEU,2021-W35,505.8676
Germany,DEU,2021-W36,534.04456
Germany,DEU,2021-W37,549.46265
Germany,DEU,2021-W38,565.52576
Germany,DEU,2021-W39,579.27496
Germany,DEU,2021-W40,591.9571
Germany,DEU,2021-W41,605.4401
Germany,DEU,2021-W42,629.81177
Germany,DEU,2021-W43,661.52075
Germany,DEU,2021-W44,694.6588
Germany,DEU,2021-W45,730.44653
Germany,DEU,2021-W46,780.9042
Germany,DEU,2021-W47,840.4161
Germany,DEU,2021-W48,909.08527
Germany,DEU,2021-W49,970.92065
Germany,DEU,2021-W50,1020.7189
Germany,DEU,2021-W51,1059.7292
Germany,DEU,2021-W52,1099.4442
Germany,DEU,2022-W01,1110.8081
Germany,DEU,2022-W02,1106.9362
Germany,DEU,2022-W03,1102.1982
Germany,DEU,2022-W04,1099.3699
Germany,DEU,2022-W05,1094.0538
Germany,DEU,2022-W06,1086.2117
Germany,DEU,2022-W07,1079.9095
Germany,DEU,2022-W08,1058.6693
Germany,DEU,2022-W09,1036.5726
Germany,DEU,2022-W10,1025.8877
Germany,DEU,2022-W11,1027.5957
Germany,DEU,2022-W12,1038.211
Germany,DEU,2022-W13,1052.6191
Germany,DEU,2022-W14,1073.3197
Germany,DEU,2022-W15,1092.6528
Germany,DEU,2022-W16,1108.9633
Germany,DEU,2022-W17,1123.2994
Germany,DEU,2022-W18,1141.5674
Germany,DEU,2022-W19,1157.0406
Germany,DEU,2022-W20,1169.3304
Germany,DEU,2022-W21,1169.3616
Germany,DEU,2022-W22,1178.0577
Germany,DEU,2022-W23,1186.9003
Germany,DEU,2022-W24,1208.1454
Germany,DEU,2022-W25,1232.0822
Germany,DEU,2022-W26,1248.6565
Germany,DEU,2022-W27,1253.9557
Germany,DEU,2022-W28,1278.1443
Germany,DEU,2022-W29,1321.0112
Germany,DEU,2022-W30,1348.6974
Germany,DEU,2022-W31,1376.5325
Germany,DEU,2022-W32,1407.0782
Germany,DEU,2022-W33,1440.8123
Germany,DEU,2022-W34,1465.6125
Germany,DEU,2022-W35,1480.1598
Germany,DEU,2022-W36,1505.4543
Germany,DEU,2022-W37,1521.8344
Germany,DEU,2022-W38,1547.7958
Germany,DEU,2022-W39,1587.1434
Germany,DEU,2022-W40,1627.1627
Germany,DEU,2022-W41,1673.057
Germany,DEU,2022-W42,1720.453
Germany,DEU,2022-W43,1763.243
Germany,DEU,2022-W44,1788.811
Germany,DEU,2022-W45,1812.3519
Germany,DEU,2022-W46,1842.9409
Germany,DEU,2022-W47,1878.954
Germany,DEU,2022-W48,1923.0491
Germany,DEU,2022-W49,1984.3566
Germany,DEU,2022-W50,2068.1062
Germany,DEU,2022-W51,2179.8662
Germany,DEU,2022-W52,2280.8516
Germany,DEU,2023-W01,2345.7043
Germany,DEU,2023-W02,2373.6738
Germany,DEU,2023-W03,2384.1606
Germany,DEU,2023-W04,2384.8535
Germany,DEU,2023-W05,2382.48
Germany,DEU,2023-W06,2373.58
Germany,DEU,2023-W07,2363.5686
Germany,DEU,2023-W08,2346.9495
Germany,DEU,2023-W09,2326.0632
Germany,DEU,2023-W10,2321.9058
Germany,DEU,2023-W11,2327.5952
Germany,DEU,2023-W12,2337.698
Germany,DEU,2023-W13,2348.6074
Germany,DEU,2023-W14,2355.8984
Germany,DEU,2023-W15,2372.4216
Germany,DEU,2023-W16,2390.4575
Germany,DEU,2023-W17,2402.5195
Germany,DEU,2023-W18,2417.0884
Germany,DEU,2023-W19,2426.4707
Germany,DEU,2023-W20,2434.9358
Germany,DEU,2023-W21,2447.5068
Germany,DEU,2023-W22,2453.6716
Germany,DEU,2023-W23,2465.9978
Germany,DEU,2023-W24,2477.9038
Germany,DEU,2023-W25,2488.638
Germany,DEU,2023-W26,2485.508
Germany,DEU,2023-W27,2477.2878
Germany,DEU,2023-W28,2484.6846
Germany,DEU,2023-W29,2475.3958
Germany,DEU,2023-W30,2461.5618
Germany,DEU,2023-W31,2450.686
Germany,DEU,2023-W32,2451.3354
Germany,DEU,2023-W33,2466.2092
Germany,DEU,2023-W34,2479.3564
Germany,DEU,2023-W35,2473.9695
Germany,DEU,2023-W36,2490.0967
Germany,DEU,2023-W37,2500.6387
Germany,DEU,2023-W38,2504.1912
Germany,DEU,2023-W39,2509.1003
Germany,DEU,2023-W40,2518.5354
Germany,DEU,2023-W41,2526.9358
Germany,DEU,2023-W42,2544.763
Germany,DEU,2023-W43,2572.0144
Germany,DEU,2023-W44,2601.4412
Germany,DEU,2023-W45,2628.5269
Germany,DEU,2023-W46,2657.6128
Germany,DEU,2023-W47,2687.7576
Germany,DEU,2023-W48,2727.6365
Germany,DEU,2023-W49,2773.8904
Germany,DEU,2023-W50,2816.6987
Germany,DEU,2023-W51,2860.686
Germany,DEU,2023-W52,2896.0676
Gibraltar,GIB,2020-W05,6.1089454
Gibraltar,GIB,2020-W09,-54.980274
Gibraltar,GIB,2020-W14,-91.633835
Gibraltar,GIB,2020-W18,-158.832
Gibraltar,GIB,2020-W22,-513.1495
Gibraltar,GIB,2020-W27,-720.85284
Gibraltar,GIB,2020-W31,-635.32794
Gibraltar,GIB,2020-W36,-696.4172
Gibraltar,GIB,2020-W40,-763.6153
Gibraltar,GIB,2020-W44,-757.50635
Gibraltar,GIB,2020-W49,-635.32794
Gibraltar,GIB,2020-W53,-1062.9525
Gibraltar,GIB,2021-W04,599.42505
Greece,GRC,2020-W01,-8.980005
Greece,GRC,2020-W02,-20.585533
Greece,GRC,2020-W03,-27.396656
Greece,GRC,2020-W04,-39.154396
Greece,GRC,2020-W05,-24.847263
Greece,GRC,2020-W06,-13.508097
Greece,GRC,2020-W07,4.4709587
Greece,GRC,2020-W08,-5.0798106
Greece,GRC,2020-W09,-10.083514
Greece,GRC,2020-W10,1.6361613
Greece,GRC,2020-W11,12.632884
Greece,GRC,2020-W12,25.151642
Greece,GRC,2020-W13,31.601276
Greece,GRC,2020-W14,35.72979
Greece,GRC,2020-W15,33.446735
Greece,GRC,2020-W16,26.540487
Greece,GRC,2020-W17,17.598522
Greece,GRC,2020-W18,15.315468
Greece,GRC,2020-W19,3.253325
Greece,GRC,2020-W20,32.60961
Greece,GRC,2020-W21,52.16779
Greece,GRC,2020-W22,27.206402
Greece,GRC,2020-W23,16.49506
Greece,GRC,2020-W24,9.493684
Greece,GRC,2020-W25,4.052408
Greece,GRC,2020-W26,-11.301126
Greece,GRC,2020-W27,21.555826
Greece,GRC,2020-W28,20.718702
Greece,GRC,2020-W29,14.55445
Greece,GRC,2020-W30,5.250998
Greece,GRC,2020-W31,35.159004
Greece,GRC,2020-W32,42.483803
Greece,GRC,2020-W33,47.639698
Greece,GRC,2020-W34,63.392784
Greece,GRC,2020-W35,73.685555
Greece,GRC,2020-W36,86.96533
Greece,GRC,2020-W37,102.96573
Greece,GRC,2020-W38,122.94246
Greece,GRC,2020-W39,134.0343
Greece,GRC,2020-W40,143.71826
Greece,GRC,2020-W41,146.515
Greece,GRC,2020-W42,141.45422
Greece,GRC,2020-W43,141.68253
Greece,GRC,2020-W44,153.97296
Greece,GRC,2020-W45,171.91397
Greece,GRC,2020-W46,213.2563
Greece,GRC,2020-W47,285.87646
Greece,GRC,2020-W48,372.27103
Greece,GRC,2020-W49,459.2554
Greece,GRC,2020-W50,519.4329
Greece,GRC,2020-W51,556.89404
Greece,GRC,2020-W52,568.7279
Greece,GRC,2020-W53,576.52344
Greece,GRC,2021-W01,556.2752
Greece,GRC,2021-W02,503.32352
Greece,GRC,2021-W03,474.4399
Greece,GRC,2021-W04,446.80087
Greece,GRC,2021-W05,411.88586
Greece,GRC,2021-W06,384.61063
Greece,GRC,2021-W07,377.3251
Greece,GRC,2021-W08,384.93613
Greece,GRC,2021-W09,395.49582
Greece,GRC,2021-W10,406.80228
Greece,GRC,2021-W11,434.5179
Greece,GRC,2021-W12,465.39285
Greece,GRC,2021-W13,517.1574
Greece,GRC,2021-W14,562.0864
Greece,GRC,2021-W15,616.35925
Greece,GRC,2021-W16,645.4918
Greece,GRC,2021-W17,692.2015
Greece,GRC,2021-W18,748.4848
Greece,GRC,2021-W19,764.48236
Greece,GRC,2021-W20,795.07007
Greece,GRC,2021-W21,837.43335
Greece,GRC,2021-W22,844.5657
Greece,GRC,2021-W23,860.00793
Greece,GRC,2021-W24,861.0898
Greece,GRC,2021-W25,912.08844
Greece,GRC,2021-W26,988.1509
Greece,GRC,2021-W27,1022.64465
Greece,GRC,2021-W28,1058.1724
Greece,GRC,2021-W29,1080.3927
Greece,GRC,2021-W30,1125.7812
Greece,GRC,2021-W31,1267.2124
Greece,GRC,2021-W32,1313.5392
Greece,GRC,2021-W33,1346.1948
Greece,GRC,2021-W34,1400.525
Greece,GRC,2021-W35,1434.9039
Greece,GRC,2021-W36,1466.2576
Greece,GRC,2021-W37,1523.4216
Greece,GRC,2021-W38,1557.59
Greece,GRC,2021-W39,1594.4005
Greece,GRC,2021-W40,1624.6244
Greece,GRC,2021-W41,1652.1294
Greece,GRC,2021-W42,1680.7258
Greece,GRC,2021-W43,1726.8994
Greece,GRC,2021-W44,1793.2542
Greece,GRC,2021-W45,1838.681
Greece,GRC,2021-W46,1898.1812
Greece,GRC,2021-W47,1971.9268
Greece,GRC,2021-W48,2045.5575
Greece,GRC,2021-W49,2131.9402
Greece,GRC,2021-W50,2207.8113
Greece,GRC,2021-W51,2278.0527
Greece,GRC,2021-W52,2353.8245
Greece,GRC,2022-W01,2392.1875
Greece,GRC,2022-W02,2422.019
Greece,GRC,2022-W03,2450.7336
Greece,GRC,2022-W04,2522.4912
Greece,GRC,2022-W05,2588.1821
Greece,GRC,2022-W06,2633.9214
Greece,GRC,2022-W07,2675.886
Greece,GRC,2022-W08,2694.22
Greece,GRC,2022-W09,2714.9424
Greece,GRC,2022-W10,2742.771
Greece,GRC,2022-W11,2793.7485
Greece,GRC,2022-W12,2850.311
Greece,GRC,2022-W13,2910.937
Greece,GRC,2022-W14,2951.8809
Greece,GRC,2022-W15,2988.8381
Greece,GRC,2022-W16,3012.6416
Greece,GRC,2022-W17,3042.6658
Greece,GRC,2022-W18,3039.6616
Greece,GRC,2022-W19,3058.4387
Greece,GRC,2022-W20,3077.5432
Greece,GRC,2022-W21,3102.9067
Greece,GRC,2022-W22,3135.1072
Greece,GRC,2022-W23,3146.5852
Greece,GRC,2022-W24,3142.2712
Greece,GRC,2022-W25,3145.3142
Greece,GRC,2022-W26,3159.604
Greece,GRC,2022-W27,3196.1184
Greece,GRC,2022-W28,3218.362
Greece,GRC,2022-W29,3258.516
Greece,GRC,2022-W30,3340.4614
Greece,GRC,2022-W31,3403.264
Greece,GRC,2022-W32,3429.9177
Greece,GRC,2022-W33,3456.4946
Greece,GRC,2022-W34,3471.0732
Greece,GRC,2022-W35,3487.732
Greece,GRC,2022-W36,3491.237
Greece,GRC,2022-W37,3502.5996
Greece,GRC,2022-W38,3502.2915
Greece,GRC,2022-W39,3532.9512
Greece,GRC,2022-W40,3536.1868
Greece,GRC,2022-W41,3539.3835
Greece,GRC,2022-W42,3543.8708
Greece,GRC,2022-W43,3561.5117
Greece,GRC,2022-W44,3575.1853
Greece,GRC,2022-W45,3576.957
Greece,GRC,2022-W46,3597.1208
Greece,GRC,2022-W47,3602.629
Greece,GRC,2022-W48,3634.0203
Greece,GRC,2022-W49,3658.6907
Greece,GRC,2022-W50,3665.3733
Greece,GRC,2022-W51,3676.7937
Greece,GRC,2022-W52,3727.741
Greece,GRC,2023-W01,3739.664
Greece,GRC,2023-W02,3739.635
Greece,GRC,2023-W03,3736.8406
Greece,GRC,2023-W04,3726.8901
Greece,GRC,2023-W05,3717.7134
Greece,GRC,2023-W06,3725.0527
Greece,GRC,2023-W07,3748.0383
Greece,GRC,2023-W08,3759.6714
Greece,GRC,2023-W09,3764.516
Greece,GRC,2023-W10,3759.6714
Greece,GRC,2023-W11,3743.2615
Greece,GRC,2023-W12,3739.0356
Greece,GRC,2023-W13,3740.9211
Greece,GRC,2023-W14,3722.8481
Greece,GRC,2023-W15,3715.1797
Greece,GRC,2023-W16,3712.5786
Greece,GRC,2023-W17,3714
Greece,GRC,2023-W18,3712.8105
Greece,GRC,2023-W19,3707.289
Greece,GRC,2023-W20,3708.6719
Greece,GRC,2023-W21,3716.5334
Greece,GRC,2023-W22,3709.6968
Greece,GRC,2023-W23,3713.6711
Greece,GRC,2023-W24,3689.9895
Greece,GRC,2023-W25,3672.6318
Greece,GRC,2023-W26,3649.2595
Greece,GRC,2023-W27,3648.2056
Greece,GRC,2023-W28,3653.7078
Greece,GRC,2023-W29,3724.6758
Greece,GRC,2023-W30,3779.785
Greece,GRC,2023-W31,3769.7378
Greece,GRC,2023-W32,3732.963
Greece,GRC,2023-W33,3734.5005
Greece,GRC,2023-W34,3770.2117
Greece,GRC,2023-W35,3780.5488
Greece,GRC,2023-W36,3773.8088
Greece,GRC,2023-W37,3782.5022
Greece,GRC,2023-W38,3797.1716
Greece,GRC,2023-W39,3806.774
Greece,GRC,2023-W40,3800.9236
Greece,GRC,2023-W41,3785.9448
Greece,GRC,2023-W42,3784.9294
Greece,GRC,2023-W43,3786.196
Greece,GRC,2023-W44,3772.9387
Greece,GRC,2023-W45,3748.5024
Greece,GRC,2023-W46,3726.7742
Greece,GRC,2023-W47,3725.6233
Greece,GRC,2023-W48,3735.9607
Greece,GRC,2023-W49,3728.7178
Greece,GRC,2023-W50,3742.7683
Greece,GRC,2023-W51,3757.0315
Greece,GRC,2023-W52,3780.249
Greenland,GRL,2020-W05,-224.80327
Greenland,GRL,2020-W09,-153.43715
Greenland,GRL,2020-W14,-292.60107
Greenland,GRL,2020-W18,-599.4754
Greenland,GRL,2020-W22,-802.8689
Greenland,GRL,2020-W27,-749.3443
Greenland,GRL,2020-W31,-824.27875
Greenland,GRL,2020-W36,-724.3662
Greenland,GRL,2020-W40,-599.4755
Greenland,GRL,2020-W44,-713.6613
Greenland,GRL,2020-W49,-610.1805
Greenland,GRL,2020-W53,-413.9236
Greenland,GRL,2021-W04,-446.09543
Greenland,GRL,2021-W08,-327.0182
Greenland,GRL,2021-W13,-577.6135
Greenland,GRL,2021-W17,-639.81805
Greenland,GRL,2021-W22,-1007.71344
Greenland,GRL,2021-W26,-1048.5907
Greenland,GRL,2021-W30,-826.43164
Greenland,GRL,2021-W35,-732.23627
Greenland,GRL,2021-W39,-719.79535
Greenland,GRL,2021-W43,-643.3726
Greenland,GRL,2021-W48,-883.3044
Greenland,GRL,2021-W52,-924.18164
Greenland,GRL,2022-W05,-939.92285
Greenland,GRL,2022-W09,-842.5674
Greenland,GRL,2022-W13,-1343.5055
Greenland,GRL,2022-W17,-1391.2982
Greenland,GRL,2022-W22,-1531.1361
Greenland,GRL,2022-W26,-1787.8005
Greenland,GRL,2022-W30,-1817.8922
Greenland,GRL,2022-W35,-1674.5142
Greenland,GRL,2022-W39,-1789.5707
Greenland,GRL,2022-W44,-1628.4917
Greenland,GRL,2022-W48,-1516.9753
Greenland,GRL,2022-W52,-1791.3408
Greenland,GRL,2023-W05,-1898.8125
Greenland,GRL,2023-W09,-1859.9893
Greenland,GRL,2023-W13,-1958.8121
Greenland,GRL,2023-W17,-2276.4573
Greenland,GRL,2023-W22,-2421.1624
Greenland,GRL,2023-W26,-2699.9841
Greenland,GRL,2023-W31,-2611.7495
Greenland,GRL,2023-W35,-2562.3381
Greenland,GRL,2023-W39,-2682.3374
Greenland,GRL,2023-W44,-2774.1016
Greenland,GRL,2023-W48,-2738.8076
Greenland,GRL,2023-W52,-2770.572
Guadeloupe,GLP,2020-W01,29.824423
Guadeloupe,GLP,2020-W02,-8.087969
Guadeloupe,GLP,2020-W03,-43.47287
Guadeloupe,GLP,2020-W04,-27.802412
Guadeloupe,GLP,2020-W05,-55.60483
Guadeloupe,GLP,2020-W06,-88.46224
Guadeloupe,GLP,2020-W07,-72.791794
Guadeloupe,GLP,2020-W08,-13.142964
Guadeloupe,GLP,2020-W09,-10.615472
Guadeloupe,GLP,2020-W10,-6.065977
Guadeloupe,GLP,2020-W11,-13.648456
Guadeloupe,GLP,2020-W12,-10.1099615
Guadeloupe,GLP,2020-W13,-18.703442
Guadeloupe,GLP,2020-W14,-2.0219922
Guadeloupe,GLP,2020-W15,-3.0329933
Guadeloupe,GLP,2020-W16,28.30792
Guadeloupe,GLP,2020-W17,45.49488
Guadeloupe,GLP,2020-W18,87.95676
Guadeloupe,GLP,2020-W19,82.39628
Guadeloupe,GLP,2020-W20,76.83581
Guadeloupe,GLP,2020-W21,91.49527
Guadeloupe,GLP,2020-W22,74.81382
Guadeloupe,GLP,2020-W23,61.165356
Guadeloupe,GLP,2020-W24,31.846443
Guadeloupe,GLP,2020-W25,8.088008
Guadeloupe,GLP,2020-W26,3.0330222
Guadeloupe,GLP,2020-W27,-6.5714583
Guadeloupe,GLP,2020-W28,-16.681429
Guadeloupe,GLP,2020-W29,-43.97836
Guadeloupe,GLP,2020-W30,-63.1873
Guadeloupe,GLP,2020-W31,-46.50585
Guadeloupe,GLP,2020-W32,-34.37388
Guadeloupe,GLP,2020-W33,5.560515
Guadeloupe,GLP,2020-W34,-11.626444
Guadeloupe,GLP,2020-W35,28.81344
Guadeloupe,GLP,2020-W36,83.40728
Guadeloupe,GLP,2020-W37,116.26469
Guadeloupe,GLP,2020-W38,205.23242
Guadeloupe,GLP,2020-W39,269.93625
Guadeloupe,GLP,2020-W40,314.4201
Guadeloupe,GLP,2020-W41,363.95895
Guadeloupe,GLP,2020-W42,449.8937
Guadeloupe,GLP,2020-W43,512.57556
Guadeloupe,GLP,2020-W44,541.389
Guadeloupe,GLP,2020-W45,561.6089
Guadeloupe,GLP,2020-W46,548.97144
Guadeloupe,GLP,2020-W47,530.268
Guadeloupe,GLP,2020-W48,551.49896
Guadeloupe,GLP,2020-W49,560.5979
Guadeloupe,GLP,2020-W50,554.5319
Guadeloupe,GLP,2020-W51,533.8065
Guadeloupe,GLP,2020-W52,506.00406
Guadeloupe,GLP,2020-W53,465.0846
Guadeloupe,GLP,2021-W01,477.20407
Guadeloupe,GLP,2021-W02,510.02762
Guadeloupe,GLP,2021-W03,530.22675
Guadeloupe,GLP,2021-W04,505.48282
Guadeloupe,GLP,2021-W05,492.85837
Guadeloupe,GLP,2021-W06,442.3606
Guadeloupe,GLP,2021-W07,412.5669
Guadeloupe,GLP,2021-W08,467.1045
Guadeloupe,GLP,2021-W09,439.3307
Guadeloupe,GLP,2021-W10,421.15152
Guadeloupe,GLP,2021-W11,403.4773
Guadeloupe,GLP,2021-W12,419.63657
Guadeloupe,GLP,2021-W13,406.00217
Guadeloupe,GLP,2021-W14,415.09177
Guadeloupe,GLP,2021-W15,459.52982
Guadeloupe,GLP,2021-W16,500.938
Guadeloupe,GLP,2021-W17,492.85837
Guadeloupe,GLP,2021-W18,510.02762
Guadeloupe,GLP,2021-W19,519.6222
Guadeloupe,GLP,2021-W20,546.891
Guadeloupe,GLP,2021-W21,546.38605
Guadeloupe,GLP,2021-W22,542.3462
Guadeloupe,GLP,2021-W23,576.6847
Guadeloupe,GLP,2021-W24,572.6449
Guadeloupe,GLP,2021-W25,548.91095
Guadeloupe,GLP,2021-W26,538.81134
Guadeloupe,GLP,2021-W27,546.891
Guadeloupe,GLP,2021-W28,536.79144
Guadeloupe,GLP,2021-W29,552.44574
Guadeloupe,GLP,2021-W30,563.55524
Guadeloupe,GLP,2021-W31,734.2378
Guadeloupe,GLP,2021-W32,1079.6426
Guadeloupe,GLP,2021-W33,1687.6359
Guadeloupe,GLP,2021-W34,2236.0417
Guadeloupe,GLP,2021-W35,2536.5037
Guadeloupe,GLP,2021-W36,2782.9329
Guadeloupe,GLP,2021-W37,2833.4307
Guadeloupe,GLP,2021-W38,2914.732
Guadeloupe,GLP,2021-W39,2959.17
Guadeloupe,GLP,2021-W40,2943.0107
Guadeloupe,GLP,2021-W41,2952.1003
Guadeloupe,GLP,2021-W42,2954.6252
Guadeloupe,GLP,2021-W43,2951.5955
Guadeloupe,GLP,2021-W44,2945.0308
Guadeloupe,GLP,2021-W45,2924.8315
Guadeloupe,GLP,2021-W46,2939.981
Guadeloupe,GLP,2021-W47,2941.4958
Guadeloupe,GLP,2021-W48,2914.732
Guadeloupe,GLP,2021-W49,2913.722
Guadeloupe,GLP,2021-W50,2879.8884
Guadeloupe,GLP,2021-W51,2892.008
Guadeloupe,GLP,2021-W52,2871.4229
Guadeloupe,GLP,2022-W01,2850.7031
Guadeloupe,GLP,2022-W02,2896.185
Guadeloupe,GLP,2022-W03,2929.0332
Guadeloupe,GLP,2022-W04,3028.0825
Guadeloupe,GLP,2022-W05,3134.207
Guadeloupe,GLP,2022-W06,3179.6887
Guadeloupe,GLP,2022-W07,3230.7295
Guadeloupe,GLP,2022-W08,3260.04
Guadeloupe,GLP,2022-W09,3249.933
Guadeloupe,GLP,2022-W10,3254.4812
Guadeloupe,GLP,2022-W11,3241.8474
Guadeloupe,GLP,2022-W12,3232.751
Guadeloupe,GLP,2022-W13,3239.3206
Guadeloupe,GLP,2022-W14,3248.417
Guadeloupe,GLP,2022-W15,3257.5134
Guadeloupe,GLP,2022-W16,3255.9973
Guadeloupe,GLP,2022-W17,3242.8582
Guadeloupe,GLP,2022-W18,3262.567
Guadeloupe,GLP,2022-W19,3254.4812
Guadeloupe,GLP,2022-W20,3264.083
Guadeloupe,GLP,2022-W21,3293.899
Guadeloupe,GLP,2022-W22,3363.1323
Guadeloupe,GLP,2022-W23,3392.4429
Guadeloupe,GLP,2022-W24,3426.3018
Guadeloupe,GLP,2022-W25,3453.0854
Guadeloupe,GLP,2022-W26,3453.0854
Guadeloupe,GLP,2022-W27,3423.2695
Guadeloupe,GLP,2022-W28,3423.2695
Guadeloupe,GLP,2022-W29,3476.8372
Guadeloupe,GLP,2022-W30,3505.6423
Guadeloupe,GLP,2022-W31,3527.3726
Guadeloupe,GLP,2022-W32,3534.4475
Guadeloupe,GLP,2022-W33,3546.576
Guadeloupe,GLP,2022-W34,3552.135
Guadeloupe,GLP,2022-W35,3584.983
Guadeloupe,GLP,2022-W36,3619.347
Guadeloupe,GLP,2022-W37,3634.5076
Guadeloupe,GLP,2022-W38,3645.12
Guadeloupe,GLP,2022-W39,3623.8953
Guadeloupe,GLP,2022-W40,3597.6167
Guadeloupe,GLP,2022-W41,3573.865
Guadeloupe,GLP,2022-W42,3599.1328
Guadeloupe,GLP,2022-W43,3606.2078
Guadeloupe,GLP,2022-W44,3576.8972
Guadeloupe,GLP,2022-W45,3569.317
Guadeloupe,GLP,2022-W46,3571.8438
Guadeloupe,GLP,2022-W47,3598.6274
Guadeloupe,GLP,2022-W48,3629.9595
Guadeloupe,GLP,2022-W49,3654.2166
Guadeloupe,GLP,2022-W50,3635.5183
Guadeloupe,GLP,2022-W51,3655.227
Guadeloupe,GLP,2022-W52,3694.89
Guadeloupe,GLP,2023-W01,3712.0684
Guadeloupe,GLP,2023-W02,3739.8572
Guadeloupe,GLP,2023-W03,3744.9097
Guadeloupe,GLP,2023-W04,3785.835
Guadeloupe,GLP,2023-W05,3758.0461
Guadeloupe,GLP,2023-W06,3730.2573
Guadeloupe,GLP,2023-W07,3713.0789
Guadeloupe,GLP,2023-W08,3724.6997
Guadeloupe,GLP,2023-W09,3712.0684
Guadeloupe,GLP,2023-W10,3729.2468
Guadeloupe,GLP,2023-W11,3719.1418
Guadeloupe,GLP,2023-W12,3710.0474
Guadeloupe,GLP,2023-W13,3686.3008
Guadeloupe,GLP,2023-W14,3654.975
Guadeloupe,GLP,2023-W15,3628.7021
Guadeloupe,GLP,2023-W16,3627.1865
Guadeloupe,GLP,2023-W17,3588.7876
Guadeloupe,GLP,2023-W18,3588.2822
Guadeloupe,GLP,2023-W19,3628.197
Guadeloupe,GLP,2023-W20,3622.6392
Guadeloupe,GLP,2023-W21,3612.029
Guadeloupe,GLP,2023-W22,3671.1433
Guadeloupe,GLP,2023-W23,3730.7627
Guadeloupe,GLP,2023-W24,3736.8257
Guadeloupe,GLP,2023-W25,3748.4463
Guadeloupe,GLP,2023-W26,3748.4463
Guadeloupe,GLP,2023-W27,3756.5303
Guadeloupe,GLP,2023-W28,3741.3728
Guadeloupe,GLP,2023-W29,3799.982
Guadeloupe,GLP,2023-W30,3775.73
Guadeloupe,GLP,2023-W31,3797.4556
Guadeloupe,GLP,2023-W32,3766.6355
Guadeloupe,GLP,2023-W33,3783.814
Guadeloupe,GLP,2023-W34,3786.8455
Guadeloupe,GLP,2023-W35,3822.213
Guadeloupe,GLP,2023-W36,3856.5698
Guadeloupe,GLP,2023-W37,3861.6223
Guadeloupe,GLP,2023-W38,3925.2837
Guadeloupe,GLP,2023-W39,3921.747
Guadeloupe,GLP,2023-W40,3880.3164
Guadeloupe,GLP,2023-W41,3859.096
Guadeloupe,GLP,2023-W42,3861.6223
Guadeloupe,GLP,2023-W43,3871.222
Guadeloupe,GLP,2023-W44,3849.4963
Guadeloupe,GLP,2023-W45,3854.5488
Guadeloupe,GLP,2023-W46,3834.3389
Guadeloupe,GLP,2023-W47,3845.9595
Guadeloupe,GLP,2023-W48,3844.4438
Guadeloupe,GLP,2023-W49,3851.012
Guadeloupe,GLP,2023-W50,3860.1064
Guadeloupe,GLP,2023-W51,3839.3914
Guadeloupe,GLP,2023-W52,3786.34
Guatemala,GTM,2020-W01,2.470813
Guatemala,GTM,2020-W02,1.2325275
Guatemala,GTM,2020-W03,0.6623388
Guatemala,GTM,2020-W04,0.17278403
Guatemala,GTM,2020-W05,0.27069217
Guatemala,GTM,2020-W06,-0.26494113
Guatemala,GTM,2020-W07,-3.496001
Guatemala,GTM,2020-W08,-10.240336
Guatemala,GTM,2020-W09,-11.939379
Guatemala,GTM,2020-W10,-15.193479
Guatemala,GTM,2020-W11,-24.2416
Guatemala,GTM,2020-W12,-38.784256
Guatemala,GTM,2020-W13,-61.401684
Guatemala,GTM,2020-W14,-81.9457
Guatemala,GTM,2020-W15,-103.89503
Guatemala,GTM,2020-W16,-124.20867
Guatemala,GTM,2020-W17,-142.71384
Guatemala,GTM,2020-W18,-160.96559
Guatemala,GTM,2020-W19,-175.85382
Guatemala,GTM,2020-W20,-190.51166
Guatemala,GTM,2020-W21,-199.27182
Guatemala,GTM,2020-W22,-203.03275
Guatemala,GTM,2020-W23,-191.45045
Guatemala,GTM,2020-W24,-173.45212
Guatemala,GTM,2020-W25,-148.96863
Guatemala,GTM,2020-W26,-110.04039
Guatemala,GTM,2020-W27,-56.252716
Guatemala,GTM,2020-W28,18.130806
Guatemala,GTM,2020-W29,82.22792
Guatemala,GTM,2020-W30,141.5562
Guatemala,GTM,2020-W31,194.59514
Guatemala,GTM,2020-W32,236.16121
Guatemala,GTM,2020-W33,272.4286
Guatemala,GTM,2020-W34,300.817
Guatemala,GTM,2020-W35,330.03476
Guatemala,GTM,2020-W36,353.44702
Guatemala,GTM,2020-W37,372.5051
Guatemala,GTM,2020-W38,389.40912
Guatemala,GTM,2020-W39,405.8985
Guatemala,GTM,2020-W40,413.19574
Guatemala,GTM,2020-W41,428.93634
Guatemala,GTM,2020-W42,439.95422
Guatemala,GTM,2020-W43,449.86627
Guatemala,GTM,2020-W44,459.55945
Guatemala,GTM,2020-W45,474.26337
Guatemala,GTM,2020-W46,487.5159
Guatemala,GTM,2020-W47,503.86703
Guatemala,GTM,2020-W48,520.94385
Guatemala,GTM,2020-W49,531.8235
Guatemala,GTM,2020-W50,545.9515
Guatemala,GTM,2020-W51,559.5841
Guatemala,GTM,2020-W52,570.6826
Guatemala,GTM,2020-W53,582.2364
Guatemala,GTM,2021-W01,591.9249
Guatemala,GTM,2021-W02,604.3734
Guatemala,GTM,2021-W03,616.061
Guatemala,GTM,2021-W04,627.54407
Guatemala,GTM,2021-W05,636.59656
Guatemala,GTM,2021-W06,644.9107
Guatemala,GTM,2021-W07,647.4436
Guatemala,GTM,2021-W08,652.816
Guatemala,GTM,2021-W09,664.01514
Guatemala,GTM,2021-W10,670.3871
Guatemala,GTM,2021-W11,678.54224
Guatemala,GTM,2021-W12,695.818
Guatemala,GTM,2021-W13,708.5391
Guatemala,GTM,2021-W14,730.29
Guatemala,GTM,2021-W15,762.1837
Guatemala,GTM,2021-W16,790.8631
Guatemala,GTM,2021-W17,815.7602
Guatemala,GTM,2021-W18,841.0775
Guatemala,GTM,2021-W19,866.02
Guatemala,GTM,2021-W20,892.0984
Guatemala,GTM,2021-W21,916.95
Guatemala,GTM,2021-W22,947.0719
Guatemala,GTM,2021-W23,975.5127
Guatemala,GTM,2021-W24,1004.08984
Guatemala,GTM,2021-W25,1031.3949
Guatemala,GTM,2021-W26,1069.1381
Guatemala,GTM,2021-W27,1112.0492
Guatemala,GTM,2021-W28,1160.2191
Guatemala,GTM,2021-W29,1216.0786
Guatemala,GTM,2021-W30,1274.732
Guatemala,GTM,2021-W31,1339.962
Guatemala,GTM,2021-W32,1413.6425
Guatemala,GTM,2021-W33,1511.0045
Guatemala,GTM,2021-W34,1618.9979
Guatemala,GTM,2021-W35,1735.2488
Guatemala,GTM,2021-W36,1860.9381
Guatemala,GTM,2021-W37,1977.4502
Guatemala,GTM,2021-W38,2065.3738
Guatemala,GTM,2021-W39,2140.1104
Guatemala,GTM,2021-W40,2193.7437
Guatemala,GTM,2021-W41,2235.7688
Guatemala,GTM,2021-W42,2261.9495
Guatemala,GTM,2021-W43,2281.815
Guatemala,GTM,2021-W44,2296.6372
Guatemala,GTM,2021-W45,2306.6892
Guatemala,GTM,2021-W46,2316.5593
Guatemala,GTM,2021-W47,2322.3862
Guatemala,GTM,2021-W48,2334.7212
Guatemala,GTM,2021-W49,2342.4788
Guatemala,GTM,2021-W50,2351.111
Guatemala,GTM,2021-W51,2361.5264
Guatemala,GTM,2021-W52,2349.3892
Guatemala,GTM,2022-W01,2367.3955
Guatemala,GTM,2022-W02,2389.6382
Guatemala,GTM,2022-W03,2416.6782
Guatemala,GTM,2022-W04,2438.5288
Guatemala,GTM,2022-W05,2467.7322
Guatemala,GTM,2022-W06,2498.2803
Guatemala,GTM,2022-W07,2530.1287
Guatemala,GTM,2022-W08,2553.9631
Guatemala,GTM,2022-W09,2577.7192
Guatemala,GTM,2022-W10,2594.9185
Guatemala,GTM,2022-W11,2607.8247
Guatemala,GTM,2022-W12,2614.9363
Guatemala,GTM,2022-W13,2618.7305
Guatemala,GTM,2022-W14,2620.619
Guatemala,GTM,2022-W15,2622.8215
Guatemala,GTM,2022-W16,2622.8047
Guatemala,GTM,2022-W17,2614.9644
Guatemala,GTM,2022-W18,2614.8242
Guatemala,GTM,2022-W19,2614.1462
Guatemala,GTM,2022-W20,2610.442
Guatemala,GTM,2022-W21,2608.6653
Guatemala,GTM,2022-W22,2610.7444
Guatemala,GTM,2022-W23,2604.8882
Guatemala,GTM,2022-W24,2601.408
Guatemala,GTM,2022-W25,2602.3887
Guatemala,GTM,2022-W26,2608.4019
Guatemala,GTM,2022-W27,2615.8162
Guatemala,GTM,2022-W28,2626.3464
Guatemala,GTM,2022-W29,2632.1355
Guatemala,GTM,2022-W30,2635.694
Guatemala,GTM,2022-W31,2639.3538
Guatemala,GTM,2022-W32,2646.2524
Guatemala,GTM,2022-W33,2648.8918
Guatemala,GTM,2022-W34,2652.6074
Guatemala,GTM,2022-W35,2651.526
Guatemala,GTM,2022-W36,2654.5466
Guatemala,GTM,2022-W37,2655.2358
Guatemala,GTM,2022-W38,2660.5542
Guatemala,GTM,2022-W39,2665.1887
Guatemala,GTM,2022-W40,2667.7163
Guatemala,GTM,2022-W41,2671.118
Guatemala,GTM,2022-W42,2672.4463
Guatemala,GTM,2022-W43,2678.4707
Guatemala,GTM,2022-W44,2680.8635
Guatemala,GTM,2022-W45,2685.8345
Guatemala,GTM,2022-W46,2693.8203
Guatemala,GTM,2022-W47,2703.084
Guatemala,GTM,2022-W48,2714.1187
Guatemala,GTM,2022-W49,2728.8184
Guatemala,GTM,2022-W50,2746.4546
Guatemala,GTM,2022-W51,2760.5828
Guatemala,GTM,2022-W52,2735.1113
Guatemala,GTM,2023-W01,2741.9043
Guatemala,GTM,2023-W02,2747.6252
Guatemala,GTM,2023-W03,2752.8264
Guatemala,GTM,2023-W04,2759.0444
Guatemala,GTM,2023-W05,2762.0679
Guatemala,GTM,2023-W06,2770.5635
Guatemala,GTM,2023-W07,2771.995
Guatemala,GTM,2023-W08,2776.0796
Guatemala,GTM,2023-W09,2785.6143
Guatemala,GTM,2023-W10,2784.2048
Guatemala,GTM,2023-W11,2790.1135
Guatemala,GTM,2023-W12,2792.96
Guatemala,GTM,2023-W13,2789.4392
Guatemala,GTM,2023-W14,2797.1938
Guatemala,GTM,2023-W15,2803.6
Guatemala,GTM,2023-W16,2813.9526
Guatemala,GTM,2023-W17,2818.6343
Guatemala,GTM,2023-W18,2831.795
Guatemala,GTM,2023-W19,2849.3992
Guatemala,GTM,2023-W20,2859.4314
Guatemala,GTM,2023-W21,2870.0383
Guatemala,GTM,2023-W22,2881.5183
Guatemala,GTM,2023-W23,2893.5735
Guatemala,GTM,2023-W24,2907.8616
Guatemala,GTM,2023-W25,2913.947
Guatemala,GTM,2023-W26,2921.4033
Guatemala,GTM,2023-W27,2926.0408
Guatemala,GTM,2023-W28,2937.0676
Guatemala,GTM,2023-W29,2946.0718
Guatemala,GTM,2023-W30,2951.1072
Guatemala,GTM,2023-W31,2959.5583
Guatemala,GTM,2023-W32,2965.7324
Guatemala,GTM,2023-W33,2975.6648
Guatemala,GTM,2023-W34,2983.3423
Guatemala,GTM,2023-W35,2990.1575
Guatemala,GTM,2023-W36,3000.0237
Guatemala,GTM,2023-W37,3010.907
Guatemala,GTM,2023-W38,3020.9941
Guatemala,GTM,2023-W39,3023.4429
Guatemala,GTM,2023-W40,3029.5615
Guatemala,GTM,2023-W41,3035.6028
Guatemala,GTM,2023-W42,3040.0967
Guatemala,GTM,2023-W43,3049.443
Guatemala,GTM,2023-W44,3058.027
Guatemala,GTM,2023-W45,3068.6008
Guatemala,GTM,2023-W46,3075.0732
Guatemala,GTM,2023-W47,3086.7305
Guatemala,GTM,2023-W48,3093.8882
Guatemala,GTM,2023-W49,3100.405
Guatemala,GTM,2023-W50,3104.0696
Guatemala,GTM,2023-W51,3119.5847
Guatemala,GTM,2023-W52,3129.683
Hong Kong,HKG,2020-W05,6.1325526
Hong Kong,HKG,2020-W09,48.36715
Hong Kong,HKG,2020-W14,11.89178
Hong Kong,HKG,2020-W18,-9.092201
Hong Kong,HKG,2020-W22,-0.879901
Hong Kong,HKG,2020-W27,-11.198574
Hong Kong,HKG,2020-W31,9.97207
Hong Kong,HKG,2020-W36,52.95325
Hong Kong,HKG,2020-W40,79.18992
Hong Kong,HKG,2020-W44,114.09215
Hong Kong,HKG,2020-W49,156.00679
Hong Kong,HKG,2020-W53,209.12003
Hong Kong,HKG,2021-W04,279.135
Hong Kong,HKG,2021-W08,225.78983
Hong Kong,HKG,2021-W13,202.01262
Hong Kong,HKG,2021-W17,200.41147
Hong Kong,HKG,2021-W22,212.687
Hong Kong,HKG,2021-W26,234.70291
Hong Kong,HKG,2021-W30,252.2089
Hong Kong,HKG,2021-W35,273.13068
Hong Kong,HKG,2021-W39,296.24072
Hong Kong,HKG,2021-W43,333.8946
Hong Kong,HKG,2021-W48,385.90552
Hong Kong,HKG,2021-W52,427.77573
Hong Kong,HKG,2022-W05,423.9361
Hong Kong,HKG,2022-W09,633.1268
Hong Kong,HKG,2022-W13,1652.9344
Hong Kong,HKG,2022-W17,1835.5255
Hong Kong,HKG,2022-W22,1856.1428
Hong Kong,HKG,2022-W26,1845.6472
Hong Kong,HKG,2022-W30,1849.7333
Hong Kong,HKG,2022-W35,1878.7363
Hong Kong,HKG,2022-W39,1941.1758
Hong Kong,HKG,2022-W44,1982.3837
Hong Kong,HKG,2022-W48,2027.1434
Hong Kong,HKG,2022-W52,2211.5774
Hong Kong,HKG,2023-W05,2413.9563
Hong Kong,HKG,2023-W09,2387.9272
Hong Kong,HKG,2023-W13,2348.2295
Hong Kong,HKG,2023-W17,2357.5464
Hong Kong,HKG,2023-W22,2452.96
Hong Kong,HKG,2023-W26,2528.7515
Hong Kong,HKG,2023-W31,2566.3936
Hong Kong,HKG,2023-W35,2615.8623
Hong Kong,HKG,2023-W39,2680.735
Hong Kong,HKG,2023-W44,2704.8955
Hong Kong,HKG,2023-W48,2719.3916
Hong Kong,HKG,2023-W52,2714.7998
Hungary,HUN,2020-W01,-28.008627
Hungary,HUN,2020-W02,-62.17074
Hungary,HUN,2020-W03,-97.071266
Hungary,HUN,2020-W04,-127.15156
Hungary,HUN,2020-W05,-153.19106
Hungary,HUN,2020-W06,-197.40385
Hungary,HUN,2020-W07,-221.2076
Hungary,HUN,2020-W08,-259.20538
Hungary,HUN,2020-W09,-270.74316
Hungary,HUN,2020-W10,-291.83936
Hungary,HUN,2020-W11,-305.2642
Hungary,HUN,2020-W12,-288.22928
Hungary,HUN,2020-W13,-288.1575
Hungary,HUN,2020-W14,-286.34222
Hungary,HUN,2020-W15,-276.38382
Hungary,HUN,2020-W16,-268.27148
Hungary,HUN,2020-W17,-276.21973
Hungary,HUN,2020-W18,-288.2908
Hungary,HUN,2020-W19,-290.57785
Hungary,HUN,2020-W20,-282.9373
Hungary,HUN,2020-W21,-299.91064
Hungary,HUN,2020-W22,-309.68445
Hungary,HUN,2020-W23,-295.62372
Hungary,HUN,2020-W24,-296.00317
Hungary,HUN,2020-W25,-314.63797
Hungary,HUN,2020-W26,-306.85382
Hungary,HUN,2020-W27,-296.77237
Hungary,HUN,2020-W28,-308.2281
Hungary,HUN,2020-W29,-325.55014
Hungary,HUN,2020-W30,-348.8411
Hungary,HUN,2020-W31,-343.41577
Hungary,HUN,2020-W32,-340.698
Hungary,HUN,2020-W33,-344.62598
Hungary,HUN,2020-W34,-341.2313
Hungary,HUN,2020-W35,-350.49228
Hungary,HUN,2020-W36,-350.72818
Hungary,HUN,2020-W37,-344.37985
Hungary,HUN,2020-W38,-328.35
Hungary,HUN,2020-W39,-317.89935
Hungary,HUN,2020-W40,-301.39777
Hungary,HUN,2020-W41,-289.98303
Hungary,HUN,2020-W42,-256.0876
Hungary,HUN,2020-W43,-197.00386
Hungary,HUN,2020-W44,-115.049675
Hungary,HUN,2020-W45,2.5126734
Hungary,HUN,2020-W46,163.10838
Hungary,HUN,2020-W47,315.17126
Hungary,HUN,2020-W48,480.42313
Hungary,HUN,2020-W49,643.8905
Hungary,HUN,2020-W50,801.0198
Hungary,HUN,2020-W51,913.37213
Hungary,HUN,2020-W52,1023.4888
Hungary,HUN,2020-W53,1110.8691
Hungary,HUN,2021-W01,1145.5764
Hungary,HUN,2021-W02,1175.0312
Hungary,HUN,2021-W03,1187.3694
Hungary,HUN,2021-W04,1172.0034
Hungary,HUN,2021-W05,1154.3099
Hungary,HUN,2021-W06,1135.7719
Hungary,HUN,2021-W07,1129.9015
Hungary,HUN,2021-W08,1152.209
Hungary,HUN,2021-W09,1191.0975
Hungary,HUN,2021-W10,1293.8187
Hungary,HUN,2021-W11,1457.7976
Hungary,HUN,2021-W12,1656.8958
Hungary,HUN,2021-W13,1856.9825
Hungary,HUN,2021-W14,2024.731
Hungary,HUN,2021-W15,2133.3018
Hungary,HUN,2021-W16,2217.8762
Hungary,HUN,2021-W17,2272.8313
Hungary,HUN,2021-W18,2309.6394
Hungary,HUN,2021-W19,2334.1301
Hungary,HUN,2021-W20,2346.5505
Hungary,HUN,2021-W21,2352.5857
Hungary,HUN,2021-W22,2365.336
Hungary,HUN,2021-W23,2376.9941
Hungary,HUN,2021-W24,2385.0686
Hungary,HUN,2021-W25,2429.189
Hungary,HUN,2021-W26,2449.3748
Hungary,HUN,2021-W27,2464.1433
Hungary,HUN,2021-W28,2478.9119
Hungary,HUN,2021-W29,2461.5273
Hungary,HUN,2021-W30,2474.4011
Hungary,HUN,2021-W31,2462.1453
Hungary,HUN,2021-W32,2469.0044
Hungary,HUN,2021-W33,2458.479
Hungary,HUN,2021-W34,2456.0278
Hungary,HUN,2021-W35,2453.8445
Hungary,HUN,2021-W36,2472.8767
Hungary,HUN,2021-W37,2493.3716
Hungary,HUN,2021-W38,2499.2832
Hungary,HUN,2021-W39,2506.5955
Hungary,HUN,2021-W40,2520.293
Hungary,HUN,2021-W41,2542.2708
Hungary,HUN,2021-W42,2567.0498
Hungary,HUN,2021-W43,2624.9502
Hungary,HUN,2021-W44,2722.3984
Hungary,HUN,2021-W45,2838.302
Hungary,HUN,2021-W46,2969.7158
Hungary,HUN,2021-W47,3130.667
Hungary,HUN,2021-W48,3305.2744
Hungary,HUN,2021-W49,3448.429
Hungary,HUN,2021-W50,3561.7373
Hungary,HUN,2021-W51,3645.22
Hungary,HUN,2021-W52,3619.0427
Hungary,HUN,2022-W01,3643.8337
Hungary,HUN,2022-W02,3642.038
Hungary,HUN,2022-W03,3635.4062
Hungary,HUN,2022-W04,3627.1694
Hungary,HUN,2022-W05,3635.2256
Hungary,HUN,2022-W06,3645.67
Hungary,HUN,2022-W07,3666.4478
Hungary,HUN,2022-W08,3672.1365
Hungary,HUN,2022-W09,3671.6047
Hungary,HUN,2022-W10,3666.3374
Hungary,HUN,2022-W11,3681.818
Hungary,HUN,2022-W12,3694.6902
Hungary,HUN,2022-W13,3713.341
Hungary,HUN,2022-W14,3736.4065
Hungary,HUN,2022-W15,3742.1553
Hungary,HUN,2022-W16,3760.0437
Hungary,HUN,2022-W17,3777.4707
Hungary,HUN,2022-W18,3784.6443
Hungary,HUN,2022-W19,3791.2559
Hungary,HUN,2022-W20,3787.915
Hungary,HUN,2022-W21,3777.852
Hungary,HUN,2022-W22,3782.9587
Hungary,HUN,2022-W23,3789.41
Hungary,HUN,2022-W24,3767.488
Hungary,HUN,2022-W25,3774.461
Hungary,HUN,2022-W26,3828.949
Hungary,HUN,2022-W27,3834.3167
Hungary,HUN,2022-W28,3824.334
Hungary,HUN,2022-W29,3860.6829
Hungary,HUN,2022-W30,3874.3374
Hungary,HUN,2022-W31,3878.0596
Hungary,HUN,2022-W32,3888.865
Hungary,HUN,2022-W33,3915.8433
Hungary,HUN,2022-W34,3931.1233
Hungary,HUN,2022-W35,3923.789
Hungary,HUN,2022-W36,3935.4172
Hungary,HUN,2022-W37,3935.4272
Hungary,HUN,2022-W38,3954.2388
Hungary,HUN,2022-W39,3995.885
Hungary,HUN,2022-W40,4014.3552
Hungary,HUN,2022-W41,4031.5615
Hungary,HUN,2022-W42,4041.0627
Hungary,HUN,2022-W43,4058.048
Hungary,HUN,2022-W44,4070.218
Hungary,HUN,2022-W45,4081.9062
Hungary,HUN,2022-W46,4098.2695
Hungary,HUN,2022-W47,4113.309
Hungary,HUN,2022-W48,4132.5215
Hungary,HUN,2022-W49,4160.0215
Hungary,HUN,2022-W50,4184.7324
Hungary,HUN,2022-W51,4209.2827
Hungary,HUN,2022-W52,4162.081
Hungary,HUN,2023-W01,4153.338
Hungary,HUN,2023-W02,4127.1665
Hungary,HUN,2023-W03,4099.991
Hungary,HUN,2023-W04,4048.7913
Hungary,HUN,2023-W05,4011.2183
Hungary,HUN,2023-W06,3974.8071
Hungary,HUN,2023-W07,3962.1252
Hungary,HUN,2023-W08,3949.9949
Hungary,HUN,2023-W09,3932.3506
Hungary,HUN,2023-W10,3927.1912
Hungary,HUN,2023-W11,3933.729
Hungary,HUN,2023-W12,3941.4485
Hungary,HUN,2023-W13,3941.3499
Hungary,HUN,2023-W14,3936.8206
Hungary,HUN,2023-W15,3940.3062
Hungary,HUN,2023-W16,3940.5425
Hungary,HUN,2023-W17,3929.298
Hungary,HUN,2023-W18,3929.7512
Hungary,HUN,2023-W19,3921.2834
Hungary,HUN,2023-W20,3925.1038
Hungary,HUN,2023-W21,3925.1826
Hungary,HUN,2023-W22,3916.8132
Hungary,HUN,2023-W23,3909.7634
Hungary,HUN,2023-W24,3897.6133
Hungary,HUN,2023-W25,3905.254
Hungary,HUN,2023-W26,3893.5566
Hungary,HUN,2023-W27,3886.7234
Hungary,HUN,2023-W28,3897.0225
Hungary,HUN,2023-W29,3890.7603
Hungary,HUN,2023-W30,3867.3462
Hungary,HUN,2023-W31,3837.335
Hungary,HUN,2023-W32,3812.2078
Hungary,HUN,2023-W33,3819.2969
Hungary,HUN,2023-W34,3844.444
Hungary,HUN,2023-W35,3829.084
Hungary,HUN,2023-W36,3824.358
Hungary,HUN,2023-W37,3821.2268
Hungary,HUN,2023-W38,3807.2058
Hungary,HUN,2023-W39,3782.2163
Hungary,HUN,2023-W40,3774.753
Hungary,HUN,2023-W41,3782.8857
Hungary,HUN,2023-W42,3790.4478
Hungary,HUN,2023-W43,3807.6194
Hungary,HUN,2023-W44,3817.8987
Hungary,HUN,2023-W45,3819.2378
Hungary,HUN,2023-W46,3825.7559
Hungary,HUN,2023-W47,3838.753
Hungary,HUN,2023-W48,3858.8982
Hungary,HUN,2023-W49,3883.7302
Hungary,HUN,2023-W50,3914.6865
Hungary,HUN,2023-W51,3949.2268
Hungary,HUN,2023-W52,3964.193
Iceland,ISL,2020-W01,28.362455
Iceland,ISL,2020-W02,45.816273
Iceland,ISL,2020-W03,64.360954
Iceland,ISL,2020-W04,90.54167
Iceland,ISL,2020-W05,70.360695
Iceland,ISL,2020-W06,65.997246
Iceland,ISL,2020-W07,68.7244
Iceland,ISL,2020-W08,71.45156
Iceland,ISL,2020-W09,67.63353
Iceland,ISL,2020-W10,80.72389
Iceland,ISL,2020-W11,69.81526
Iceland,ISL,2020-W12,60.542915
Iceland,ISL,2020-W13,46.90712
Iceland,ISL,2020-W14,62.72464
Iceland,ISL,2020-W15,75.815
Iceland,ISL,2020-W16,104.72288
Iceland,ISL,2020-W17,76.90585
Iceland,ISL,2020-W18,85.08733
Iceland,ISL,2020-W19,70.36067
Iceland,ISL,2020-W20,67.08808
Iceland,ISL,2020-W21,82.36016
Iceland,ISL,2020-W22,100.359406
Iceland,ISL,2020-W23,68.17893
Iceland,ISL,2020-W24,67.088066
Iceland,ISL,2020-W25,47.452522
Iceland,ISL,2020-W26,11.999461
Iceland,ISL,2020-W27,-11.999534
Iceland,ISL,2020-W28,7.090577
Iceland,ISL,2020-W29,12.544894
Iceland,ISL,2020-W30,-16.908417
Iceland,ISL,2020-W31,-19.090141
Iceland,ISL,2020-W32,-26.18075
Iceland,ISL,2020-W33,-17.45384
Iceland,ISL,2020-W34,-45.816296
Iceland,ISL,2020-W35,-69.81529
Iceland,ISL,2020-W36,-28.90791
Iceland,ISL,2020-W37,-35.453094
Iceland,ISL,2020-W38,-29.453342
Iceland,ISL,2020-W39,-67.08813
Iceland,ISL,2020-W40,-81.269356
Iceland,ISL,2020-W41,-54.543205
Iceland,ISL,2020-W42,-43.63457
Iceland,ISL,2020-W43,-34.90766
Iceland,ISL,2020-W44,2.7271276
Iceland,ISL,2020-W45,32.18044
Iceland,ISL,2020-W46,46.361668
Iceland,ISL,2020-W47,46.361668
Iceland,ISL,2020-W48,19.635513
Iceland,ISL,2020-W49,9.817746
Iceland,ISL,2020-W50,17.453789
Iceland,ISL,2020-W51,13.090339
Iceland,ISL,2020-W52,40.90736
Iceland,ISL,2020-W53,49.144276
Iceland,ISL,2021-W01,44.283855
Iceland,ISL,2021-W02,66.42579
Iceland,ISL,2021-W03,73.4464
Iceland,ISL,2021-W04,63.725555
Iceland,ISL,2021-W05,51.304474
Iceland,ISL,2021-W06,43.743816
Iceland,ISL,2021-W07,62.10542
Iceland,ISL,2021-W08,58.86513
Iceland,ISL,2021-W09,62.645466
Iceland,ISL,2021-W10,48.06419
Iceland,ISL,2021-W11,36.723194
Iceland,ISL,2021-W12,21.601877
Iceland,ISL,2021-W13,31.862772
Iceland,ISL,2021-W14,19.98173
Iceland,ISL,2021-W15,43.203754
Iceland,ISL,2021-W16,30.782675
Iceland,ISL,2021-W17,35.103046
Iceland,ISL,2021-W18,69.66607
Iceland,ISL,2021-W19,65.345695
Iceland,ISL,2021-W20,61.565357
Iceland,ISL,2021-W21,35.643097
Iceland,ISL,2021-W22,20.52178
Iceland,ISL,2021-W23,17.821543
Iceland,ISL,2021-W24,48.604237
Iceland,ISL,2021-W25,63.725555
Iceland,ISL,2021-W26,55.084797
Iceland,ISL,2021-W27,52.384563
Iceland,ISL,2021-W28,73.4464
Iceland,ISL,2021-W29,67.50588
Iceland,ISL,2021-W30,94.50824
Iceland,ISL,2021-W31,121.5106
Iceland,ISL,2021-W32,140.9523
Iceland,ISL,2021-W33,151.75325
Iceland,ISL,2021-W34,152.83334
Iceland,ISL,2021-W35,150.1331
Iceland,ISL,2021-W36,157.69377
Iceland,ISL,2021-W37,156.07362
Iceland,ISL,2021-W38,126.37103
Iceland,ISL,2021-W39,83.16726
Iceland,ISL,2021-W40,79.386925
Iceland,ISL,2021-W41,78.30682
Iceland,ISL,2021-W42,45.36394
Iceland,ISL,2021-W43,23.762054
Iceland,ISL,2021-W44,44.283844
Iceland,ISL,2021-W45,94.50823
Iceland,ISL,2021-W46,75.606575
Iceland,ISL,2021-W47,69.66605
Iceland,ISL,2021-W48,64.26559
Iceland,ISL,2021-W49,70.20611
Iceland,ISL,2021-W50,117.730255
Iceland,ISL,2021-W51,131.77148
Iceland,ISL,2021-W52,165.72672
Iceland,ISL,2022-W01,176.1852
Iceland,ISL,2022-W02,189.32535
Iceland,ISL,2022-W03,238.39977
Iceland,ISL,2022-W04,227.94128
Iceland,ISL,2022-W05,236.25444
Iceland,ISL,2022-W06,235.98627
Iceland,ISL,2022-W07,253.41708
Iceland,ISL,2022-W08,313.7545
Iceland,ISL,2022-W09,402.51752
Iceland,ISL,2022-W10,473.04523
Iceland,ISL,2022-W11,528.0193
Iceland,ISL,2022-W12,568.5124
Iceland,ISL,2022-W13,618.12317
Iceland,ISL,2022-W14,648.42596
Iceland,ISL,2022-W15,657.27545
Iceland,ISL,2022-W16,649.4986
Iceland,ISL,2022-W17,658.3481
Iceland,ISL,2022-W18,683.8239
Iceland,ISL,2022-W19,692.137
Iceland,ISL,2022-W20,698.3049
Iceland,ISL,2022-W21,701.2547
Iceland,ISL,2022-W22,696.15955
Iceland,ISL,2022-W23,689.9917
Iceland,ISL,2022-W24,733.16644
Iceland,ISL,2022-W25,755.42426
Iceland,ISL,2022-W26,759.4468
Iceland,ISL,2022-W27,814.95715
Iceland,ISL,2022-W28,856.52295
Iceland,ISL,2022-W29,884.6804
Iceland,ISL,2022-W30,910.6925
Iceland,ISL,2022-W31,923.2963
Iceland,ISL,2022-W32,952.5265
Iceland,ISL,2022-W33,951.722
Iceland,ISL,2022-W34,946.62683
Iceland,ISL,2022-W35,940.459
Iceland,ISL,2022-W36,965.93475
Iceland,ISL,2022-W37,960.8396
Iceland,ISL,2022-W38,989.5334
Iceland,ISL,2022-W39,980.6839
Iceland,ISL,2022-W40,997.57837
Iceland,ISL,2022-W41,1009.10956
Iceland,ISL,2022-W42,991.6787
Iceland,ISL,2022-W43,977.46594
Iceland,ISL,2022-W44,967.54376
Iceland,ISL,2022-W45,1013.9365
Iceland,ISL,2022-W46,1023.8587
Iceland,ISL,2022-W47,1041.2896
Iceland,ISL,2022-W48,1016.35004
Iceland,ISL,2022-W49,1042.8984
Iceland,ISL,2022-W50,1057.1113
Iceland,ISL,2022-W51,1134.6113
Iceland,ISL,2022-W52,1177.1226
Iceland,ISL,2023-W01,1229.3444
Iceland,ISL,2023-W02,1244.2649
Iceland,ISL,2023-W03,1270.9087
Iceland,ISL,2023-W04,1313.0059
Iceland,ISL,2023-W05,1307.1442
Iceland,ISL,2023-W06,1335.3866
Iceland,ISL,2023-W07,1338.5839
Iceland,ISL,2023-W08,1339.1167
Iceland,ISL,2023-W09,1351.9058
Iceland,ISL,2023-W10,1343.9126
Iceland,ISL,2023-W11,1365.7605
Iceland,ISL,2023-W12,1354.5702
Iceland,ISL,2023-W13,1352.4386
Iceland,ISL,2023-W14,1341.7811
Iceland,ISL,2023-W15,1336.4524
Iceland,ISL,2023-W16,1293.2894
Iceland,ISL,2023-W17,1319.9332
Iceland,ISL,2023-W18,1301.8154
Iceland,ISL,2023-W19,1298.6182
Iceland,ISL,2023-W20,1314.6045
Iceland,ISL,2023-W21,1330.0579
Iceland,ISL,2023-W22,1321.5319
Iceland,ISL,2023-W23,1293.2894
Iceland,ISL,2023-W24,1314.0715
Iceland,ISL,2023-W25,1351.3729
Iceland,ISL,2023-W26,1365.2277
Iceland,ISL,2023-W27,1387.6084
Iceland,ISL,2023-W28,1385.4769
Iceland,ISL,2023-W29,1404.6605
Iceland,ISL,2023-W30,1416.3838
Iceland,ISL,2023-W31,1449.422
Iceland,ISL,2023-W32,1459.0138
Iceland,ISL,2023-W33,1468.0728
Iceland,ISL,2023-W34,1451.5536
Iceland,ISL,2023-W35,1476.5988
Iceland,ISL,2023-W36,1538.4124
Iceland,ISL,2023-W37,1559.1945
Iceland,ISL,2023-W38,1554.9314
Iceland,ISL,2023-W39,1537.3466
Iceland,ISL,2023-W40,1555.9972
Iceland,ISL,2023-W41,1540.011
Iceland,ISL,2023-W42,1585.8383
Iceland,ISL,2023-W43,1629.534
Iceland,ISL,2023-W44,1669.4998
Iceland,ISL,2023-W45,1685.4861
Iceland,ISL,2023-W46,1699.8737
Iceland,ISL,2023-W47,1695.0778
Iceland,ISL,2023-W48,1706.801
Iceland,ISL,2023-W49,1737.7079
Iceland,ISL,2023-W50,1753.6941
Iceland,ISL,2023-W51,1768.6146
Iceland,ISL,2023-W52,1814.9749
Iran,IRN,2020-W01,-6.088886
Iran,IRN,2020-W02,-12.72308
Iran,IRN,2020-W03,-18.317062
Iran,IRN,2020-W04,-25.882631
Iran,IRN,2020-W05,-32.32436
Iran,IRN,2020-W06,-29.478682
Iran,IRN,2020-W07,-32.98423
Iran,IRN,2020-W08,-30.450151
Iran,IRN,2020-W09,-28.176126
Iran,IRN,2020-W10,-16.209145
Iran,IRN,2020-W11,15.078448
Iran,IRN,2020-W12,67.05337
Iran,IRN,2020-W13,78.45327
Iran,IRN,2020-W14,89.72029
Iran,IRN,2020-W15,115.978676
Iran,IRN,2020-W16,138.44626
Iran,IRN,2020-W17,149.31691
Iran,IRN,2020-W18,161.35835
Iran,IRN,2020-W19,166.0118
Iran,IRN,2020-W20,169.68803
Iran,IRN,2020-W21,174.50417
Iran,IRN,2020-W22,175.79181
Iran,IRN,2020-W23,193.02055
Iran,IRN,2020-W24,215.22237
Iran,IRN,2020-W25,231.15314
Iran,IRN,2020-W26,263.4397
Iran,IRN,2020-W27,290.41867
Iran,IRN,2020-W28,319.93973
Iran,IRN,2020-W29,354.3136
Iran,IRN,2020-W30,390.6258
Iran,IRN,2020-W31,437.09952
Iran,IRN,2020-W32,477.79483
Iran,IRN,2020-W33,508.61502
Iran,IRN,2020-W34,539.69183
Iran,IRN,2020-W35,564.2662
Iran,IRN,2020-W36,578.5037
Iran,IRN,2020-W37,607.25726
Iran,IRN,2020-W38,631.59216
Iran,IRN,2020-W39,655.1618
Iran,IRN,2020-W40,687.97534
Iran,IRN,2020-W41,722.99304
Iran,IRN,2020-W42,772.3915
Iran,IRN,2020-W43,819.9856
Iran,IRN,2020-W44,886.55896
Iran,IRN,2020-W45,961.08624
Iran,IRN,2020-W46,1048.615
Iran,IRN,2020-W47,1124.9935
Iran,IRN,2020-W48,1191.0422
Iran,IRN,2020-W49,1236.6132
Iran,IRN,2020-W50,1270.8014
Iran,IRN,2020-W51,1297.9855
Iran,IRN,2020-W52,1311.4888
Iran,IRN,2020-W53,1310.3503
Iran,IRN,2021-W01,1314.8987
Iran,IRN,2021-W02,1319.3707
Iran,IRN,2021-W03,1322.975
Iran,IRN,2021-W04,1330.1995
Iran,IRN,2021-W05,1333.5183
Iran,IRN,2021-W06,1333.2635
Iran,IRN,2021-W07,1341.7925
Iran,IRN,2021-W08,1344.5858
Iran,IRN,2021-W09,1354.2124
Iran,IRN,2021-W10,1361.9009
Iran,IRN,2021-W11,1377.651
Iran,IRN,2021-W12,1371.6117
Iran,IRN,2021-W13,1393.4989
Iran,IRN,2021-W14,1432.5192
Iran,IRN,2021-W15,1467.0355
Iran,IRN,2021-W16,1520.639
Iran,IRN,2021-W17,1575.3684
Iran,IRN,2021-W18,1617.3652
Iran,IRN,2021-W19,1657.1726
Iran,IRN,2021-W20,1701.3542
Iran,IRN,2021-W21,1735.7352
Iran,IRN,2021-W22,1763.0533
Iran,IRN,2021-W23,1793.6061
Iran,IRN,2021-W24,1812.2223
Iran,IRN,2021-W25,1828.9027
Iran,IRN,2021-W26,1849.3273
Iran,IRN,2021-W27,1865.8951
Iran,IRN,2021-W28,1891.0364
Iran,IRN,2021-W29,1912.2708
Iran,IRN,2021-W30,1958.818
Iran,IRN,2021-W31,2022.6019
Iran,IRN,2021-W32,2084.417
Iran,IRN,2021-W33,2169.0122
Iran,IRN,2021-W34,2298.1633
Iran,IRN,2021-W35,2398.9397
Iran,IRN,2021-W36,2490.5818
Iran,IRN,2021-W37,2563.352
Iran,IRN,2021-W38,2619.329
Iran,IRN,2021-W39,2656.9983
Iran,IRN,2021-W40,2684.9998
Iran,IRN,2021-W41,2729.5852
Iran,IRN,2021-W42,2761.1138
Iran,IRN,2021-W43,2785.8523
Iran,IRN,2021-W44,2812.1514
Iran,IRN,2021-W45,2830.083
Iran,IRN,2021-W46,2839.5764
Iran,IRN,2021-W47,2852.541
Iran,IRN,2021-W48,2861.8354
Iran,IRN,2021-W49,2863.322
Iran,IRN,2021-W50,2862.4111
Iran,IRN,2021-W51,2862.2063
Iran,IRN,2021-W52,2836.062
Iran,IRN,2022-W01,2829.4998
Iran,IRN,2022-W02,2831.0806
Iran,IRN,2022-W03,2825.3733
Iran,IRN,2022-W04,2826.7441
Iran,IRN,2022-W05,2830.6594
Iran,IRN,2022-W06,2842.551
Iran,IRN,2022-W07,2864.7903
Iran,IRN,2022-W08,2898.1802
Iran,IRN,2022-W09,2923.0361
Iran,IRN,2022-W10,2947.9834
Iran,IRN,2022-W12,2935.2336
Iran,IRN,2022-W13,2978.6765
Iran,IRN,2022-W14,2983.913
Iran,IRN,2022-W15,2981.659
Iran,IRN,2022-W16,2980.8752
Iran,IRN,2022-W17,2973.2683
Iran,IRN,2022-W18,2960.8708
Iran,IRN,2022-W19,2967.1013
Iran,IRN,2022-W20,2967.457
Iran,IRN,2022-W21,2970.8777
Iran,IRN,2022-W22,2978.027
Iran,IRN,2022-W23,2983.9707
Iran,IRN,2022-W24,2983.4863
Iran,IRN,2022-W25,2984.323
Iran,IRN,2022-W26,2985.3643
Iran,IRN,2022-W27,2983.378
Iran,IRN,2022-W28,2979.7402
Iran,IRN,2022-W29,2981.8726
Iran,IRN,2022-W30,2995.2864
Iran,IRN,2022-W31,3002.2258
Iran,IRN,2022-W32,3007.7954
Iran,IRN,2022-W33,3033.4792
Iran,IRN,2022-W34,3048.1792
Iran,IRN,2022-W35,3058.6704
Iran,IRN,2022-W36,3064.4512
Iran,IRN,2022-W37,3069.0103
Iran,IRN,2022-W38,3069.5298
Iran,IRN,2022-W39,3062.5518
Iran,IRN,2022-W40,3064.1272
Ireland,IRL,2020-W01,-2.1228747
Ireland,IRL,2020-W02,-0.32348076
Ireland,IRL,2020-W03,-14.294014
Ireland,IRL,2020-W04,-26.323639
Ireland,IRL,2020-W05,-36.93801
Ireland,IRL,2020-W06,-41.28485
Ireland,IRL,2020-W07,-40.53679
Ireland,IRL,2020-W08,-38.535213
Ireland,IRL,2020-W09,-40.69853
Ireland,IRL,2020-W10,-46.986275
Ireland,IRL,2020-W11,-46.44039
Ireland,IRL,2020-W12,-38.494778
Ireland,IRL,2020-W13,-19.874138
Ireland,IRL,2020-W14,33.64253
Ireland,IRL,2020-W15,101.87779
Ireland,IRL,2020-W16,163.23898
Ireland,IRL,2020-W17,202.36053
Ireland,IRL,2020-W18,225.22693
Ireland,IRL,2020-W19,244.3328
Ireland,IRL,2020-W20,255.83676
Ireland,IRL,2020-W21,254.92696
Ireland,IRL,2020-W22,257.61594
Ireland,IRL,2020-W23,256.05914
Ireland,IRL,2020-W24,254.34064
Ireland,IRL,2020-W25,248.8616
Ireland,IRL,2020-W26,245.3639
Ireland,IRL,2020-W27,232.28296
Ireland,IRL,2020-W28,231.29228
Ireland,IRL,2020-W29,239.92531
Ireland,IRL,2020-W30,240.9564
Ireland,IRL,2020-W31,235.11345
Ireland,IRL,2020-W32,238.81332
Ireland,IRL,2020-W33,241.25967
Ireland,IRL,2020-W34,243.38255
Ireland,IRL,2020-W35,246.63762
Ireland,IRL,2020-W36,246.1726
Ireland,IRL,2020-W37,255.97827
Ireland,IRL,2020-W38,248.63919
Ireland,IRL,2020-W39,245.62672
Ireland,IRL,2020-W40,257.13068
Ireland,IRL,2020-W41,266.73416
Ireland,IRL,2020-W42,271.40448
Ireland,IRL,2020-W43,277.16656
Ireland,IRL,2020-W44,294.37198
Ireland,IRL,2020-W45,295.0796
Ireland,IRL,2020-W46,300.0734
Ireland,IRL,2020-W47,297.2227
Ireland,IRL,2020-W48,292.87585
Ireland,IRL,2020-W49,291.60214
Ireland,IRL,2020-W50,280.78558
Ireland,IRL,2020-W51,271.95038
Ireland,IRL,2020-W52,263.43866
Ireland,IRL,2020-W53,262.68796
Ireland,IRL,2021-W01,275.8033
Ireland,IRL,2021-W02,313.86588
Ireland,IRL,2021-W03,370.17764
Ireland,IRL,2021-W04,425.4065
Ireland,IRL,2021-W05,465.79535
Ireland,IRL,2021-W06,501.7723
Ireland,IRL,2021-W07,518.3369
Ireland,IRL,2021-W08,523.7114
Ireland,IRL,2021-W09,517.93585
Ireland,IRL,2021-W10,495.63574
Ireland,IRL,2021-W11,483.5231
Ireland,IRL,2021-W12,477.547
Ireland,IRL,2021-W13,477.74756
Ireland,IRL,2021-W14,469.0441
Ireland,IRL,2021-W15,468.92377
Ireland,IRL,2021-W16,470.00668
Ireland,IRL,2021-W17,471.4907
Ireland,IRL,2021-W18,480.9161
Ireland,IRL,2021-W19,487.61414
Ireland,IRL,2021-W20,488.9778
Ireland,IRL,2021-W21,494.87372
Ireland,IRL,2021-W22,495.91653
Ireland,IRL,2021-W23,502.1734
Ireland,IRL,2021-W24,494.83362
Ireland,IRL,2021-W25,490.58215
Ireland,IRL,2021-W26,499.92734
Ireland,IRL,2021-W27,496.95935
Ireland,IRL,2021-W28,512.6015
Ireland,IRL,2021-W29,537.9899
Ireland,IRL,2021-W30,546.2121
Ireland,IRL,2021-W31,558.04395
Ireland,IRL,2021-W32,576.9349
Ireland,IRL,2021-W33,589.5689
Ireland,IRL,2021-W34,598.07184
Ireland,IRL,2021-W35,612.7113
Ireland,IRL,2021-W36,631.88293
Ireland,IRL,2021-W37,634.5702
Ireland,IRL,2021-W38,647.3246
Ireland,IRL,2021-W39,673.39484
Ireland,IRL,2021-W40,685.5877
Ireland,IRL,2021-W41,702.91437
Ireland,IRL,2021-W42,722.7679
Ireland,IRL,2021-W43,735.4822
Ireland,IRL,2021-W44,769.3735
Ireland,IRL,2021-W45,793.31805
Ireland,IRL,2021-W46,803.26483
Ireland,IRL,2021-W47,828.2923
Ireland,IRL,2021-W48,847.2233
Ireland,IRL,2021-W49,865.1917
Ireland,IRL,2021-W50,869.8844
Ireland,IRL,2021-W51,887.3715
Ireland,IRL,2021-W52,879.67456
Ireland,IRL,2022-W01,881.745
Ireland,IRL,2022-W02,867.9686
Ireland,IRL,2022-W03,868.1279
Ireland,IRL,2022-W04,862.8324
Ireland,IRL,2022-W05,860.324
Ireland,IRL,2022-W06,861.7972
Ireland,IRL,2022-W07,859.72675
Ireland,IRL,2022-W08,865.46027
Ireland,IRL,2022-W09,866.0973
Ireland,IRL,2022-W10,867.25195
Ireland,IRL,2022-W11,870.95483
Ireland,IRL,2022-W12,880.7496
Ireland,IRL,2022-W13,889.5091
Ireland,IRL,2022-W14,912.5227
Ireland,IRL,2022-W15,944.85333
Ireland,IRL,2022-W16,963.6465
Ireland,IRL,2022-W17,979.85156
Ireland,IRL,2022-W18,983.8332
Ireland,IRL,2022-W19,1002.62634
Ireland,IRL,2022-W20,1021.8973
Ireland,IRL,2022-W21,1040.4913
Ireland,IRL,2022-W22,1047.4989
Ireland,IRL,2022-W23,1062.8679
Ireland,IRL,2022-W24,1079.2721
Ireland,IRL,2022-W25,1095.3578
Ireland,IRL,2022-W26,1113.3944
Ireland,IRL,2022-W27,1127.768
Ireland,IRL,2022-W28,1148.8705
Ireland,IRL,2022-W29,1162.7264
Ireland,IRL,2022-W30,1186.2179
Ireland,IRL,2022-W31,1206.325
Ireland,IRL,2022-W32,1226.6709
Ireland,IRL,2022-W33,1239.8102
Ireland,IRL,2022-W34,1254.4226
Ireland,IRL,2022-W35,1262.1868
Ireland,IRL,2022-W36,1275.8436
Ireland,IRL,2022-W37,1278.1132
Ireland,IRL,2022-W38,1289.3811
Ireland,IRL,2022-W39,1309.8864
Ireland,IRL,2022-W40,1322.9857
Ireland,IRL,2022-W41,1345.1632
Ireland,IRL,2022-W42,1360.0942
Ireland,IRL,2022-W43,1377.6929
Ireland,IRL,2022-W44,1397.4019
Ireland,IRL,2022-W45,1416.7922
Ireland,IRL,2022-W46,1431.8427
Ireland,IRL,2022-W47,1452.7063
Ireland,IRL,2022-W48,1473.092
Ireland,IRL,2022-W49,1497.3002
Ireland,IRL,2022-W50,1527.0427
Ireland,IRL,2022-W51,1580.8341
Ireland,IRL,2022-W52,1631.1277
Ireland,IRL,2023-W01,1676.689
Ireland,IRL,2023-W02,1712.8374
Ireland,IRL,2023-W03,1726.047
Ireland,IRL,2023-W04,1732.6517
Ireland,IRL,2023-W05,1726.0074
Ireland,IRL,2023-W06,1727.0753
Ireland,IRL,2023-W07,1723.0411
Ireland,IRL,2023-W08,1721.4197
Ireland,IRL,2023-W09,1712.3628
Ireland,IRL,2023-W10,1725.9679
Ireland,IRL,2023-W11,1746.0591
Ireland,IRL,2023-W12,1755.9861
Ireland,IRL,2023-W13,1754.2063
Ireland,IRL,2023-W14,1768.5629
Ireland,IRL,2023-W15,1779.1227
Ireland,IRL,2023-W16,1793.0442
Ireland,IRL,2023-W17,1808.9431
Ireland,IRL,2023-W18,1820.4125
Ireland,IRL,2023-W19,1838.4867
Ireland,IRL,2023-W20,1848.7301
Ireland,IRL,2023-W21,1858.1034
Ireland,IRL,2023-W22,1868.4258
Ireland,IRL,2023-W23,1880.3303
Ireland,IRL,2023-W24,1897.218
Ireland,IRL,2023-W25,1906.8682
Ireland,IRL,2023-W26,1916.0833
Ireland,IRL,2023-W27,1930.1628
Ireland,IRL,2023-W28,1943.6097
Ireland,IRL,2023-W29,1955.3956
Ireland,IRL,2023-W30,1967.656
Ireland,IRL,2023-W31,1989.4083
Ireland,IRL,2023-W32,2004.0812
Ireland,IRL,2023-W33,2025.6359
Ireland,IRL,2023-W34,2048.456
Ireland,IRL,2023-W35,2063.4849
Ireland,IRL,2023-W36,2080.8076
Ireland,IRL,2023-W37,2090.972
Ireland,IRL,2023-W38,2102.9553
Ireland,IRL,2023-W39,2108.097
Ireland,IRL,2023-W40,2131.1938
Ireland,IRL,2023-W41,2140.5671
Ireland,IRL,2023-W42,2162.5173
Ireland,IRL,2023-W43,2178.8118
Ireland,IRL,2023-W44,2190.6765
Ireland,IRL,2023-W45,2205.7847
Ireland,IRL,2023-W46,2215.3953
Ireland,IRL,2023-W47,2239.0854
Ireland,IRL,2023-W48,2241.933
Ireland,IRL,2023-W49,2263.4084
Ireland,IRL,2023-W50,2280.0984
Ireland,IRL,2023-W51,2292.3984
Ireland,IRL,2023-W52,2297.698
Israel,ISR,2020-W01,6.4287906
Israel,ISR,2020-W02,-1.3930881
Israel,ISR,2020-W03,3.3228822
Israel,ISR,2020-W04,-4.9557486
Israel,ISR,2020-W05,-15.152743
Israel,ISR,2020-W06,-30.259823
Israel,ISR,2020-W07,-35.615242
Israel,ISR,2020-W08,-37.864746
Israel,ISR,2020-W09,-47.034042
Israel,ISR,2020-W10,-50.95069
Israel,ISR,2020-W11,-48.815372
Israel,ISR,2020-W12,-48.1645
Israel,ISR,2020-W13,-40.205593
Israel,ISR,2020-W14,-24.687443
Israel,ISR,2020-W15,-22.643475
Israel,ISR,2020-W16,-13.611205
Israel,ISR,2020-W17,-10.813599
Israel,ISR,2020-W18,-11.852707
Israel,ISR,2020-W19,-10.082793
Israel,ISR,2020-W20,-7.6277504
Israel,ISR,2020-W21,8.118778
Israel,ISR,2020-W22,10.939223
Israel,ISR,2020-W23,12.252386
Israel,ISR,2020-W24,13.131635
Israel,ISR,2020-W25,13.576971
Israel,ISR,2020-W26,13.108803
Israel,ISR,2020-W27,11.453076
Israel,ISR,2020-W28,17.744833
Israel,ISR,2020-W29,23.96808
Israel,ISR,2020-W30,24.276388
Israel,ISR,2020-W31,41.18763
Israel,ISR,2020-W32,46.885616
Israel,ISR,2020-W33,64.3678
Israel,ISR,2020-W34,77.282455
Israel,ISR,2020-W35,88.3016
Israel,ISR,2020-W36,100.16573
Israel,ISR,2020-W37,120.31992
Israel,ISR,2020-W38,144.01393
Israel,ISR,2020-W39,169.2609
Israel,ISR,2020-W40,192.17844
Israel,ISR,2020-W41,225.48708
Israel,ISR,2020-W42,252.17282
Israel,ISR,2020-W43,275.50143
Israel,ISR,2020-W44,284.21396
Israel,ISR,2020-W45,289.5237
Israel,ISR,2020-W46,282.3641
Israel,ISR,2020-W47,290.16315
Israel,ISR,2020-W48,290.97388
Israel,ISR,2020-W49,295.14175
Israel,ISR,2020-W50,295.33588
Israel,ISR,2020-W51,300.9425
Israel,ISR,2020-W52,302.9408
Israel,ISR,2020-W53,313.6497
Israel,ISR,2021-W01,332.54843
Israel,ISR,2021-W02,352.4809
Israel,ISR,2021-W03,376.32343
Israel,ISR,2021-W04,400.63788
Israel,ISR,2021-W05,419.13214
Israel,ISR,2021-W06,430.09836
Israel,ISR,2021-W07,437.85114
Israel,ISR,2021-W08,437.19943
Israel,ISR,2021-W09,436.48035
Israel,ISR,2021-W10,444.3005
Israel,ISR,2021-W11,456.5027
Israel,ISR,2021-W12,468.0307
Israel,ISR,2021-W13,468.0981
Israel,ISR,2021-W14,480.32275
Israel,ISR,2021-W15,487.0418
Israel,ISR,2021-W16,489.17664
Israel,ISR,2021-W17,490.34515
Israel,ISR,2021-W18,491.671
Israel,ISR,2021-W19,498.1204
Israel,ISR,2021-W20,503.2215
Israel,ISR,2021-W21,504.09787
Israel,ISR,2021-W22,501.58105
Israel,ISR,2021-W23,499.15408
Israel,ISR,2021-W24,501.58105
Israel,ISR,2021-W25,509.53604
Israel,ISR,2021-W26,515.13153
Israel,ISR,2021-W27,518.99664
Israel,ISR,2021-W28,514.38995
Israel,ISR,2021-W29,527.1315
Israel,ISR,2021-W30,534.72687
Israel,ISR,2021-W31,551.58075
Israel,ISR,2021-W32,574.5918
Israel,ISR,2021-W33,602.23206
Israel,ISR,2021-W34,629.1982
Israel,ISR,2021-W35,659.80475
Israel,ISR,2021-W36,681.2428
Israel,ISR,2021-W37,708.14154
Israel,ISR,2021-W38,725.0403
Israel,ISR,2021-W39,741.55707
Israel,ISR,2021-W40,757.6918
Israel,ISR,2021-W41,767.9838
Israel,ISR,2021-W42,781.75903
Israel,ISR,2021-W43,785.6017
Israel,ISR,2021-W44,790.56793
Israel,ISR,2021-W45,799.48926
Israel,ISR,2021-W46,796.5904
Israel,ISR,2021-W47,793.57916
Israel,ISR,2021-W48,789.53424
Israel,ISR,2021-W49,797.44434
Israel,ISR,2021-W50,803.3544
Israel,ISR,2021-W51,808.18585
Israel,ISR,2021-W52,806.5996
Israel,ISR,2022-W01,808.7128
Israel,ISR,2022-W02,821.6909
Israel,ISR,2022-W03,857.3281
Israel,ISR,2022-W04,901.39606
Israel,ISR,2022-W05,954.1161
Israel,ISR,2022-W06,994.77637
Israel,ISR,2022-W07,1023.86365
Israel,ISR,2022-W08,1042.9048
Israel,ISR,2022-W09,1054.4667
Israel,ISR,2022-W10,1059.0582
Israel,ISR,2022-W11,1066.4158
Israel,ISR,2022-W12,1079.1947
Israel,ISR,2022-W13,1101.9313
Israel,ISR,2022-W14,1118.9366
Israel,ISR,2022-W15,1120.5631
Israel,ISR,2022-W16,1127.301
Israel,ISR,2022-W17,1131.2067
Israel,ISR,2022-W18,1140.246
Israel,ISR,2022-W19,1141.8281
Israel,ISR,2022-W20,1142.6357
Israel,ISR,2022-W21,1147.4708
Israel,ISR,2022-W22,1149.0751
Israel,ISR,2022-W23,1155.0828
Israel,ISR,2022-W24,1163.1042
Israel,ISR,2022-W25,1166.6116
Israel,ISR,2022-W26,1180.187
Israel,ISR,2022-W27,1197.0376
Israel,ISR,2022-W28,1211.1885
Israel,ISR,2022-W29,1227.0431
Israel,ISR,2022-W30,1243.9158
Israel,ISR,2022-W31,1254.3049
Israel,ISR,2022-W32,1264.7825
Israel,ISR,2022-W33,1272.5162
Israel,ISR,2022-W34,1280.0287
Israel,ISR,2022-W35,1284.3768
Israel,ISR,2022-W36,1289.765
Israel,ISR,2022-W37,1294.4451
Israel,ISR,2022-W38,1299.0145
Israel,ISR,2022-W39,1308.0759
Israel,ISR,2022-W40,1318.974
Israel,ISR,2022-W41,1322.3485
Israel,ISR,2022-W42,1325.2805
Israel,ISR,2022-W43,1328.3895
Israel,ISR,2022-W44,1329.2856
Israel,ISR,2022-W45,1332.3062
Israel,ISR,2022-W46,1330.4363
Israel,ISR,2022-W47,1336.3113
Israel,ISR,2022-W48,1336.5215
Israel,ISR,2022-W49,1341.4229
Israel,ISR,2022-W50,1351.1039
Israel,ISR,2022-W51,1356.6249
Israel,ISR,2022-W52,1336.8438
Israel,ISR,2023-W01,1341.7487
Israel,ISR,2023-W02,1335.7756
Israel,ISR,2023-W03,1334.3586
Israel,ISR,2023-W04,1338.0863
Israel,ISR,2023-W05,1328.7561
Israel,ISR,2023-W06,1324.0039
Israel,ISR,2023-W07,1328.233
Israel,ISR,2023-W08,1330.9579
Israel,ISR,2023-W09,1339.0674
Israel,ISR,2023-W10,1339.8739
Israel,ISR,2023-W11,1344.6044
Israel,ISR,2023-W12,1355.1118
Israel,ISR,2023-W13,1351.1224
Israel,ISR,2023-W14,1359.5807
Israel,ISR,2023-W15,1367.8209
Israel,ISR,2023-W16,1375.9739
Israel,ISR,2023-W17,1376.8677
Israel,ISR,2023-W18,1378.0231
Israel,ISR,2023-W19,1384.1487
Israel,ISR,2023-W20,1390.2744
Israel,ISR,2023-W21,1398.9506
Israel,ISR,2023-W22,1405.97
Israel,ISR,2023-W23,1405.5558
Israel,ISR,2023-W24,1402.8745
Israel,ISR,2023-W25,1407.5178
Israel,ISR,2023-W26,1408.4552
Israel,ISR,2023-W27,1409.8939
Israel,ISR,2023-W28,1407.6921
Israel,ISR,2023-W29,1407.932
Israel,ISR,2023-W30,1399.8008
Israel,ISR,2023-W31,1406.4279
Israel,ISR,2023-W32,1413.578
Israel,ISR,2023-W33,1416.8262
Israel,ISR,2023-W34,1416.1504
Israel,ISR,2023-W35,1418.1342
Israel,ISR,2023-W36,1423.3224
Israel,ISR,2023-W37,1427.5951
Israel,ISR,2023-W38,1437.5356
Israel,ISR,2023-W39,1446.0157
Israel,ISR,2023-W40,1570.2075
Israel,ISR,2023-W41,1580.2789
Israel,ISR,2023-W42,1588.3883
Israel,ISR,2023-W43,1597.108
Israel,ISR,2023-W44,1597.108
Israel,ISR,2023-W45,1596.0399
Israel,ISR,2023-W46,1592.225
Israel,ISR,2023-W47,1589.3911
Israel,ISR,2023-W48,1588.8243
Israel,ISR,2023-W49,1599.5278
Israel,ISR,2023-W50,1598.1544
Israel,ISR,2023-W51,1603.8005
Israel,ISR,2023-W52,1608.0732
Italy,ITA,2020-W01,-32.001366
Italy,ITA,2020-W02,-60.74562
Italy,ITA,2020-W03,-84.50169
Italy,ITA,2020-W04,-100.18389
Italy,ITA,2020-W05,-115.597176
Italy,ITA,2020-W06,-129.1483
Italy,ITA,2020-W07,-138.23561
Italy,ITA,2020-W08,-149.39014
Italy,ITA,2020-W09,-151.9128
Italy,ITA,2020-W10,-132.49281
Italy,ITA,2020-W11,-47.624718
Italy,ITA,2020-W12,107.78722
Italy,ITA,2020-W13,289.6325
Italy,ITA,2020-W14,433.02777
Italy,ITA,2020-W15,547.3981
Italy,ITA,2020-W16,628.1284
Italy,ITA,2020-W17,677.8573
Italy,ITA,2020-W18,704.24866
Italy,ITA,2020-W19,721.31573
Italy,ITA,2020-W20,733.45844
Italy,ITA,2020-W21,734.8921
Italy,ITA,2020-W22,732.34924
Italy,ITA,2020-W23,728.1123
Italy,ITA,2020-W24,718.0435
Italy,ITA,2020-W25,717.1981
Italy,ITA,2020-W26,731.17615
Italy,ITA,2020-W27,746.2096
Italy,ITA,2020-W28,741.82477
Italy,ITA,2020-W29,731.97784
Italy,ITA,2020-W30,723.12244
Italy,ITA,2020-W31,738.492
Italy,ITA,2020-W32,737.69037
Italy,ITA,2020-W33,755.5104
Italy,ITA,2020-W34,771.7976
Italy,ITA,2020-W35,786.3067
Italy,ITA,2020-W36,795.46796
Italy,ITA,2020-W37,809.7753
Italy,ITA,2020-W38,825.27264
Italy,ITA,2020-W39,828.6794
Italy,ITA,2020-W40,841.9347
Italy,ITA,2020-W41,850.0809
Italy,ITA,2020-W42,868.6202
Italy,ITA,2020-W43,914.8063
Italy,ITA,2020-W44,983.8056
Italy,ITA,2020-W45,1075.8971
Italy,ITA,2020-W46,1186.6876
Italy,ITA,2020-W47,1298.9941
Italy,ITA,2020-W48,1412.4939
Italy,ITA,2020-W49,1504.8912
Italy,ITA,2020-W50,1581.8905
Italy,ITA,2020-W51,1644.1807
Italy,ITA,2020-W52,1674.1989
Italy,ITA,2020-W53,1722.4226
Italy,ITA,2021-W01,1747.0714
Italy,ITA,2021-W02,1768.2225
Italy,ITA,2021-W03,1797.9792
Italy,ITA,2021-W04,1822.915
Italy,ITA,2021-W05,1837.368
Italy,ITA,2021-W06,1837.3174
Italy,ITA,2021-W07,1850.815
Italy,ITA,2021-W08,1859.9067
Italy,ITA,2021-W09,1875.4569
Italy,ITA,2021-W10,1904.5721
Italy,ITA,2021-W11,1944.9332
Italy,ITA,2021-W12,2000.9154
Italy,ITA,2021-W13,2056.759
Italy,ITA,2021-W14,2105.145
Italy,ITA,2021-W15,2147.6565
Italy,ITA,2021-W16,2192.2007
Italy,ITA,2021-W17,2226.1504
Italy,ITA,2021-W18,2247.1428
Italy,ITA,2021-W19,2261.589
Italy,ITA,2021-W20,2277.639
Italy,ITA,2021-W21,2288.7732
Italy,ITA,2021-W22,2302.953
Italy,ITA,2021-W23,2311.2952
Italy,ITA,2021-W24,2318.4727
Italy,ITA,2021-W25,2347.4055
Italy,ITA,2021-W26,2367.6113
Italy,ITA,2021-W27,2376.9597
Italy,ITA,2021-W28,2376.359
Italy,ITA,2021-W29,2384.9072
Italy,ITA,2021-W30,2400.8828
Italy,ITA,2021-W31,2415.2783
Italy,ITA,2021-W32,2442.3813
Italy,ITA,2021-W33,2468.6406
Italy,ITA,2021-W34,2487.9922
Italy,ITA,2021-W35,2507.2292
Italy,ITA,2021-W36,2531.5605
Italy,ITA,2021-W37,2556.4019
Italy,ITA,2021-W38,2569.0688
Italy,ITA,2021-W39,2578.758
Italy,ITA,2021-W40,2581.5603
Italy,ITA,2021-W41,2594.558
Italy,ITA,2021-W42,2618.957
Italy,ITA,2021-W43,2634.494
Italy,ITA,2021-W44,2654.8481
Italy,ITA,2021-W45,2670.9656
Italy,ITA,2021-W46,2683.4976
Italy,ITA,2021-W47,2694.7332
Italy,ITA,2021-W48,2724.4697
Italy,ITA,2021-W49,2754.1116
Italy,ITA,2021-W50,2789.3545
Italy,ITA,2021-W51,2820.8127
Italy,ITA,2021-W52,2849.4834
Italy,ITA,2022-W01,2859.7395
Italy,ITA,2022-W02,2881.0364
Italy,ITA,2022-W03,2908.224
Italy,ITA,2022-W04,2949.85
Italy,ITA,2022-W05,2984.8704
Italy,ITA,2022-W06,3006.3872
Italy,ITA,2022-W07,3015.1597
Italy,ITA,2022-W08,3015.2935
Italy,ITA,2022-W09,3017.3005
Italy,ITA,2022-W10,3026.974
Italy,ITA,2022-W11,3042.1052
Italy,ITA,2022-W12,3059.6653
Italy,ITA,2022-W13,3080.3215
Italy,ITA,2022-W14,3104.081
Italy,ITA,2022-W15,3128.2979
Italy,ITA,2022-W16,3147.6602
Italy,ITA,2022-W17,3165.742
Italy,ITA,2022-W18,3184.2878
Italy,ITA,2022-W19,3204.0903
Italy,ITA,2022-W20,3225.6716
Italy,ITA,2022-W21,3242.0325
Italy,ITA,2022-W22,3251.523
Italy,ITA,2022-W23,3256.7314
Italy,ITA,2022-W24,3269.393
Italy,ITA,2022-W25,3291.452
Italy,ITA,2022-W26,3327.0615
Italy,ITA,2022-W27,3370.815
Italy,ITA,2022-W28,3401.6887
Italy,ITA,2022-W29,3473.333
Italy,ITA,2022-W30,3544.8418
Italy,ITA,2022-W31,3593.2703
Italy,ITA,2022-W32,3610.3933
Italy,ITA,2022-W33,3631.5986
Italy,ITA,2022-W34,3649.057
Italy,ITA,2022-W35,3662.843
Italy,ITA,2022-W36,3683.3674
Italy,ITA,2022-W37,3698.6104
Italy,ITA,2022-W38,3709.0054
Italy,ITA,2022-W39,3729.1501
Italy,ITA,2022-W40,3750.2605
Italy,ITA,2022-W41,3761.4956
Italy,ITA,2022-W42,3777.1755
Italy,ITA,2022-W43,3789.9421
Italy,ITA,2022-W44,3799.9543
Italy,ITA,2022-W45,3818.3342
Italy,ITA,2022-W46,3844.3464
Italy,ITA,2022-W47,3872.31
Italy,ITA,2022-W48,3916.399
Italy,ITA,2022-W49,3962.3918
Italy,ITA,2022-W50,4006.9246
Italy,ITA,2022-W51,4042.4766
Italy,ITA,2022-W52,4081.6235
Italy,ITA,2023-W01,4084.7117
Italy,ITA,2023-W02,4076.1777
Italy,ITA,2023-W03,4067.5894
Italy,ITA,2023-W04,4070.6096
Italy,ITA,2023-W05,4073.9866
Italy,ITA,2023-W06,4084.4944
Italy,ITA,2023-W07,4102.452
Italy,ITA,2023-W08,4108.6895
Italy,ITA,2023-W09,4099.4287
Italy,ITA,2023-W10,4099.4014
Italy,ITA,2023-W11,4090.5789
Italy,ITA,2023-W12,4088.0308
Italy,ITA,2023-W13,4081.8103
Italy,ITA,2023-W14,4079.84
Italy,ITA,2023-W15,4089.845
Italy,ITA,2023-W16,4102.218
Italy,ITA,2023-W17,4108.4316
Italy,ITA,2023-W18,4110.49
Italy,ITA,2023-W19,4106.811
Italy,ITA,2023-W20,4104.7285
Italy,ITA,2023-W21,4113.9893
Italy,ITA,2023-W22,4114.1353
Italy,ITA,2023-W23,4108.357
Italy,ITA,2023-W24,4100.6753
Italy,ITA,2023-W25,4110.3677
Italy,ITA,2023-W26,4105.8936
Italy,ITA,2023-W27,4100.227
Italy,ITA,2023-W28,4104.7114
Italy,ITA,2023-W29,4142.642
Italy,ITA,2023-W30,4167.816
Italy,ITA,2023-W31,4162.6245
Italy,ITA,2023-W32,4142.2617
Italy,ITA,2023-W33,4148.9233
Italy,ITA,2023-W34,4184.2554
Italy,ITA,2023-W35,4188.76
Italy,ITA,2023-W36,4199.6143
Italy,ITA,2023-W37,4210.268
Italy,ITA,2023-W38,4214.5146
Italy,ITA,2023-W39,4220.572
Italy,ITA,2023-W40,4224.9985
Italy,ITA,2023-W41,4219.981
Italy,ITA,2023-W42,4218.758
Italy,ITA,2023-W43,4220.321
Italy,ITA,2023-W44,4223.368
Italy,ITA,2023-W45,4230.56
Italy,ITA,2023-W46,4247.1216
Italy,ITA,2023-W47,4265.1816
Italy,ITA,2023-W48,4298.0024
Italy,ITA,2023-W49,4324.257
Italy,ITA,2023-W50,4353.8877
Italy,ITA,2023-W51,4388.6963
Italy,ITA,2023-W52,4421.9893
Jamaica,JAM,2020-W05,17.975914
Jamaica,JAM,2020-W09,-67.57819
Jamaica,JAM,2020-W14,-182.9149
Jamaica,JAM,2020-W18,-252.58493
Jamaica,JAM,2020-W22,-317.71664
Jamaica,JAM,2020-W27,-344.13098
Jamaica,JAM,2020-W31,-371.5381
Jamaica,JAM,2020-W36,-406.24902
Jamaica,JAM,2020-W40,-369.12714
Jamaica,JAM,2020-W44,-316.47574
Jamaica,JAM,2020-W49,-305.52
Jamaica,JAM,2020-W53,-231.09892
Jamaica,JAM,2021-W04,-235.95146
Jamaica,JAM,2021-W08,-223.7154
Jamaica,JAM,2021-W13,-24.401535
Jamaica,JAM,2021-W17,252.99696
Jamaica,JAM,2021-W22,258.0187
Jamaica,JAM,2021-W26,325.35257
Jamaica,JAM,2021-W30,289.13937
Jamaica,JAM,2021-W35,372.59943
Jamaica,JAM,2021-W39,1339.3212
Jamaica,JAM,2021-W43,1675.4246
Jamaica,JAM,2021-W48,1775.4352
Jamaica,JAM,2021-W52,1801.8878
Jamaica,JAM,2022-W05,1984.0261
Jamaica,JAM,2022-W09,2120.336
Jamaica,JAM,2022-W13,2100.3174
Jamaica,JAM,2022-W17,2046.6283
Jamaica,JAM,2022-W22,2046.9819
Jamaica,JAM,2022-W26,2076.7622
Jamaica,JAM,2022-W30,2016.07
Jamaica,JAM,2022-W35,2077.894
Jamaica,JAM,2022-W39,2105.269
Jamaica,JAM,2022-W44,2071.3862
Jamaica,JAM,2022-W48,2070.8909
Jamaica,JAM,2022-W52,2040.6863
Jamaica,JAM,2023-W05,2076.0898
Jamaica,JAM,2023-W09,1937.462
Jamaica,JAM,2023-W13,1988.1779
Jamaica,JAM,2023-W17,1929.8176
Jamaica,JAM,2023-W22,1975.0831
Jamaica,JAM,2023-W26,2003.0776
Jamaica,JAM,2023-W31,2008.1385
Jamaica,JAM,2023-W35,2077.3994
Jamaica,JAM,2023-W39,2076.0898
Jamaica,JAM,2023-W44,2074.7097
Jamaica,JAM,2023-W48,2063.9153
Jamaica,JAM,2023-W52,2038.9644
Japan,JPN,2020-W05,-62.42015
Japan,JPN,2020-W09,-106.05471
Japan,JPN,2020-W14,-144.6368
Japan,JPN,2020-W18,-152.03668
Japan,JPN,2020-W22,-180.34288
Japan,JPN,2020-W27,-208.45744
Japan,JPN,2020-W31,-242.4293
Japan,JPN,2020-W36,-240.16972
Japan,JPN,2020-W40,-248.9733
Japan,JPN,2020-W44,-241.75063
Japan,JPN,2020-W49,-255.17554
Japan,JPN,2020-W53,-223.59418
Japan,JPN,2021-W04,-238.12614
Japan,JPN,2021-W08,-282.7822
Japan,JPN,2021-W13,-302.74725
Japan,JPN,2021-W17,-288.25034
Japan,JPN,2021-W22,-251.05421
Japan,JPN,2021-W26,-229.25784
Japan,JPN,2021-W30,-220.87585
Japan,JPN,2021-W35,-185.38747
Japan,JPN,2021-W39,-144.76793
Japan,JPN,2021-W43,-132.1376
Japan,JPN,2021-W48,-127.35558
Japan,JPN,2021-W52,-105.50623
Japan,JPN,2022-W05,-110.87062
Japan,JPN,2022-W09,-15.255943
Japan,JPN,2022-W13,76.96061
Japan,JPN,2022-W17,104.09051
Japan,JPN,2022-W22,147.65909
Japan,JPN,2022-W26,178.41621
Japan,JPN,2022-W30,213.24266
Japan,JPN,2022-W35,376.15775
Japan,JPN,2022-W39,491.70276
Japan,JPN,2022-W44,576.8908
Japan,JPN,2022-W48,657.9885
Japan,JPN,2022-W52,859.7607
Japan,JPN,2023-W05,1045.2849
Japan,JPN,2023-W09,1103.3645
Japan,JPN,2023-W13,1135.3344
Japan,JPN,2023-W17,1155.8551
Japan,JPN,2023-W22,1188.6765
Japan,JPN,2023-W26,1215.7233
Japan,JPN,2023-W31,1257.8914
Japan,JPN,2023-W35,1365.9164
Japan,JPN,2023-W39,1466.8966
Japan,JPN,2023-W44,1553.1819
Japan,JPN,2023-W48,1613.7319
Japan,JPN,2023-W52,1702.1892
Jordan,JOR,2020-W05,30.1865
Jordan,JOR,2020-W09,40.95628
Jordan,JOR,2020-W14,45.110462
Jordan,JOR,2020-W18,30.625692
Jordan,JOR,2020-W22,43.152306
Jordan,JOR,2020-W27,41.0386
Jordan,JOR,2020-W31,31.95245
Jordan,JOR,2020-W36,27.459692
Jordan,JOR,2020-W40,34.72494
Jordan,JOR,2020-W44,127.29751
Jordan,JOR,2020-W49,355.38455
Jordan,JOR,2020-W53,418.0817
Jordan,JOR,2021-W04,433.0171
Jordan,JOR,2021-W08,472.30563
Jordan,JOR,2021-W13,742.4637
Jordan,JOR,2021-W17,959.1786
Jordan,JOR,2021-W22,1038.7693
Jordan,JOR,2021-W26,1073.8689
Jordan,JOR,2021-W30,1109.1208
Jordan,JOR,2021-W35,1153.2802
Jordan,JOR,2021-W39,1168.9597
Jordan,JOR,2021-W43,1184.9263
Jordan,JOR,2021-W48,1241.7063
Jordan,JOR,2021-W52,1349.3013
Jordan,JOR,2022-W05,1389.8789
Jordan,JOR,2022-W09,1471.255
Jordan,JOR,2022-W13,1512.2886
Jordan,JOR,2022-W17,1517.6404
Jordan,JOR,2022-W22,1512.3772
Jordan,JOR,2022-W26,1509.595
Jordan,JOR,2022-W30,1508.2126
Jordan,JOR,2022-W35,1510.9241
Jordan,JOR,2022-W39,1499.3254
Jordan,JOR,2022-W44,1479.5131
Jordan,JOR,2022-W48,1476.5359
Jordan,JOR,2022-W52,1475.2865
Jordan,JOR,2023-W05,1451.867
Jordan,JOR,2023-W09,1460.1318
Jordan,JOR,2023-W13,1472.0837
Jordan,JOR,2023-W17,1480.1724
Jordan,JOR,2023-W22,1480.1724
Jordan,JOR,2023-W26,1474.7035
Jordan,JOR,2023-W31,1478.9991
Jordan,JOR,2023-W35,1479.0874
Jordan,JOR,2023-W39,1463.6953
Jordan,JOR,2023-W44,1433.8552
Jordan,JOR,2023-W48,1411.6007
Jordan,JOR,2023-W52,1427.4072
Kazakhstan,KAZ,2020-W05,-21.375986
Kazakhstan,KAZ,2020-W09,-6.8495855
Kazakhstan,KAZ,2020-W14,-140.83278
Kazakhstan,KAZ,2020-W18,-492.85403
Kazakhstan,KAZ,2020-W22,-325.88745
Kazakhstan,KAZ,2020-W27,-110.636604
Kazakhstan,KAZ,2020-W31,760.6676
Kazakhstan,KAZ,2020-W36,1143.4066
Kazakhstan,KAZ,2020-W40,1304.7039
Kazakhstan,KAZ,2020-W44,1377.3252
Kazakhstan,KAZ,2020-W49,1464.9841
Kazakhstan,KAZ,2020-W53,1588.0396
Kazakhstan,KAZ,2021-W04,1579.3009
Kazakhstan,KAZ,2021-W08,1610.1191
Kazakhstan,KAZ,2021-W13,1682.7366
Kazakhstan,KAZ,2021-W17,1795.6116
Kazakhstan,KAZ,2021-W22,1951.0985
Kazakhstan,KAZ,2021-W26,2055.92
Kazakhstan,KAZ,2021-W30,2317.9785
Kazakhstan,KAZ,2021-W35,3033.8914
Kazakhstan,KAZ,2021-W39,3520.2412
Kazakhstan,KAZ,2021-W43,3773.5796
Kazakhstan,KAZ,2021-W48,4039.7534
Kazakhstan,KAZ,2021-W52,4203.19
Kazakhstan,KAZ,2022-W05,4207.625
Kazakhstan,KAZ,2022-W09,4371.07
Kazakhstan,KAZ,2022-W13,4367.1465
Kazakhstan,KAZ,2022-W17,4284.339
Kazakhstan,KAZ,2022-W22,4259.5273
Kazakhstan,KAZ,2022-W26,4249.325
Kazakhstan,KAZ,2022-W30,4194.1904
Kazakhstan,KAZ,2022-W35,4246.6133
Kazakhstan,KAZ,2022-W39,4224.967
Kazakhstan,KAZ,2022-W44,4189.1953
Kazakhstan,KAZ,2022-W48,4193.1387
Kazakhstan,KAZ,2022-W52,4240.0146
Kazakhstan,KAZ,2023-W05,4184.1846
Kazakhstan,KAZ,2023-W09,4134.018
Kazakhstan,KAZ,2023-W13,4117.279
Kazakhstan,KAZ,2023-W17,4030.451
Kazakhstan,KAZ,2023-W22,4022.984
Kazakhstan,KAZ,2023-W26,3992.28
Kazakhstan,KAZ,2023-W31,3967.666
Kazakhstan,KAZ,2023-W35,3992.6472
Kazakhstan,KAZ,2023-W39,3964.9526
Kazakhstan,KAZ,2023-W44,3962.5554
Kazakhstan,KAZ,2023-W48,3957.8325
Kazakhstan,KAZ,2023-W52,4047.5574
Kosovo,OWID_KOS,2020-W05,9.69653
Kosovo,OWID_KOS,2020-W09,4.309573
Kosovo,OWID_KOS,2020-W14,-5.8657904
Kosovo,OWID_KOS,2020-W18,-37.34955
Kosovo,OWID_KOS,2020-W22,-7.900841
Kosovo,OWID_KOS,2020-W27,55.66526
Kosovo,OWID_KOS,2020-W31,461.24326
Kosovo,OWID_KOS,2020-W36,843.8369
Kosovo,OWID_KOS,2020-W40,938.7671
Kosovo,OWID_KOS,2020-W44,1041.9573
Kosovo,OWID_KOS,2020-W49,1530.9733
Kosovo,OWID_KOS,2020-W53,1993.0544
Kosovo,OWID_KOS,2021-W04,2206.5894
Kosovo,OWID_KOS,2021-W08,2307.9116
Kosovo,OWID_KOS,2021-W13,2595.152
Kosovo,OWID_KOS,2021-W17,2909.1072
Kosovo,OWID_KOS,2021-W22,2985.2793
Kosovo,OWID_KOS,2021-W26,3010.309
Kosovo,OWID_KOS,2021-W30,3012.7158
Kosovo,OWID_KOS,2021-W35,3297.0684
Kosovo,OWID_KOS,2021-W39,3750.7324
Kosovo,OWID_KOS,2021-W43,3784.9077
Kosovo,OWID_KOS,2021-W48,3775.5217
Kosovo,OWID_KOS,2021-W52,3848.5652
Kosovo,OWID_KOS,2022-W05,3830.3425
Kosovo,OWID_KOS,2022-W09,3904.8733
Kosovo,OWID_KOS,2022-W13,3823.956
Kosovo,OWID_KOS,2022-W17,3764.3677
Kosovo,OWID_KOS,2022-W22,3707.0688
Kosovo,OWID_KOS,2022-W26,3612.4146
Kosovo,OWID_KOS,2022-W30,3575.2395
Kosovo,OWID_KOS,2022-W35,3503.4805
Kosovo,OWID_KOS,2022-W39,3417.5022
Kosovo,OWID_KOS,2022-W44,3342.851
Kosovo,OWID_KOS,2022-W48,3286.0342
Kosovo,OWID_KOS,2022-W52,3184.0293
Kosovo,OWID_KOS,2023-W05,3120.8843
Kosovo,OWID_KOS,2023-W09,3059.6316
Kosovo,OWID_KOS,2023-W13,2964.1157
Kosovo,OWID_KOS,2023-W17,2894.087
Kosovo,OWID_KOS,2023-W22,2810.7134
Kosovo,OWID_KOS,2023-W26,2714.7168
Kosovo,OWID_KOS,2023-W31,2673.6611
Kosovo,OWID_KOS,2023-W35,2602.3098
Kosovo,OWID_KOS,2023-W39,2539.6145
Kosovo,OWID_KOS,2023-W44,2438.9292
Kosovo,OWID_KOS,2023-W48,2368.0586
Kosovo,OWID_KOS,2023-W52,2258.7173
Kuwait,KWT,2020-W05,-28.162222
Kuwait,KWT,2020-W09,-26.052345
Kuwait,KWT,2020-W14,-25.914751
Kuwait,KWT,2020-W18,-0.45866814
Kuwait,KWT,2020-W22,171.72536
Kuwait,KWT,2020-W27,320.74664
Kuwait,KWT,2020-W31,427.02005
Kuwait,KWT,2020-W36,506.46136
Kuwait,KWT,2020-W40,577.9219
Kuwait,KWT,2020-W44,653.28107
Kuwait,KWT,2020-W49,713.0455
Kuwait,KWT,2020-W53,736.3458
Kuwait,KWT,2021-W04,761.2507
Kuwait,KWT,2021-W08,792.6852
Kuwait,KWT,2021-W13,883.0357
Kuwait,KWT,2021-W17,998.18567
Kuwait,KWT,2021-W22,1086.9363
Kuwait,KWT,2021-W26,1187.9219
Kuwait,KWT,2021-W30,1390.2225
Kuwait,KWT,2021-W35,1521.2308
Kuwait,KWT,2021-W39,1557.4652
Kuwait,KWT,2021-W43,1559.1122
Kuwait,KWT,2021-W48,1552.9948
Kuwait,KWT,2021-W52,1548.0537
Kuwait,KWT,2022-W05,1568.1609
Kuwait,KWT,2022-W09,1619.9073
Kuwait,KWT,2022-W13,1622.0859
Kuwait,KWT,2022-W17,1614.2853
Kuwait,KWT,2022-W22,1608.7804
Kuwait,KWT,2022-W26,1611.24
Kuwait,KWT,2022-W30,1616.8855
Kuwait,KWT,2022-W35,1628.1531
Kuwait,KWT,2022-W39,1618.619
Kuwait,KWT,2022-W44,1620.5632
Kuwait,KWT,2022-W48,1613.1375
Kuwait,KWT,2022-W52,1601.9636
Kuwait,KWT,2023-W05,1572.5596
Kuwait,KWT,2023-W09,1573.7892
Kuwait,KWT,2023-W13,1571.3994
Kuwait,KWT,2023-W17,1560.982
Kuwait,KWT,2023-W22,1552.3744
Kuwait,KWT,2023-W26,1538.1985
Kuwait,KWT,2023-W31,1529.73
Kuwait,KWT,2023-W35,1523.1176
Kuwait,KWT,2023-W39,1505.183
Kuwait,KWT,2023-W44,1500.7052
Kuwait,KWT,2023-W48,1485.3228
Kuwait,KWT,2023-W52,1457.4116
Kyrgyzstan,KGZ,2020-W05,18.552868
Kyrgyzstan,KGZ,2020-W09,74.709564
Kyrgyzstan,KGZ,2020-W14,24.840946
Kyrgyzstan,KGZ,2020-W18,-188.95294
Kyrgyzstan,KGZ,2020-W22,-159.84735
Kyrgyzstan,KGZ,2020-W27,-5.323049
Kyrgyzstan,KGZ,2020-W31,182.91391
Kyrgyzstan,KGZ,2020-W36,491.9625
Kyrgyzstan,KGZ,2020-W40,636.3699
Kyrgyzstan,KGZ,2020-W44,745.97504
Kyrgyzstan,KGZ,2020-W49,971.09985
Kyrgyzstan,KGZ,2020-W53,1164.5665
Kyrgyzstan,KGZ,2021-W04,1154.5646
Kyrgyzstan,KGZ,2021-W08,1171.5844
Kyrgyzstan,KGZ,2021-W13,1241.4247
Kyrgyzstan,KGZ,2021-W17,1305.2599
Kyrgyzstan,KGZ,2021-W22,1330.5826
Kyrgyzstan,KGZ,2021-W26,1458.9731
Kyrgyzstan,KGZ,2021-W30,1616.562
Kyrgyzstan,KGZ,2021-W35,1808.4967
Kyrgyzstan,KGZ,2021-W39,1939.185
Kyrgyzstan,KGZ,2021-W43,2026.1217
Kyrgyzstan,KGZ,2021-W48,2133.77
Kyrgyzstan,KGZ,2021-W52,2226.191
Kyrgyzstan,KGZ,2022-W05,2186.6277
Kyrgyzstan,KGZ,2022-W09,2261.4775
Kyrgyzstan,KGZ,2022-W13,2307.1897
Kyrgyzstan,KGZ,2022-W17,2305.6665
Kyrgyzstan,KGZ,2022-W22,2250.3926
Kyrgyzstan,KGZ,2022-W26,2427.646
Kyrgyzstan,KGZ,2022-W30,2397.6187
Kyrgyzstan,KGZ,2022-W35,2454.7927
Kyrgyzstan,KGZ,2022-W39,2511.243
Kyrgyzstan,KGZ,2022-W44,2359.779
Kyrgyzstan,KGZ,2022-W48,2100.6628
Kyrgyzstan,KGZ,2022-W52,2132.5605
Kyrgyzstan,KGZ,2023-W05,2090.774
Kyrgyzstan,KGZ,2023-W09,2099.9048
Kyrgyzstan,KGZ,2023-W13,2116.4294
Kyrgyzstan,KGZ,2023-W17,2058.9863
Kyrgyzstan,KGZ,2023-W22,2064.2869
Kyrgyzstan,KGZ,2023-W26,2081.1382
Kyrgyzstan,KGZ,2023-W31,2055.4675
Kyrgyzstan,KGZ,2023-W35,2082.5337
Kyrgyzstan,KGZ,2023-W39,2075.7783
Kyrgyzstan,KGZ,2023-W44,2084.8203
Kyrgyzstan,KGZ,2023-W48,2109.4812
Kyrgyzstan,KGZ,2023-W52,2107.952
Latvia,LVA,2020-W01,-1.0542645
Latvia,LVA,2020-W02,-12.3349085
Latvia,LVA,2020-W03,-58.089985
Latvia,LVA,2020-W04,-85.81713
Latvia,LVA,2020-W05,-106.16442
Latvia,LVA,2020-W06,-130.93964
Latvia,LVA,2020-W07,-159.29935
Latvia,LVA,2020-W08,-198.62341
Latvia,LVA,2020-W09,-250.91493
Latvia,LVA,2020-W10,-307.00183
Latvia,LVA,2020-W11,-326.822
Latvia,LVA,2020-W12,-353.6003
Latvia,LVA,2020-W13,-383.64685
Latvia,LVA,2020-W14,-386.07162
Latvia,LVA,2020-W15,-386.80963
Latvia,LVA,2020-W16,-403.04532
Latvia,LVA,2020-W17,-395.34918
Latvia,LVA,2020-W18,-385.64996
Latvia,LVA,2020-W19,-428.4531
Latvia,LVA,2020-W20,-395.13834
Latvia,LVA,2020-W21,-383.01428
Latvia,LVA,2020-W22,-389.867
Latvia,LVA,2020-W23,-385.0174
Latvia,LVA,2020-W24,-358.97705
Latvia,LVA,2020-W25,-363.29956
Latvia,LVA,2020-W26,-327.77084
Latvia,LVA,2020-W27,-313.53827
Latvia,LVA,2020-W28,-328.50882
Latvia,LVA,2020-W29,-327.24368
Latvia,LVA,2020-W30,-325.02972
Latvia,LVA,2020-W31,-322.39407
Latvia,LVA,2020-W32,-306.47467
Latvia,LVA,2020-W33,-286.86533
Latvia,LVA,2020-W34,-265.46375
Latvia,LVA,2020-W35,-265.78003
Latvia,LVA,2020-W36,-259.45447
Latvia,LVA,2020-W37,-267.36145
Latvia,LVA,2020-W38,-273.15988
Latvia,LVA,2020-W39,-266.20175
Latvia,LVA,2020-W40,-259.45447
Latvia,LVA,2020-W41,-263.35526
Latvia,LVA,2020-W42,-249.2281
Latvia,LVA,2020-W43,-217.49474
Latvia,LVA,2020-W44,-203.3676
Latvia,LVA,2020-W45,-175.32416
Latvia,LVA,2020-W46,-148.44041
Latvia,LVA,2020-W47,-111.541145
Latvia,LVA,2020-W48,-65.36437
Latvia,LVA,2020-W49,2.2139943
Latvia,LVA,2020-W50,91.088486
Latvia,LVA,2020-W51,168.8932
Latvia,LVA,2020-W52,296.98636
Latvia,LVA,2020-W53,399.9091
Latvia,LVA,2021-W01,526.595
Latvia,LVA,2021-W02,641.3274
Latvia,LVA,2021-W03,733.9671
Latvia,LVA,2021-W04,833.1172
Latvia,LVA,2021-W05,923.1955
Latvia,LVA,2021-W06,992.782
Latvia,LVA,2021-W07,1038.4615
Latvia,LVA,2021-W08,1066.6376
Latvia,LVA,2021-W09,1057.6725
Latvia,LVA,2021-W10,1057.1389
Latvia,LVA,2021-W11,1082.1132
Latvia,LVA,2021-W12,1077.6306
Latvia,LVA,2021-W13,1090.6514
Latvia,LVA,2021-W14,1082.54
Latvia,LVA,2021-W15,1098.5492
Latvia,LVA,2021-W16,1130.8877
Latvia,LVA,2021-W17,1180.5161
Latvia,LVA,2021-W18,1238.0425
Latvia,LVA,2021-W19,1304.854
Latvia,LVA,2021-W20,1351.6008
Latvia,LVA,2021-W21,1383.299
Latvia,LVA,2021-W22,1411.7953
Latvia,LVA,2021-W23,1490.0269
Latvia,LVA,2021-W24,1519.2703
Latvia,LVA,2021-W25,1622.903
Latvia,LVA,2021-W26,1691.1019
Latvia,LVA,2021-W27,1745.7466
Latvia,LVA,2021-W28,1817.2543
Latvia,LVA,2021-W29,1812.8784
Latvia,LVA,2021-W30,1847.3514
Latvia,LVA,2021-W31,1882.7852
Latvia,LVA,2021-W32,1897.5135
Latvia,LVA,2021-W33,1934.1212
Latvia,LVA,2021-W34,1942.6594
Latvia,LVA,2021-W35,1976.7056
Latvia,LVA,2021-W36,2050.5613
Latvia,LVA,2021-W37,2086.5286
Latvia,LVA,2021-W38,2155.0476
Latvia,LVA,2021-W39,2226.3418
Latvia,LVA,2021-W40,2299.5571
Latvia,LVA,2021-W41,2441.5051
Latvia,LVA,2021-W42,2653.4666
Latvia,LVA,2021-W43,2871.5115
Latvia,LVA,2021-W44,3083.473
Latvia,LVA,2021-W45,3292.9795
Latvia,LVA,2021-W46,3464.4912
Latvia,LVA,2021-W47,3570.365
Latvia,LVA,2021-W48,3652.5454
Latvia,LVA,2021-W49,3737.1807
Latvia,LVA,2021-W50,3798.549
Latvia,LVA,2021-W51,3846.043
Latvia,LVA,2021-W52,3965.409
Latvia,LVA,2022-W01,4014.959
Latvia,LVA,2022-W02,4060.5105
Latvia,LVA,2022-W03,4083.1511
Latvia,LVA,2022-W04,4081.0437
Latvia,LVA,2022-W05,4123.7856
Latvia,LVA,2022-W06,4180.36
Latvia,LVA,2022-W07,4257.0356
Latvia,LVA,2022-W08,4291.132
Latvia,LVA,2022-W09,4339.493
Latvia,LVA,2022-W10,4368.834
Latvia,LVA,2022-W11,4431.0283
Latvia,LVA,2022-W12,4476.3633
Latvia,LVA,2022-W13,4491.331
Latvia,LVA,2022-W14,4512.459
Latvia,LVA,2022-W15,4518.0244
Latvia,LVA,2022-W16,4533.1
Latvia,LVA,2022-W17,4551.6343
Latvia,LVA,2022-W18,4570.06
Latvia,LVA,2022-W19,4574.113
Latvia,LVA,2022-W20,4588.108
Latvia,LVA,2022-W21,4598.7524
Latvia,LVA,2022-W22,4611.559
Latvia,LVA,2022-W23,4631.498
Latvia,LVA,2022-W24,4655.327
Latvia,LVA,2022-W25,4677.2114
Latvia,LVA,2022-W26,4742.648
Latvia,LVA,2022-W27,4738.703
Latvia,LVA,2022-W28,4732.381
Latvia,LVA,2022-W29,4728.653
Latvia,LVA,2022-W30,4751.2935
Latvia,LVA,2022-W31,4781.931
Latvia,LVA,2022-W32,4807.2734
Latvia,LVA,2022-W33,4856.391
Latvia,LVA,2022-W34,4863.578
Latvia,LVA,2022-W35,4877.1406
Latvia,LVA,2022-W36,4906.6978
Latvia,LVA,2022-W37,4929.771
Latvia,LVA,2022-W38,4958.7876
Latvia,LVA,2022-W39,4995.477
Latvia,LVA,2022-W40,5029.249
Latvia,LVA,2022-W41,5072.639
Latvia,LVA,2022-W42,5086.418
Latvia,LVA,2022-W43,5112.301
Latvia,LVA,2022-W44,5115.813
Latvia,LVA,2022-W45,5121.1626
Latvia,LVA,2022-W46,5160.9863
Latvia,LVA,2022-W47,5197.568
Latvia,LVA,2022-W48,5220.9653
Latvia,LVA,2022-W49,5255.4937
Latvia,LVA,2022-W50,5332.3853
Latvia,LVA,2022-W51,5407.656
Latvia,LVA,2022-W52,5587.5435
Latvia,LVA,2023-W01,5652.6177
Latvia,LVA,2023-W02,5731.6797
Latvia,LVA,2023-W03,5745.503
Latvia,LVA,2023-W04,5746.3228
Latvia,LVA,2023-W05,5741.132
Latvia,LVA,2023-W06,5739.5474
Latvia,LVA,2023-W07,5753.371
Latvia,LVA,2023-W08,5760.2007
Latvia,LVA,2023-W09,5732.2803
Latvia,LVA,2023-W10,5694.416
Latvia,LVA,2023-W11,5652.6177
Latvia,LVA,2023-W12,5642.4004
Latvia,LVA,2023-W13,5596.5586
Latvia,LVA,2023-W14,5565.1416
Latvia,LVA,2023-W15,5560.06
Latvia,LVA,2023-W16,5590.822
Latvia,LVA,2023-W17,5595.029
Latvia,LVA,2023-W18,5606.776
Latvia,LVA,2023-W19,5600.1646
Latvia,LVA,2023-W20,5599.782
Latvia,LVA,2023-W21,5575.2495
Latvia,LVA,2023-W22,5565.469
Latvia,LVA,2023-W23,5545.417
Latvia,LVA,2023-W24,5571.9165
Latvia,LVA,2023-W25,5582.7896
Latvia,LVA,2023-W26,5589.6196
Latvia,LVA,2023-W27,5557.984
Latvia,LVA,2023-W28,5523.398
Latvia,LVA,2023-W29,5501.269
Latvia,LVA,2023-W30,5476.2993
Latvia,LVA,2023-W31,5475.261
Latvia,LVA,2023-W32,5485.8066
Latvia,LVA,2023-W33,5495.805
Latvia,LVA,2023-W34,5479.25
Latvia,LVA,2023-W35,5464.2246
Latvia,LVA,2023-W36,5459.362
Latvia,LVA,2023-W37,5456.684
Latvia,LVA,2023-W38,5447.45
Latvia,LVA,2023-W39,5434.501
Latvia,LVA,2023-W40,5416.416
Latvia,LVA,2023-W41,5410.2417
Latvia,LVA,2023-W42,5431.496
Latvia,LVA,2023-W43,5463.8965
Latvia,LVA,2023-W44,5492.254
Latvia,LVA,2023-W45,5496.2427
Latvia,LVA,2023-W46,5525.802
Latvia,LVA,2023-W47,5565.1963
Latvia,LVA,2023-W48,5604.372
Latvia,LVA,2023-W49,5661.36
Latvia,LVA,2023-W50,5708.185
Latvia,LVA,2023-W51,5729.33
Latvia,LVA,2023-W52,5738.6733
Lebanon,LBN,2020-W05,62.45889
Lebanon,LBN,2020-W09,99.6305
Lebanon,LBN,2020-W14,62.282303
Lebanon,LBN,2020-W18,21.331745
Lebanon,LBN,2020-W22,34.77005
Lebanon,LBN,2020-W27,19.036133
Lebanon,LBN,2020-W31,26.964903
Lebanon,LBN,2020-W36,75.367455
Lebanon,LBN,2020-W40,161.06525
Lebanon,LBN,2020-W44,273.78088
Lebanon,LBN,2020-W49,428.13574
Lebanon,LBN,2020-W53,623.4942
Lebanon,LBN,2021-W04,929.617
Lebanon,LBN,2021-W08,1225.1848
Lebanon,LBN,2021-W13,1555.6199
Lebanon,LBN,2021-W17,1785.494
Lebanon,LBN,2021-W22,1823.1508
Lebanon,LBN,2021-W26,1820.1826
Lebanon,LBN,2021-W30,1847.9692
Lebanon,LBN,2021-W35,1953.9302
Lebanon,LBN,2021-W39,2064.576
Lebanon,LBN,2021-W43,2079.0234
Lebanon,LBN,2021-W48,2177.4746
Lebanon,LBN,2021-W52,2354.6365
Liechtenstein,LIE,2020-W05,-170.17766
Liechtenstein,LIE,2020-W09,67.039696
Liechtenstein,LIE,2020-W14,-61.882774
Liechtenstein,LIE,2020-W18,-30.941362
Liechtenstein,LIE,2020-W22,20.627625
Liechtenstein,LIE,2020-W27,-30.941362
Liechtenstein,LIE,2020-W31,-113.45176
Liechtenstein,LIE,2020-W36,-118.60868
Liechtenstein,LIE,2020-W40,103.13797
Liechtenstein,LIE,2020-W44,103.13797
Liechtenstein,LIE,2020-W49,526.00366
Liechtenstein,LIE,2020-W53,1289.2246
Liechtenstein,LIE,2021-W04,1413.2828
Liechtenstein,LIE,2021-W08,1464.4888
Liechtenstein,LIE,2021-W13,1152.1327
Liechtenstein,LIE,2021-W17,1356.9563
Liechtenstein,LIE,2021-W22,1479.8505
Liechtenstein,LIE,2021-W26,1244.3033
Liechtenstein,LIE,2021-W30,1336.4739
Liechtenstein,LIE,2021-W35,1249.424
Liechtenstein,LIE,2021-W39,1157.2533
Liechtenstein,LIE,2021-W43,1075.3239
Liechtenstein,LIE,2021-W48,1131.6504
Liechtenstein,LIE,2021-W52,1269.9062
Liechtenstein,LIE,2022-W05,1489.0103
Liechtenstein,LIE,2022-W09,1661.7964
Liechtenstein,LIE,2022-W13,1651.6326
Liechtenstein,LIE,2022-W17,1595.7311
Liechtenstein,LIE,2022-W22,1585.5673
Liechtenstein,LIE,2022-W26,1549.9937
Liechtenstein,LIE,2022-W30,1687.2062
Liechtenstein,LIE,2022-W35,1519.502
Liechtenstein,LIE,2022-W39,1549.9937
Liechtenstein,LIE,2022-W44,1387.3713
Liechtenstein,LIE,2022-W48,1412.781
Liechtenstein,LIE,2022-W52,1392.4532
Liechtenstein,LIE,2023-W05,1504.5186
Liechtenstein,LIE,2023-W09,1494.4211
Liechtenstein,LIE,2023-W13,1428.7877
Liechtenstein,LIE,2023-W17,1418.6903
Liechtenstein,LIE,2023-W22,1479.275
Liechtenstein,LIE,2023-W26,1489.3724
Liechtenstein,LIE,2023-W31,1191.4979
Liechtenstein,LIE,2023-W35,1146.0594
Liechtenstein,LIE,2023-W39,1019.84143
Liechtenstein,LIE,2023-W44,878.4773
Liechtenstein,LIE,2023-W48,1125.8645
Liechtenstein,LIE,2023-W52,1226.839
Lithuania,LTU,2020-W01,-1.0991772
Lithuania,LTU,2020-W02,-9.148059
Lithuania,LTU,2020-W03,-39.322475
Lithuania,LTU,2020-W04,-66.73121
Lithuania,LTU,2020-W05,-102.7916
Lithuania,LTU,2020-W06,-133.88792
Lithuania,LTU,2020-W07,-140.73125
Lithuania,LTU,2020-W08,-190.83284
Lithuania,LTU,2020-W09,-194.27223
Lithuania,LTU,2020-W10,-201.54105
Lithuania,LTU,2020-W11,-201.00919
Lithuania,LTU,2020-W12,-184.16681
Lithuania,LTU,2020-W13,-156.68716
Lithuania,LTU,2020-W14,-147.00725
Lithuania,LTU,2020-W15,-125.058975
Lithuania,LTU,2020-W16,-108.50027
Lithuania,LTU,2020-W17,-83.43173
Lithuania,LTU,2020-W18,-59.356007
Lithuania,LTU,2020-W19,-58.611404
Lithuania,LTU,2020-W20,-42.76185
Lithuania,LTU,2020-W21,-47.548626
Lithuania,LTU,2020-W22,-32.47914
Lithuania,LTU,2020-W23,-17.976969
Lithuania,LTU,2020-W24,37.44327
Lithuania,LTU,2020-W25,71.872604
Lithuania,LTU,2020-W26,117.932045
Lithuania,LTU,2020-W27,132.22147
Lithuania,LTU,2020-W28,149.56024
Lithuania,LTU,2020-W29,187.60625
Lithuania,LTU,2020-W30,210.97282
Lithuania,LTU,2020-W31,237.38875
Lithuania,LTU,2020-W32,256.85498
Lithuania,LTU,2020-W33,291.07156
Lithuania,LTU,2020-W34,338.4784
Lithuania,LTU,2020-W35,362.55414
Lithuania,LTU,2020-W36,378.26184
Lithuania,LTU,2020-W37,422.12292
Lithuania,LTU,2020-W38,448.11334
Lithuania,LTU,2020-W39,489.0669
Lithuania,LTU,2020-W40,508.604
Lithuania,LTU,2020-W41,542.8206
Lithuania,LTU,2020-W42,580.4411
Lithuania,LTU,2020-W43,623.45123
Lithuania,LTU,2020-W44,675.893
Lithuania,LTU,2020-W45,741.525
Lithuania,LTU,2020-W46,830.9137
Lithuania,LTU,2020-W47,972.9214
Lithuania,LTU,2020-W48,1117.2693
Lithuania,LTU,2020-W49,1300.0533
Lithuania,LTU,2020-W50,1485.5321
Lithuania,LTU,2020-W51,1711.1488
Lithuania,LTU,2020-W52,1931.1633
Lithuania,LTU,2020-W53,2158.4683
Lithuania,LTU,2021-W01,2302.3328
Lithuania,LTU,2021-W02,2440.5989
Lithuania,LTU,2021-W03,2526.329
Lithuania,LTU,2021-W04,2613.064
Lithuania,LTU,2021-W05,2658.3872
Lithuania,LTU,2021-W06,2711.6052
Lithuania,LTU,2021-W07,2754.919
Lithuania,LTU,2021-W08,2737.5862
Lithuania,LTU,2021-W09,2763.5312
Lithuania,LTU,2021-W10,2806.7732
Lithuania,LTU,2021-W11,2831.7134
Lithuania,LTU,2021-W12,2864.5486
Lithuania,LTU,2021-W13,2881.953
Lithuania,LTU,2021-W14,2940.9126
Lithuania,LTU,2021-W15,2982.8625
Lithuania,LTU,2021-W16,3036.224
Lithuania,LTU,2021-W17,3080.6143
Lithuania,LTU,2021-W18,3150.9138
Lithuania,LTU,2021-W19,3210.8782
Lithuania,LTU,2021-W20,3269.9814
Lithuania,LTU,2021-W21,3307.4814
Lithuania,LTU,2021-W22,3359.6948
Lithuania,LTU,2021-W23,3409.1807
Lithuania,LTU,2021-W24,3465.2695
Lithuania,LTU,2021-W25,3562.1958
Lithuania,LTU,2021-W26,3570.0547
Lithuania,LTU,2021-W27,3639.0623
Lithuania,LTU,2021-W28,3726.9456
Lithuania,LTU,2021-W29,3748.2256
Lithuania,LTU,2021-W30,3775.8213
Lithuania,LTU,2021-W31,3807.9387
Lithuania,LTU,2021-W32,3855.6304
Lithuania,LTU,2021-W33,3916.815
Lithuania,LTU,2021-W34,3979.8655
Lithuania,LTU,2021-W35,4027.916
Lithuania,LTU,2021-W36,4118.8135
Lithuania,LTU,2021-W37,4236.0513
Lithuania,LTU,2021-W38,4358.528
Lithuania,LTU,2021-W39,4488.2534
Lithuania,LTU,2021-W40,4608.8643
Lithuania,LTU,2021-W41,4755.4556
Lithuania,LTU,2021-W42,4889.3438
Lithuania,LTU,2021-W43,5033.711
Lithuania,LTU,2021-W44,5162.8623
Lithuania,LTU,2021-W45,5290.65
Lithuania,LTU,2021-W46,5394.3945
Lithuania,LTU,2021-W47,5505.8184
Lithuania,LTU,2021-W48,5605.6157
Lithuania,LTU,2021-W49,5698.3794
Lithuania,LTU,2021-W50,5812.172
Lithuania,LTU,2021-W51,5940.0312
Lithuania,LTU,2021-W52,6100.7075
Lithuania,LTU,2022-W01,6163.543
Lithuania,LTU,2022-W02,6217.069
Lithuania,LTU,2022-W03,6264.995
Lithuania,LTU,2022-W04,6296.1216
Lithuania,LTU,2022-W05,6315.8306
Lithuania,LTU,2022-W06,6394.447
Lithuania,LTU,2022-W07,6461.5728
Lithuania,LTU,2022-W08,6509.0625
Lithuania,LTU,2022-W09,6547.68
Lithuania,LTU,2022-W10,6596.9155
Lithuania,LTU,2022-W11,6651.9688
Lithuania,LTU,2022-W12,6711.022
Lithuania,LTU,2022-W13,6759.5303
Lithuania,LTU,2022-W14,6795.239
Lithuania,LTU,2022-W15,6825.347
Lithuania,LTU,2022-W16,6890.291
Lithuania,LTU,2022-W17,6933.4175
Lithuania,LTU,2022-W18,6970.435
Lithuania,LTU,2022-W19,6982.7983
Lithuania,LTU,2022-W20,7012.1064
Lithuania,LTU,2022-W21,7025.343
Lithuania,LTU,2022-W22,7009.852
Lithuania,LTU,2022-W23,7044.324
Lithuania,LTU,2022-W24,7081.8506
Lithuania,LTU,2022-W25,7123.304
Lithuania,LTU,2022-W26,7208.6846
Lithuania,LTU,2022-W27,7234.5747
Lithuania,LTU,2022-W28,7245.7744
Lithuania,LTU,2022-W29,7270.2104
Lithuania,LTU,2022-W30,7293.0464
Lithuania,LTU,2022-W31,7348.8267
Lithuania,LTU,2022-W32,7366.9355
Lithuania,LTU,2022-W33,7460.5337
Lithuania,LTU,2022-W34,7528.3867
Lithuania,LTU,2022-W35,7546.132
Lithuania,LTU,2022-W36,7576.022
Lithuania,LTU,2022-W37,7652.239
Lithuania,LTU,2022-W38,7685.765
Lithuania,LTU,2022-W39,7754.636
Lithuania,LTU,2022-W40,7820.817
Lithuania,LTU,2022-W41,7867.143
Lithuania,LTU,2022-W42,7923.142
Lithuania,LTU,2022-W43,7941.396
Lithuania,LTU,2022-W44,7950.778
Lithuania,LTU,2022-W45,7981.3228
Lithuania,LTU,2022-W46,8005.6855
Lithuania,LTU,2022-W47,8054.5576
Lithuania,LTU,2022-W48,8097.466
Lithuania,LTU,2022-W49,8165.973
Lithuania,LTU,2022-W50,8262.335
Lithuania,LTU,2022-W51,8358.042
Lithuania,LTU,2022-W52,8565.3
Lithuania,LTU,2023-W01,8648.365
Lithuania,LTU,2023-W02,8698.469
Lithuania,LTU,2023-W03,8694.717
Lithuania,LTU,2023-W04,8705.974
Lithuania,LTU,2023-W05,8684.343
Lithuania,LTU,2023-W06,8646.525
Lithuania,LTU,2023-W07,8563.607
Lithuania,LTU,2023-W08,8548.746
Lithuania,LTU,2023-W09,8540.358
Lithuania,LTU,2023-W10,8553.381
Lithuania,LTU,2023-W11,8561.621
Lithuania,LTU,2023-W12,8579.794
Lithuania,LTU,2023-W13,8576.63
Lithuania,LTU,2023-W14,8577.808
Lithuania,LTU,2023-W15,8594.656
Lithuania,LTU,2023-W16,8604.073
Lithuania,LTU,2023-W17,8609.444
Lithuania,LTU,2023-W18,8626.66
Lithuania,LTU,2023-W19,8668.966
Lithuania,LTU,2023-W20,8691.994
Lithuania,LTU,2023-W21,8701.706
Lithuania,LTU,2023-W22,8710.314
Lithuania,LTU,2023-W23,8716.862
Lithuania,LTU,2023-W24,8756.666
Lithuania,LTU,2023-W25,8787.567
Lithuania,LTU,2023-W26,8782.343
Lithuania,LTU,2023-W27,8805.96
Lithuania,LTU,2023-W28,8816.555
Lithuania,LTU,2023-W29,8833.551
Lithuania,LTU,2023-W30,8848.192
Lithuania,LTU,2023-W31,8860.479
Lithuania,LTU,2023-W32,8862.244
Lithuania,LTU,2023-W33,8896.972
Lithuania,LTU,2023-W34,8928.094
Lithuania,LTU,2023-W35,8938.32
Lithuania,LTU,2023-W36,8957.522
Lithuania,LTU,2023-W37,9006.67
Lithuania,LTU,2023-W38,9034.702
Lithuania,LTU,2023-W39,9061.336
Lithuania,LTU,2023-W40,9060.968
Lithuania,LTU,2023-W41,9085.763
Lithuania,LTU,2023-W42,9096.799
Lithuania,LTU,2023-W43,9132.923
Lithuania,LTU,2023-W44,9182.88
Lithuania,LTU,2023-W45,9220.035
Lithuania,LTU,2023-W46,9252.775
Lithuania,LTU,2023-W47,9316.196
Lithuania,LTU,2023-W48,9358.869
Lithuania,LTU,2023-W49,9418.243
Lithuania,LTU,2023-W50,9485.563
Lithuania,LTU,2023-W51,9538.61
Lithuania,LTU,2023-W52,9580.694
Luxembourg,LUX,2020-W01,-48.54053
Luxembourg,LUX,2020-W02,-72.96943
Luxembourg,LUX,2020-W03,-74.87297
Luxembourg,LUX,2020-W04,-89.1496
Luxembourg,LUX,2020-W05,-111.35769
Luxembourg,LUX,2020-W06,-131.66223
Luxembourg,LUX,2020-W07,-184.00986
Luxembourg,LUX,2020-W08,-201.77632
Luxembourg,LUX,2020-W09,-232.55038
Luxembourg,LUX,2020-W10,-257.6138
Luxembourg,LUX,2020-W11,-258.24832
Luxembourg,LUX,2020-W12,-265.86252
Luxembourg,LUX,2020-W13,-232.5504
Luxembourg,LUX,2020-W14,-230.01234
Luxembourg,LUX,2020-W15,-168.78148
Luxembourg,LUX,2020-W16,-163.70534
Luxembourg,LUX,2020-W17,-158.94647
Luxembourg,LUX,2020-W18,-172.58858
Luxembourg,LUX,2020-W19,-155.45662
Luxembourg,LUX,2020-W20,-151.015
Luxembourg,LUX,2020-W21,-159.2637
Luxembourg,LUX,2020-W22,-156.09113
Luxembourg,LUX,2020-W23,-166.56065
Luxembourg,LUX,2020-W24,-183.05809
Luxembourg,LUX,2020-W25,-174.17485
Luxembourg,LUX,2020-W26,-186.23067
Luxembourg,LUX,2020-W27,-203.67989
Luxembourg,LUX,2020-W28,-224.61893
Luxembourg,LUX,2020-W29,-232.55038
Luxembourg,LUX,2020-W30,-247.7788
Luxembourg,LUX,2020-W31,-231.59862
Luxembourg,LUX,2020-W32,-211.61134
Luxembourg,LUX,2020-W33,-181.15454
Luxembourg,LUX,2020-W34,-182.74083
Luxembourg,LUX,2020-W35,-215.73572
Luxembourg,LUX,2020-W36,-209.07329
Luxembourg,LUX,2020-W37,-219.54282
Luxembourg,LUX,2020-W38,-197.65198
Luxembourg,LUX,2020-W39,-216.05296
Luxembourg,LUX,2020-W40,-217.63925
Luxembourg,LUX,2020-W41,-251.90315
Luxembourg,LUX,2020-W42,-241.75089
Luxembourg,LUX,2020-W43,-221.44635
Luxembourg,LUX,2020-W44,-210.3423
Luxembourg,LUX,2020-W45,-171.95404
Luxembourg,LUX,2020-W46,-121.1927
Luxembourg,LUX,2020-W47,-65.35523
Luxembourg,LUX,2020-W48,20.30453
Luxembourg,LUX,2020-W49,60.9136
Luxembourg,LUX,2020-W50,120.24092
Luxembourg,LUX,2020-W51,144.66982
Luxembourg,LUX,2020-W52,187.4997
Luxembourg,LUX,2020-W53,197.39415
Luxembourg,LUX,2021-W01,209.12517
Luxembourg,LUX,2021-W02,196.14282
Luxembourg,LUX,2021-W03,186.6016
Luxembourg,LUX,2021-W04,205.52765
Luxembourg,LUX,2021-W05,186.91441
Luxembourg,LUX,2021-W06,162.35747
Luxembourg,LUX,2021-W07,142.18008
Luxembourg,LUX,2021-W08,124.81816
Luxembourg,LUX,2021-W09,110.271675
Luxembourg,LUX,2021-W10,116.997475
Luxembourg,LUX,2021-W11,158.75993
Luxembourg,LUX,2021-W12,134.20299
Luxembourg,LUX,2021-W13,107.76906
Luxembourg,LUX,2021-W14,104.17154
Luxembourg,LUX,2021-W15,94.31747
Luxembourg,LUX,2021-W16,86.96603
Luxembourg,LUX,2021-W17,104.32795
Luxembourg,LUX,2021-W18,103.54588
Luxembourg,LUX,2021-W19,79.92741
Luxembourg,LUX,2021-W20,89.15582
Luxembourg,LUX,2021-W21,63.973213
Luxembourg,LUX,2021-W22,43.795837
Luxembourg,LUX,2021-W23,41.44963
Luxembourg,LUX,2021-W24,45.6728
Luxembourg,LUX,2021-W25,37.382862
Luxembourg,LUX,2021-W26,53.80631
Luxembourg,LUX,2021-W27,46.142033
Luxembourg,LUX,2021-W28,41.29321
Luxembourg,LUX,2021-W29,21.115831
Luxembourg,LUX,2021-W30,-7.820711
Luxembourg,LUX,2021-W31,-19.864565
Luxembourg,LUX,2021-W32,-31.282772
Luxembourg,LUX,2021-W33,-60.53214
Luxembourg,LUX,2021-W34,-65.06814
Luxembourg,LUX,2021-W35,-64.59889
Luxembourg,LUX,2021-W36,-51.616547
Luxembourg,LUX,2021-W37,-66.47585
Luxembourg,LUX,2021-W38,-76.01709
Luxembourg,LUX,2021-W39,-73.67088
Luxembourg,LUX,2021-W40,-57.873096
Luxembourg,LUX,2021-W41,-97.758606
Luxembourg,LUX,2021-W42,-103.233086
Luxembourg,LUX,2021-W43,-54.901234
Luxembourg,LUX,2021-W44,-40.667587
Luxembourg,LUX,2021-W45,-24.556965
Luxembourg,LUX,2021-W46,-21.27228
Luxembourg,LUX,2021-W47,-9.854071
Luxembourg,LUX,2021-W48,26.277502
Luxembourg,LUX,2021-W49,32.064804
Luxembourg,LUX,2021-W50,29.7186
Luxembourg,LUX,2021-W51,57.091003
Luxembourg,LUX,2021-W52,102.84109
Luxembourg,LUX,2022-W01,105.157326
Luxembourg,LUX,2022-W02,81.53166
Luxembourg,LUX,2022-W03,58.21484
Luxembourg,LUX,2022-W04,49.10429
Luxembourg,LUX,2022-W05,23.007973
Luxembourg,LUX,2022-W06,6.4854584
Luxembourg,LUX,2022-W07,-7.257574
Luxembourg,LUX,2022-W08,6.4854584
Luxembourg,LUX,2022-W09,-3.2427588
Luxembourg,LUX,2022-W10,-38.2952
Luxembourg,LUX,2022-W11,-49.567577
Luxembourg,LUX,2022-W12,-67.634254
Luxembourg,LUX,2022-W13,-75.200645
Luxembourg,LUX,2022-W14,-77.20806
Luxembourg,LUX,2022-W15,-69.95051
Luxembourg,LUX,2022-W16,-57.13397
Luxembourg,LUX,2022-W17,-41.53795
Luxembourg,LUX,2022-W18,-54.663315
Luxembourg,LUX,2022-W19,-56.36189
Luxembourg,LUX,2022-W20,-62.692944
Luxembourg,LUX,2022-W21,-98.36305
Luxembourg,LUX,2022-W22,-73.50207
Luxembourg,LUX,2022-W23,-91.25992
Luxembourg,LUX,2022-W24,-87.09069
Luxembourg,LUX,2022-W25,-92.186424
Luxembourg,LUX,2022-W26,-120.753395
Luxembourg,LUX,2022-W27,-120.59898
Luxembourg,LUX,2022-W28,-128.4742
Luxembourg,LUX,2022-W29,-131.40811
Luxembourg,LUX,2022-W30,-116.73858
Luxembourg,LUX,2022-W31,-113.187004
Luxembourg,LUX,2022-W32,-112.1061
Luxembourg,LUX,2022-W33,-103.92204
Luxembourg,LUX,2022-W34,-119.209236
Luxembourg,LUX,2022-W35,-146.54088
Luxembourg,LUX,2022-W36,-164.60754
Luxembourg,LUX,2022-W37,-168.46796
Luxembourg,LUX,2022-W38,-176.34317
Luxembourg,LUX,2022-W39,-187.92438
Luxembourg,LUX,2022-W40,-190.85828
Luxembourg,LUX,2022-W41,-193.17451
Luxembourg,LUX,2022-W42,-184.68164
Luxembourg,LUX,2022-W43,-195.64517
Luxembourg,LUX,2022-W44,-212.47653
Luxembourg,LUX,2022-W45,-230.54321
Luxembourg,LUX,2022-W46,-242.74208
Luxembourg,LUX,2022-W47,-246.9113
Luxembourg,LUX,2022-W48,-228.22696
Luxembourg,LUX,2022-W49,-231.77853
Luxembourg,LUX,2022-W50,-257.2572
Luxembourg,LUX,2022-W51,-259.57343
Luxembourg,LUX,2022-W52,-219.92424
Luxembourg,LUX,2023-W01,-162.49959
Luxembourg,LUX,2023-W02,-167.38678
Luxembourg,LUX,2023-W03,-182.6593
Luxembourg,LUX,2023-W04,-197.62637
Luxembourg,LUX,2023-W05,-249.24748
Luxembourg,LUX,2023-W06,-276.1271
Luxembourg,LUX,2023-W07,-317.05743
Luxembourg,LUX,2023-W08,-349.12973
Luxembourg,LUX,2023-W09,-378.45294
Luxembourg,LUX,2023-W10,-422.13235
Luxembourg,LUX,2023-W11,-417.85605
Luxembourg,LUX,2023-W12,-455.42642
Luxembourg,LUX,2023-W13,-468.86624
Luxembourg,LUX,2023-W14,-475.2807
Luxembourg,LUX,2023-W15,-471.0044
Luxembourg,LUX,2023-W16,-468.8662
Luxembourg,LUX,2023-W17,-489.9423
Luxembourg,LUX,2023-W18,-463.06268
Luxembourg,LUX,2023-W19,-444.73566
Luxembourg,LUX,2023-W20,-446.2629
Luxembourg,LUX,2023-W21,-469.1717
Luxembourg,LUX,2023-W22,-479.557
Luxembourg,LUX,2023-W23,-501.5494
Luxembourg,LUX,2023-W24,-518.65466
Luxembourg,LUX,2023-W25,-522.0146
Luxembourg,LUX,2023-W26,-542.47974
Luxembourg,LUX,2023-W27,-562.02856
Luxembourg,LUX,2023-W28,-610.90063
Luxembourg,LUX,2023-W29,-628.9222
Luxembourg,LUX,2023-W30,-632.5876
Luxembourg,LUX,2023-W31,-644.1947
Luxembourg,LUX,2023-W32,-667.40894
Luxembourg,LUX,2023-W33,-669.85254
Luxembourg,LUX,2023-W34,-668.01984
Luxembourg,LUX,2023-W35,-684.2087
Luxembourg,LUX,2023-W36,-698.8703
Luxembourg,LUX,2023-W37,-696.4267
Luxembourg,LUX,2023-W38,-720.86273
Luxembourg,LUX,2023-W39,-716.8919
Luxembourg,LUX,2023-W40,-722.69543
Luxembourg,LUX,2023-W41,-718.7246
Luxembourg,LUX,2023-W42,-713.2265
Luxembourg,LUX,2023-W43,-720.86273
Luxembourg,LUX,2023-W44,-715.9755
Luxembourg,LUX,2023-W45,-706.2011
Luxembourg,LUX,2023-W46,-704.36847
Luxembourg,LUX,2023-W47,-735.82983
Luxembourg,LUX,2023-W48,-733.99713
Luxembourg,LUX,2023-W49,-725.13904
Luxembourg,LUX,2023-W50,-722.69543
Luxembourg,LUX,2023-W51,-723.30634
Luxembourg,LUX,2023-W52,-738.27344
Macao,MAC,2020-W05,-25.285131
Macao,MAC,2020-W09,-21.29275
Macao,MAC,2020-W14,-63.730347
Macao,MAC,2020-W18,-54.7105
Macao,MAC,2020-W22,-80.29136
Macao,MAC,2020-W27,-86.058136
Macao,MAC,2020-W31,-95.07798
Macao,MAC,2020-W36,-68.60994
Macao,MAC,2020-W40,-50.12666
Macao,MAC,2020-W44,-36.670826
Macao,MAC,2020-W49,-14.934497
Macao,MAC,2020-W53,-41.69829
Macao,MAC,2021-W04,-54.615704
Macao,MAC,2021-W08,-46.605404
Macao,MAC,2021-W13,-62.48035
Macao,MAC,2021-W17,-61.169582
Macao,MAC,2021-W22,-67.723465
Macao,MAC,2021-W26,-54.761353
Macao,MAC,2021-W30,-81.41381
Macao,MAC,2021-W35,-67.28656
Macao,MAC,2021-W39,-62.480373
Macao,MAC,2021-W43,-36.4105
Macao,MAC,2021-W48,-35.68229
Macao,MAC,2021-W52,-6.990856
Macao,MAC,2022-W05,-33.51655
Macao,MAC,2022-W09,-33.085
Macao,MAC,2022-W13,-10.213235
Macao,MAC,2022-W17,19.563221
Macao,MAC,2022-W22,40.13344
Macao,MAC,2022-W26,97.240944
Macao,MAC,2022-W30,105.152565
Macao,MAC,2022-W35,115.94114
Macao,MAC,2022-W39,94.50785
Macao,MAC,2022-W44,107.02259
Macao,MAC,2022-W48,134.78519
Macao,MAC,2022-W52,955.436
Macao,MAC,2023-W05,1781.71
Macao,MAC,2023-W09,1789.0947
Macao,MAC,2023-W13,1793.071
Macao,MAC,2023-W17,1808.1246
Macao,MAC,2023-W22,1835.3914
Macao,MAC,2023-W26,1843.3441
Macao,MAC,2023-W31,1806.9885
Macao,MAC,2023-W35,1777.7335
Macao,MAC,2023-W39,1800.4558
Macao,MAC,2023-W44,1798.4677
Macao,MAC,2023-W48,1807.2725
Macao,MAC,2023-W52,1807.8406
Malaysia,MYS,2020-W05,17.484945
Malaysia,MYS,2020-W09,2.2891574
Malaysia,MYS,2020-W14,-25.352425
Malaysia,MYS,2020-W18,-78.18077
Malaysia,MYS,2020-W22,-118.44887
Malaysia,MYS,2020-W27,-165.18082
Malaysia,MYS,2020-W31,-218.35251
Malaysia,MYS,2020-W36,-250.69289
Malaysia,MYS,2020-W40,-281.35254
Malaysia,MYS,2020-W44,-309.69293
Malaysia,MYS,2020-W49,-365.11163
Malaysia,MYS,2020-W53,-409.7532
Malaysia,MYS,2021-W04,-394.61047
Malaysia,MYS,2021-W08,-405.95264
Malaysia,MYS,2021-W13,-423.3471
Malaysia,MYS,2021-W17,-431.6333
Malaysia,MYS,2021-W22,-357.62338
Malaysia,MYS,2021-W26,-282.97604
Malaysia,MYS,2021-W30,-23.417053
Malaysia,MYS,2021-W35,315.95398
Malaysia,MYS,2021-W39,543.47614
Malaysia,MYS,2021-W43,669.6695
Malaysia,MYS,2021-W48,732.1526
Malaysia,MYS,2021-W52,782.71576
Malaysia,MYS,2022-W05,791.66797
Malaysia,MYS,2022-W09,816.4188
Malaysia,MYS,2022-W13,971.2531
Malaysia,MYS,2022-W17,1001.38434
Malaysia,MYS,2022-W22,1031.6628
Malaysia,MYS,2022-W26,1053.6145
Malaysia,MYS,2022-W30,1139.8064
Malaysia,MYS,2022-W35,1157.303
Malaysia,MYS,2022-W39,1196.1853
Malaysia,MYS,2022-W44,1220.394
Malaysia,MYS,2022-W48,1256.8014
Malaysia,MYS,2022-W52,1283.0078
Malaysia,MYS,2023-W05,1274.2808
Malaysia,MYS,2023-W09,1269.8707
Malaysia,MYS,2023-W13,1265.9213
Malaysia,MYS,2023-W17,1289.7142
Malaysia,MYS,2023-W22,1343.3247
Malaysia,MYS,2023-W26,1351.0109
Malaysia,MYS,2023-W31,1356.0796
Malaysia,MYS,2023-W35,1362.5358
Malaysia,MYS,2023-W39,1330.3658
Malaysia,MYS,2023-W44,1328.2178
Malaysia,MYS,2023-W48,1332.278
Malaysia,MYS,2023-W52,1352.5674
Maldives,MDV,2020-W05,21.965168
Maldives,MDV,2020-W09,26.43596
Maldives,MDV,2020-W14,18.85506
Maldives,MDV,2020-W18,8.164052
Maldives,MDV,2020-W22,39.84832
Maldives,MDV,2020-W27,47.817978
Maldives,MDV,2020-W31,102.05055
Maldives,MDV,2020-W36,181.55278
Maldives,MDV,2020-W40,234.61906
Maldives,MDV,2020-W44,259.69434
Maldives,MDV,2020-W49,305.3741
Maldives,MDV,2020-W53,312.17746
Maldives,MDV,2021-W04,302.0314
Maldives,MDV,2021-W08,321.01624
Maldives,MDV,2021-W13,307.0173
Maldives,MDV,2021-W17,372.40952
Maldives,MDV,2021-W22,554.3954
Maldives,MDV,2021-W26,732.1624
Maldives,MDV,2021-W30,788.7334
Maldives,MDV,2021-W35,826.12775
Maldives,MDV,2021-W39,885.3834
Maldives,MDV,2021-W43,1001.40186
Maldives,MDV,2021-W48,1061.041
Maldives,MDV,2021-W52,1109.1743
Maldives,MDV,2022-W05,1185.1897
Maldives,MDV,2022-W09,1277.5918
Maldives,MDV,2022-W13,1268.428
Maldives,MDV,2022-W17,1300.1195
Maldives,MDV,2022-W22,1335.2476
Maldives,MDV,2022-W26,1400.5399
Maldives,MDV,2022-W30,1488.36
Maldives,MDV,2022-W35,1595.2715
Maldives,MDV,2022-W39,1662.8547
Maldives,MDV,2022-W44,1714.4014
Maldives,MDV,2022-W48,1803.367
Maldives,MDV,2022-W52,1894.2417
Maldives,MDV,2023-W05,1948.437
Maldives,MDV,2023-W09,2007.9342
Maldives,MDV,2023-W13,2059.3706
Maldives,MDV,2023-W17,2148.0405
Maldives,MDV,2023-W22,2228.6497
Maldives,MDV,2023-W26,2289.6821
Maldives,MDV,2023-W31,2329.219
Maldives,MDV,2023-W35,2409.0605
Maldives,MDV,2023-W39,2549.1667
Maldives,MDV,2023-W44,2630.9275
Maldives,MDV,2023-W48,2694.647
Maldives,MDV,2023-W52,2785.2363
Malta,MLT,2020-W01,-54.7186
Malta,MLT,2020-W02,-47.345165
Malta,MLT,2020-W03,-41.135967
Malta,MLT,2020-W04,-49.673626
Malta,MLT,2020-W05,-76.83889
Malta,MLT,2020-W06,-81.10771
Malta,MLT,2020-W07,-110.213356
Malta,MLT,2020-W08,-147.46857
Malta,MLT,2020-W09,-181.61919
Malta,MLT,2020-W10,-209.17252
Malta,MLT,2020-W11,-185.49994
Malta,MLT,2020-W12,-139.31898
Malta,MLT,2020-W13,-123.01982
Malta,MLT,2020-W14,-126.512505
Malta,MLT,2020-W15,-112.15372
Malta,MLT,2020-W16,-71.405815
Malta,MLT,2020-W17,-88.48113
Malta,MLT,2020-W18,-81.1077
Malta,MLT,2020-W19,-77.61501
Malta,MLT,2020-W20,-66.74891
Malta,MLT,2020-W21,-92.36187
Malta,MLT,2020-W22,-97.406845
Malta,MLT,2020-W23,-93.138016
Malta,MLT,2020-W24,-114.870224
Malta,MLT,2020-W25,-112.54177
Malta,MLT,2020-W26,-141.25934
Malta,MLT,2020-W27,-128.45285
Malta,MLT,2020-W28,-126.90055
Malta,MLT,2020-W29,-113.70599
Malta,MLT,2020-W30,-123.795944
Malta,MLT,2020-W31,-119.91519
Malta,MLT,2020-W32,-114.09406
Malta,MLT,2020-W33,-81.107666
Malta,MLT,2020-W34,-38.807472
Malta,MLT,2020-W35,-23.284462
Malta,MLT,2020-W36,-15.134888
Malta,MLT,2020-W37,-18.239487
Malta,MLT,2020-W38,-8.149529
Malta,MLT,2020-W39,30.269917
Malta,MLT,2020-W40,73.734344
Malta,MLT,2020-W41,83.824295
Malta,MLT,2020-W42,71.017815
Malta,MLT,2020-W43,74.5105
Malta,MLT,2020-W44,122.243744
Malta,MLT,2020-W45,166.48433
Malta,MLT,2020-W46,214.60565
Malta,MLT,2020-W47,254.57741
Malta,MLT,2020-W48,291.8326
Malta,MLT,2020-W49,359.7458
Malta,MLT,2020-W50,412.13593
Malta,MLT,2020-W51,482.37753
Malta,MLT,2020-W52,526.6181
Malta,MLT,2020-W53,512.9559
Malta,MLT,2021-W01,494.16144
Malta,MLT,2021-W02,482.9607
Malta,MLT,2021-W03,506.69107
Malta,MLT,2021-W04,504.60278
Malta,MLT,2021-W05,499.47705
Malta,MLT,2021-W06,499.66687
Malta,MLT,2021-W07,540.10345
Malta,MLT,2021-W08,566.87134
Malta,MLT,2021-W09,604.2704
Malta,MLT,2021-W10,640.5304
Malta,MLT,2021-W11,668.0576
Malta,MLT,2021-W12,673.94275
Malta,MLT,2021-W13,679.06854
Malta,MLT,2021-W14,655.33813
Malta,MLT,2021-W15,649.0733
Malta,MLT,2021-W16,632.557
Malta,MLT,2021-W17,616.42035
Malta,MLT,2021-W18,610.91486
Malta,MLT,2021-W19,620.59686
Malta,MLT,2021-W20,635.5945
Malta,MLT,2021-W21,654.7686
Malta,MLT,2021-W22,618.1289
Malta,MLT,2021-W23,607.6875
Malta,MLT,2021-W24,604.0805
Malta,MLT,2021-W25,593.63916
Malta,MLT,2021-W26,647.7444
Malta,MLT,2021-W27,651.35144
Malta,MLT,2021-W28,674.32245
Malta,MLT,2021-W29,680.2076
Malta,MLT,2021-W30,667.1084
Malta,MLT,2021-W31,718.93555
Malta,MLT,2021-W32,770.7627
Malta,MLT,2021-W33,788.4181
Malta,MLT,2021-W34,815.186
Malta,MLT,2021-W35,821.4508
Malta,MLT,2021-W36,828.0953
Malta,MLT,2021-W37,838.9163
Malta,MLT,2021-W38,818.9828
Malta,MLT,2021-W39,862.83655
Malta,MLT,2021-W40,867.96234
Malta,MLT,2021-W41,842.3335
Malta,MLT,2021-W42,874.0373
Malta,MLT,2021-W43,855.2428
Malta,MLT,2021-W44,864.5451
Malta,MLT,2021-W45,862.83655
Malta,MLT,2021-W46,878.2138
Malta,MLT,2021-W47,898.90674
Malta,MLT,2021-W48,907.44965
Malta,MLT,2021-W49,911.81604
Malta,MLT,2021-W50,933.2683
Malta,MLT,2021-W51,994.9673
Malta,MLT,2021-W52,996.0754
Malta,MLT,2022-W01,982.0118
Malta,MLT,2022-W02,982.94934
Malta,MLT,2022-W03,1014.6393
Malta,MLT,2022-W04,1062.0803
Malta,MLT,2022-W05,1095.2704
Malta,MLT,2022-W06,1131.8356
Malta,MLT,2022-W07,1155.6499
Malta,MLT,2022-W08,1128.4603
Malta,MLT,2022-W09,1154.8999
Malta,MLT,2022-W10,1178.3391
Malta,MLT,2022-W11,1183.7771
Malta,MLT,2022-W12,1175.3389
Malta,MLT,2022-W13,1184.9021
Malta,MLT,2022-W14,1233.4683
Malta,MLT,2022-W15,1237.4061
Malta,MLT,2022-W16,1255.595
Malta,MLT,2022-W17,1289.16
Malta,MLT,2022-W18,1286.3473
Malta,MLT,2022-W19,1283.5345
Malta,MLT,2022-W20,1287.8474
Malta,MLT,2022-W21,1262.533
Malta,MLT,2022-W22,1242.094
Malta,MLT,2022-W23,1266.2833
Malta,MLT,2022-W24,1280.3468
Malta,MLT,2022-W25,1287.6599
Malta,MLT,2022-W26,1276.2216
Malta,MLT,2022-W27,1314.287
Malta,MLT,2022-W28,1328.3505
Malta,MLT,2022-W29,1366.7909
Malta,MLT,2022-W30,1360.2279
Malta,MLT,2022-W31,1352.1648
Malta,MLT,2022-W32,1366.6034
Malta,MLT,2022-W33,1362.2905
Malta,MLT,2022-W34,1344.4767
Malta,MLT,2022-W35,1342.0391
Malta,MLT,2022-W36,1351.2272
Malta,MLT,2022-W37,1366.4159
Malta,MLT,2022-W38,1354.9775
Malta,MLT,2022-W39,1359.6653
Malta,MLT,2022-W40,1378.6042
Malta,MLT,2022-W41,1380.2919
Malta,MLT,2022-W42,1401.106
Malta,MLT,2022-W43,1409.5441
Malta,MLT,2022-W44,1430.7333
Malta,MLT,2022-W45,1448.5471
Malta,MLT,2022-W46,1451.3597
Malta,MLT,2022-W47,1466.9235
Malta,MLT,2022-W48,1446.1094
Malta,MLT,2022-W49,1454.9226
Malta,MLT,2022-W50,1456.2351
Malta,MLT,2022-W51,1495.4257
Malta,MLT,2022-W52,1474.5624
Malta,MLT,2023-W01,1462.9752
Malta,MLT,2023-W02,1466.3392
Malta,MLT,2023-W03,1419.9905
Malta,MLT,2023-W04,1454.7521
Malta,MLT,2023-W05,1443.5387
Malta,MLT,2023-W06,1424.476
Malta,MLT,2023-W07,1405.7869
Malta,MLT,2023-W08,1392.3308
Malta,MLT,2023-W09,1389.3406
Malta,MLT,2023-W10,1392.7046
Malta,MLT,2023-W11,1411.7673
Malta,MLT,2023-W12,1377.7534
Malta,MLT,2023-W13,1361.6809
Malta,MLT,2023-W14,1358.3169
Malta,MLT,2023-W15,1338.5065
Malta,MLT,2023-W16,1334.7687
Malta,MLT,2023-W17,1342.618
Malta,MLT,2023-W18,1349.7198
Malta,MLT,2023-W19,1358.6907
Malta,MLT,2023-W20,1352.3363
Malta,MLT,2023-W21,1327.6669
Malta,MLT,2023-W22,1311.5944
Malta,MLT,2023-W23,1325.0504
Malta,MLT,2023-W24,1300.381
Malta,MLT,2023-W25,1325.0504
Malta,MLT,2023-W26,1310.473
Malta,MLT,2023-W27,1324.6766
Malta,MLT,2023-W28,1350.4674
Malta,MLT,2023-W29,1398.685
Malta,MLT,2023-W30,1512.3142
Malta,MLT,2023-W31,1510.4453
Malta,MLT,2023-W32,1508.5764
Malta,MLT,2023-W33,1517.9209
Malta,MLT,2023-W34,1530.6295
Malta,MLT,2023-W35,1530.6295
Malta,MLT,2023-W36,1527.2655
Malta,MLT,2023-W37,1535.4886
Malta,MLT,2023-W38,1533.9935
Malta,MLT,2023-W39,1507.4551
Malta,MLT,2023-W40,1502.596
Malta,MLT,2023-W41,1525.3966
Malta,MLT,2023-W42,1501.8484
Malta,MLT,2023-W43,1508.9502
Malta,MLT,2023-W44,1485.7759
Malta,MLT,2023-W45,1494.7466
Malta,MLT,2023-W46,1466.3394
Malta,MLT,2023-W47,1450.6405
Malta,MLT,2023-W48,1422.9808
Malta,MLT,2023-W49,1409.8986
Malta,MLT,2023-W50,1417.3741
Malta,MLT,2023-W51,1427.0924
Malta,MLT,2023-W52,1421.1119
Martinique,MTQ,2020-W01,-42.926685
Martinique,MTQ,2020-W02,-65.87491
Martinique,MTQ,2020-W03,-72.62439
Martinique,MTQ,2020-W04,-119.33079
Martinique,MTQ,2020-W05,-108.26165
Martinique,MTQ,2020-W06,-110.69147
Martinique,MTQ,2020-W07,-147.6786
Martinique,MTQ,2020-W08,-156.58792
Martinique,MTQ,2020-W09,-209.23384
Martinique,MTQ,2020-W10,-190.60529
Martinique,MTQ,2020-W11,-214.09346
Martinique,MTQ,2020-W12,-214.36343
Martinique,MTQ,2020-W13,-218.95306
Martinique,MTQ,2020-W14,-188.44542
Martinique,MTQ,2020-W15,-167.11707
Martinique,MTQ,2020-W16,-158.74771
Martinique,MTQ,2020-W17,-187.63548
Martinique,MTQ,2020-W18,-190.60524
Martinique,MTQ,2020-W19,-148.21852
Martinique,MTQ,2020-W20,-146.32867
Martinique,MTQ,2020-W21,-174.13654
Martinique,MTQ,2020-W22,-159.82762
Martinique,MTQ,2020-W23,-215.17336
Martinique,MTQ,2020-W24,-217.06319
Martinique,MTQ,2020-W25,-178.45618
Martinique,MTQ,2020-W26,-194.9249
Martinique,MTQ,2020-W27,-216.7932
Martinique,MTQ,2020-W28,-219.76297
Martinique,MTQ,2020-W29,-232.99194
Martinique,MTQ,2020-W30,-251.62051
Martinique,MTQ,2020-W31,-268.08923
Martinique,MTQ,2020-W32,-289.4176
Martinique,MTQ,2020-W33,-279.42838
Martinique,MTQ,2020-W34,-280.2383
Martinique,MTQ,2020-W35,-270.24908
Martinique,MTQ,2020-W36,-276.45862
Martinique,MTQ,2020-W37,-203.83423
Martinique,MTQ,2020-W38,-109.07156
Martinique,MTQ,2020-W39,-57.505554
Martinique,MTQ,2020-W40,-39.95691
Martinique,MTQ,2020-W41,-11.06914
Martinique,MTQ,2020-W42,-2.6997912
Martinique,MTQ,2020-W43,7.2894387
Martinique,MTQ,2020-W44,21.59833
Martinique,MTQ,2020-W45,22.948227
Martinique,MTQ,2020-W46,80.99374
Martinique,MTQ,2020-W47,95.84259
Martinique,MTQ,2020-W48,93.41277
Martinique,MTQ,2020-W49,70.46455
Martinique,MTQ,2020-W50,78.8339
Martinique,MTQ,2020-W51,39.146973
Martinique,MTQ,2020-W52,18.898539
Martinique,MTQ,2020-W53,-25.759289
Martinique,MTQ,2021-W01,-11.659476
Martinique,MTQ,2021-W02,-26.301601
Martinique,MTQ,2021-W03,-51.789745
Martinique,MTQ,2021-W04,-76.73557
Martinique,MTQ,2021-W05,-76.19328
Martinique,MTQ,2021-W06,-119.03506
Martinique,MTQ,2021-W07,-134.21947
Martinique,MTQ,2021-W08,-164.58832
Martinique,MTQ,2021-W09,-206.34547
Martinique,MTQ,2021-W10,-198.21097
Martinique,MTQ,2021-W11,-207.97238
Martinique,MTQ,2021-W12,-232.37592
Martinique,MTQ,2021-W13,-239.42583
Martinique,MTQ,2021-W14,-227.4952
Martinique,MTQ,2021-W15,-241.05272
Martinique,MTQ,2021-W16,-226.95291
Martinique,MTQ,2021-W17,-234.0028
Martinique,MTQ,2021-W18,-212.31078
Martinique,MTQ,2021-W19,-250.81413
Martinique,MTQ,2021-W20,-259.49094
Martinique,MTQ,2021-W21,-224.78368
Martinique,MTQ,2021-W22,-193.87253
Martinique,MTQ,2021-W23,-189.53412
Martinique,MTQ,2021-W24,-188.44951
Martinique,MTQ,2021-W25,-141.26933
Martinique,MTQ,2021-W26,-157.53836
Martinique,MTQ,2021-W27,-141.26933
Martinique,MTQ,2021-W28,-133.13483
Martinique,MTQ,2021-W29,-100.05448
Martinique,MTQ,2021-W30,33.35151
Martinique,MTQ,2021-W31,326.19394
Martinique,MTQ,2021-W32,695.5008
Martinique,MTQ,2021-W33,1090.8381
Martinique,MTQ,2021-W34,1380.4268
Martinique,MTQ,2021-W35,1694.419
Martinique,MTQ,2021-W36,1908.0854
Martinique,MTQ,2021-W37,2013.8341
Martinique,MTQ,2021-W38,2125.548
Martinique,MTQ,2021-W39,2188.455
Martinique,MTQ,2021-W40,2230.7544
Martinique,MTQ,2021-W41,2311.5574
Martinique,MTQ,2021-W42,2344.6377
Martinique,MTQ,2021-W43,2384.7678
Martinique,MTQ,2021-W44,2393.987
Martinique,MTQ,2021-W45,2414.5945
Martinique,MTQ,2021-W46,2413.5098
Martinique,MTQ,2021-W47,2480.213
Martinique,MTQ,2021-W48,2505.1587
Martinique,MTQ,2021-W49,2536.612
Martinique,MTQ,2021-W50,2526.3083
Martinique,MTQ,2021-W51,2570.777
Martinique,MTQ,2021-W52,2548.7603
Martinique,MTQ,2022-W01,2584.9497
Martinique,MTQ,2022-W02,2641.2742
Martinique,MTQ,2022-W03,2694.878
Martinique,MTQ,2022-W04,2732.7
Martinique,MTQ,2022-W05,2812.425
Martinique,MTQ,2022-W06,2864.9404
Martinique,MTQ,2022-W07,2890.79
Martinique,MTQ,2022-W08,2920.449
Martinique,MTQ,2022-W09,2965.8896
Martinique,MTQ,2022-W10,2987.9297
Martinique,MTQ,2022-W11,3005.6162
Martinique,MTQ,2022-W12,3011.3303
Martinique,MTQ,2022-W13,3009.9697
Martinique,MTQ,2022-W14,3016.7722
Martinique,MTQ,2022-W15,2987.1133
Martinique,MTQ,2022-W16,2996.0925
Martinique,MTQ,2022-W17,2986.569
Martinique,MTQ,2022-W18,2975.9573
Martinique,MTQ,2022-W19,3024.663
Martinique,MTQ,2022-W20,3065.206
Martinique,MTQ,2022-W21,3119.354
Martinique,MTQ,2022-W22,3191.4604
Martinique,MTQ,2022-W23,3253.227
Martinique,MTQ,2022-W24,3322.6125
Martinique,MTQ,2022-W25,3405.603
Martinique,MTQ,2022-W26,3482.0632
Martinique,MTQ,2022-W27,3528.5923
Martinique,MTQ,2022-W28,3542.4692
Martinique,MTQ,2022-W29,3483.4236
Martinique,MTQ,2022-W30,3484.24
Martinique,MTQ,2022-W31,3506.28
Martinique,MTQ,2022-W32,3566.9583
Martinique,MTQ,2022-W33,3542.1973
Martinique,MTQ,2022-W34,3525.599
Martinique,MTQ,2022-W35,3566.142
Martinique,MTQ,2022-W36,3576.754
Martinique,MTQ,2022-W37,3620.562
Martinique,MTQ,2022-W38,3648.5884
Martinique,MTQ,2022-W39,3654.8467
Martinique,MTQ,2022-W40,3618.6575
Martinique,MTQ,2022-W41,3623.8274
Martinique,MTQ,2022-W42,3651.8535
Martinique,MTQ,2022-W43,3657.0234
Martinique,MTQ,2022-W44,3685.594
Martinique,MTQ,2022-W45,3739.1978
Martinique,MTQ,2022-W46,3711.1714
Martinique,MTQ,2022-W47,3743.007
Martinique,MTQ,2022-W48,3713.8923
Martinique,MTQ,2022-W49,3710.355
Martinique,MTQ,2022-W50,3724.7764
Martinique,MTQ,2022-W51,3709.8108
Martinique,MTQ,2022-W52,3717.0862
Martinique,MTQ,2023-W01,3729.076
Martinique,MTQ,2023-W02,3679.4822
Martinique,MTQ,2023-W03,3668.0374
Martinique,MTQ,2023-W04,3673.4873
Martinique,MTQ,2023-W05,3622.8035
Martinique,MTQ,2023-W06,3566.6697
Martinique,MTQ,2023-W07,3538.3303
Martinique,MTQ,2023-W08,3481.1067
Martinique,MTQ,2023-W09,3466.937
Martinique,MTQ,2023-W10,3456.5823
Martinique,MTQ,2023-W11,3444.5925
Martinique,MTQ,2023-W12,3404.2634
Martinique,MTQ,2023-W13,3367.7493
Martinique,MTQ,2023-W14,3377.559
Martinique,MTQ,2023-W15,3372.6543
Martinique,MTQ,2023-W16,3395.5437
Martinique,MTQ,2023-W17,3405.3535
Martinique,MTQ,2023-W18,3373.1992
Martinique,MTQ,2023-W19,3414.0732
Martinique,MTQ,2023-W20,3430.4229
Martinique,MTQ,2023-W21,3389.5488
Martinique,MTQ,2023-W22,3418.433
Martinique,MTQ,2023-W23,3415.163
Martinique,MTQ,2023-W24,3438.5977
Martinique,MTQ,2023-W25,3432.0579
Martinique,MTQ,2023-W26,3421.7031
Martinique,MTQ,2023-W27,3375.924
Martinique,MTQ,2023-W28,3360.1194
Martinique,MTQ,2023-W29,3347.5847
Martinique,MTQ,2023-W30,3370.474
Martinique,MTQ,2023-W31,3390.0938
Martinique,MTQ,2023-W32,3467.482
Martinique,MTQ,2023-W33,3467.482
Martinique,MTQ,2023-W34,3554.68
Martinique,MTQ,2023-W35,3633.7031
Martinique,MTQ,2023-W36,3652.7776
Martinique,MTQ,2023-W37,3696.9216
Martinique,MTQ,2023-W38,3719.811
Martinique,MTQ,2023-W39,3764.5
Martinique,MTQ,2023-W40,3750.3303
Martinique,MTQ,2023-W41,3758.5051
Martinique,MTQ,2023-W42,3726.896
Martinique,MTQ,2023-W43,3743.2456
Martinique,MTQ,2023-W44,3780.3047
Martinique,MTQ,2023-W45,3763.4102
Martinique,MTQ,2023-W46,3732.8909
Martinique,MTQ,2023-W47,3735.0708
Martinique,MTQ,2023-W48,3681.662
Martinique,MTQ,2023-W49,3656.5925
Martinique,MTQ,2023-W50,3630.433
Martinique,MTQ,2023-W51,3615.7185
Martinique,MTQ,2023-W52,3552.5
Mauritius,MUS,2020-W05,-18.569439
Mauritius,MUS,2020-W09,-40.06688
Mauritius,MUS,2020-W14,-74.97129
Mauritius,MUS,2020-W18,-106.02311
Mauritius,MUS,2020-W22,-135.07161
Mauritius,MUS,2020-W27,-125.59426
Mauritius,MUS,2020-W31,-180.22394
Mauritius,MUS,2020-W36,-192.47517
Mauritius,MUS,2020-W40,-259.7413
Mauritius,MUS,2020-W44,-272.60892
Mauritius,MUS,2020-W49,-272.37778
Mauritius,MUS,2020-W53,-296.49496
Mauritius,MUS,2021-W04,-344.74744
Mauritius,MUS,2021-W08,-382.31705
Mauritius,MUS,2021-W13,-421.73438
Mauritius,MUS,2021-W17,-464.23117
Mauritius,MUS,2021-W22,-519.35376
Mauritius,MUS,2021-W26,-499.79907
Mauritius,MUS,2021-W30,-572.0128
Mauritius,MUS,2021-W35,-471.00604
Mauritius,MUS,2021-W39,-331.81372
Mauritius,MUS,2021-W43,-145.1974
Mauritius,MUS,2021-W48,496.4116
Mauritius,MUS,2021-W52,845.00836
Mauritius,MUS,2022-W05,911.6737
Mauritius,MUS,2022-W09,1019.6401
Mauritius,MUS,2022-W13,1230.4171
Mauritius,MUS,2022-W17,1254.9655
Mauritius,MUS,2022-W22,1269.9714
Mauritius,MUS,2022-W26,1319.6067
Mauritius,MUS,2022-W30,1409.8738
Mauritius,MUS,2022-W35,1506.2971
Mauritius,MUS,2022-W39,1468.5128
Mauritius,MUS,2022-W44,1465.0498
Mauritius,MUS,2022-W48,1475.4386
Mauritius,MUS,2022-W52,1459.971
Mauritius,MUS,2023-W05,1403.623
Mauritius,MUS,2023-W09,1380.9406
Mauritius,MUS,2023-W13,1281.0607
Mauritius,MUS,2023-W17,1227.3147
Mauritius,MUS,2023-W22,1255.5332
Mauritius,MUS,2023-W26,1199.9419
Mauritius,MUS,2023-W31,1076.5338
Mauritius,MUS,2023-W35,989.264
Mauritius,MUS,2023-W39,884.00183
Mauritius,MUS,2023-W44,868.3932
Mauritius,MUS,2023-W48,875.8515
Mauritius,MUS,2023-W52,962.8138
Mayotte,MYT,2020-W01,-2.6178787
Mayotte,MYT,2020-W02,1.3089378
Mayotte,MYT,2020-W03,5.2357545
Mayotte,MYT,2020-W04,-10.471512
Mayotte,MYT,2020-W05,-28.142189
Mayotte,MYT,2020-W06,11.780453
Mayotte,MYT,2020-W07,2.6178818
Mayotte,MYT,2020-W08,32.72348
Mayotte,MYT,2020-W09,55.629913
Mayotte,MYT,2020-W10,49.73969
Mayotte,MYT,2020-W11,62.829082
Mayotte,MYT,2020-W12,90.971275
Mayotte,MYT,2020-W13,98.17044
Mayotte,MYT,2020-W14,150.528
Mayotte,MYT,2020-W15,173.43443
Mayotte,MYT,2020-W16,235.60904
Mayotte,MYT,2020-W17,223.17412
Mayotte,MYT,2020-W18,251.97078
Mayotte,MYT,2020-W19,257.861
Mayotte,MYT,2020-W20,301.71045
Mayotte,MYT,2020-W21,316.76324
Mayotte,MYT,2020-W22,348.83228
Mayotte,MYT,2020-W23,339.66968
Mayotte,MYT,2020-W24,360.61273
Mayotte,MYT,2020-W25,345.5599
Mayotte,MYT,2020-W26,342.28757
Mayotte,MYT,2020-W27,351.45013
Mayotte,MYT,2020-W28,368.46634
Mayotte,MYT,2020-W29,357.99484
Mayotte,MYT,2020-W30,361.92166
Mayotte,MYT,2020-W31,373.70212
Mayotte,MYT,2020-W32,378.2834
Mayotte,MYT,2020-W33,390.71832
Mayotte,MYT,2020-W34,407.08005
Mayotte,MYT,2020-W35,407.08005
Mayotte,MYT,2020-W36,395.2996
Mayotte,MYT,2020-W37,384.1736
Mayotte,MYT,2020-W38,396.60855
Mayotte,MYT,2020-W39,433.25882
Mayotte,MYT,2020-W40,420.16943
Mayotte,MYT,2020-W41,415.58817
Mayotte,MYT,2020-W42,413.62476
Mayotte,MYT,2020-W43,392.68173
Mayotte,MYT,2020-W44,379.59235
Mayotte,MYT,2020-W45,392.02725
Mayotte,MYT,2020-W46,394.64514
Mayotte,MYT,2020-W47,410.3524
Mayotte,MYT,2020-W48,399.2264
Mayotte,MYT,2020-W49,422.78732
Mayotte,MYT,2020-W50,439.14908
Mayotte,MYT,2020-W51,439.80353
Mayotte,MYT,2020-W52,465.98233
Mayotte,MYT,2020-W53,450.60156
Mayotte,MYT,2021-W01,487.30786
Mayotte,MYT,2021-W02,495.53513
Mayotte,MYT,2021-W03,510.0911
Mayotte,MYT,2021-W04,521.48267
Mayotte,MYT,2021-W05,540.4687
Mayotte,MYT,2021-W06,643.6261
Mayotte,MYT,2021-W07,740.4548
Mayotte,MYT,2021-W08,840.4478
Mayotte,MYT,2021-W09,911.329
Mayotte,MYT,2021-W10,960.6926
Mayotte,MYT,2021-W11,974.6157
Mayotte,MYT,2021-W12,990.4374
Mayotte,MYT,2021-W13,1001.829
Mayotte,MYT,2021-W14,1006.2591
Mayotte,MYT,2021-W15,1010.68915
Mayotte,MYT,2021-W16,1021.4479
Mayotte,MYT,2021-W17,1017.0178
Mayotte,MYT,2021-W18,986.0073
Mayotte,MYT,2021-W19,1018.28357
Mayotte,MYT,2021-W20,1023.9794
Mayotte,MYT,2021-W21,1027.1437
Mayotte,MYT,2021-W22,1056.2556
Mayotte,MYT,2021-W23,1039.1682
Mayotte,MYT,2021-W24,1029.0424
Mayotte,MYT,2021-W25,1025.2451
Mayotte,MYT,2021-W26,1029.6752
Mayotte,MYT,2021-W27,1039.801
Mayotte,MYT,2021-W28,1041.6997
Mayotte,MYT,2021-W29,1045.4968
Mayotte,MYT,2021-W30,1041.0668
Mayotte,MYT,2021-W31,1018.91644
Mayotte,MYT,2021-W32,1030.9409
Mayotte,MYT,2021-W33,1047.3955
Mayotte,MYT,2021-W34,1067.6472
Mayotte,MYT,2021-W35,1062.5842
Mayotte,MYT,2021-W36,1065.1157
Mayotte,MYT,2021-W37,1093.5947
Mayotte,MYT,2021-W38,1122.7067
Mayotte,MYT,2021-W39,1156.2487
Mayotte,MYT,2021-W40,1154.35
Mayotte,MYT,2021-W41,1185.9934
Mayotte,MYT,2021-W42,1185.3605
Mayotte,MYT,2021-W43,1182.1962
Mayotte,MYT,2021-W44,1180.2976
Mayotte,MYT,2021-W45,1199.9165
Mayotte,MYT,2021-W46,1210.0424
Mayotte,MYT,2021-W47,1204.3466
Mayotte,MYT,2021-W48,1204.3466
Mayotte,MYT,2021-W49,1215.7382
Mayotte,MYT,2021-W50,1235.9899
Mayotte,MYT,2021-W51,1294.8466
Mayotte,MYT,2021-W52,1298.9363
Mayotte,MYT,2022-W01,1335.7333
Mayotte,MYT,2022-W02,1372.5304
Mayotte,MYT,2022-W03,1418.5267
Mayotte,MYT,2022-W04,1427.726
Mayotte,MYT,2022-W05,1425.8861
Mayotte,MYT,2022-W06,1413.6205
Mayotte,MYT,2022-W07,1392.1555
Mayotte,MYT,2022-W08,1398.2883
Mayotte,MYT,2022-W09,1406.8743
Mayotte,MYT,2022-W10,1422.2064
Mayotte,MYT,2022-W11,1415.4603
Mayotte,MYT,2022-W12,1425.8861
Mayotte,MYT,2022-W13,1422.8197
Mayotte,MYT,2022-W14,1425.2728
Mayotte,MYT,2022-W15,1421.5931
Mayotte,MYT,2022-W16,1427.1127
Mayotte,MYT,2022-W17,1424.0463
Mayotte,MYT,2022-W18,1419.7533
Mayotte,MYT,2022-W19,1409.3274
Mayotte,MYT,2022-W20,1428.3392
Mayotte,MYT,2022-W21,1420.3666
Mayotte,MYT,2022-W22,1431.4056
Mayotte,MYT,2022-W23,1416.0736
Mayotte,MYT,2022-W24,1422.8197
Mayotte,MYT,2022-W25,1444.898
Mayotte,MYT,2022-W26,1444.2847
Mayotte,MYT,2022-W27,1439.9917
Mayotte,MYT,2022-W28,1452.2573
Mayotte,MYT,2022-W29,1441.8315
Mayotte,MYT,2022-W30,1423.433
Mayotte,MYT,2022-W31,1409.3275
Mayotte,MYT,2022-W32,1409.9408
Mayotte,MYT,2022-W33,1417.9135
Mayotte,MYT,2022-W34,1423.433
Mayotte,MYT,2022-W35,1441.2183
Mayotte,MYT,2022-W36,1438.7651
Mayotte,MYT,2022-W37,1479.8551
Mayotte,MYT,2022-W38,1515.4257
Mayotte,MYT,2022-W39,1521.5585
Mayotte,MYT,2022-W40,1511.746
Mayotte,MYT,2022-W41,1543.6367
Mayotte,MYT,2022-W42,1544.25
Mayotte,MYT,2022-W43,1520.9452
Mayotte,MYT,2022-W44,1504.9998
Mayotte,MYT,2022-W45,1516.039
Mayotte,MYT,2022-W46,1542.4102
Mayotte,MYT,2022-W47,1535.0508
Mayotte,MYT,2022-W48,1524.0116
Mayotte,MYT,2022-W49,1536.2773
Mayotte,MYT,2022-W50,1557.129
Mayotte,MYT,2022-W51,1557.129
Mayotte,MYT,2022-W52,1519.5886
Mayotte,MYT,2023-W01,1514.8269
Mayotte,MYT,2023-W02,1516.0173
Mayotte,MYT,2023-W03,1526.136
Mayotte,MYT,2023-W04,1506.4938
Mayotte,MYT,2023-W05,1508.8746
Mayotte,MYT,2023-W06,1521.9695
Mayotte,MYT,2023-W07,1514.2317
Mayotte,MYT,2023-W08,1509.4698
Mayotte,MYT,2023-W09,1489.2325
Mayotte,MYT,2023-W10,1496.3751
Mayotte,MYT,2023-W11,1505.8986
Mayotte,MYT,2023-W12,1502.3273
Mayotte,MYT,2023-W13,1509.4698
Mayotte,MYT,2023-W14,1513.0413
Mayotte,MYT,2023-W15,1498.756
Mayotte,MYT,2023-W16,1526.136
Mayotte,MYT,2023-W17,1512.446
Mayotte,MYT,2023-W18,1503.5177
Mayotte,MYT,2023-W19,1488.6373
Mayotte,MYT,2023-W20,1484.4708
Mayotte,MYT,2023-W21,1492.8038
Mayotte,MYT,2023-W22,1507.6842
Mayotte,MYT,2023-W23,1511.8507
Mayotte,MYT,2023-W24,1495.7799
Mayotte,MYT,2023-W25,1491.6134
Mayotte,MYT,2023-W26,1483.2804
Mayotte,MYT,2023-W27,1477.3282
Mayotte,MYT,2023-W28,1487.4469
Mayotte,MYT,2023-W29,1481.4948
Mayotte,MYT,2023-W30,1461.8525
Mayotte,MYT,2023-W31,1440.4248
Mayotte,MYT,2023-W32,1436.2582
Mayotte,MYT,2023-W33,1430.306
Mayotte,MYT,2023-W34,1433.8773
Mayotte,MYT,2023-W35,1440.4248
Mayotte,MYT,2023-W36,1448.1626
Mayotte,MYT,2023-W37,1465.4238
Mayotte,MYT,2023-W38,1474.352
Mayotte,MYT,2023-W39,1487.4469
Mayotte,MYT,2023-W40,1467.2095
Mayotte,MYT,2023-W41,1484.4708
Mayotte,MYT,2023-W42,1480.3043
Mayotte,MYT,2023-W43,1470.7808
Mayotte,MYT,2023-W44,1438.639
Mayotte,MYT,2023-W45,1456.4956
Mayotte,MYT,2023-W46,1459.4717
Mayotte,MYT,2023-W47,1453.5195
Mayotte,MYT,2023-W48,1473.7568
Mayotte,MYT,2023-W49,1504.7081
Mayotte,MYT,2023-W50,1535.0642
Mayotte,MYT,2023-W51,1577.9198
Mayotte,MYT,2023-W52,1602.3237
Mexico,MEX,2020-W01,1.5158935
Mexico,MEX,2020-W02,5.0826116
Mexico,MEX,2020-W03,5.758805
Mexico,MEX,2020-W04,3.7492523
Mexico,MEX,2020-W05,-0.88255316
Mexico,MEX,2020-W06,-1.6190695
Mexico,MEX,2020-W07,-6.7334275
Mexico,MEX,2020-W08,-12.898589
Mexico,MEX,2020-W09,-21.027271
Mexico,MEX,2020-W10,-26.267027
Mexico,MEX,2020-W11,-30.721056
Mexico,MEX,2020-W12,-40.29579
Mexico,MEX,2020-W13,-43.22758
Mexico,MEX,2020-W14,-48.42924
Mexico,MEX,2020-W15,-46.729218
Mexico,MEX,2020-W16,-35.981453
Mexico,MEX,2020-W17,-9.9588785
Mexico,MEX,2020-W18,30.479765
Mexico,MEX,2020-W19,85.62337
Mexico,MEX,2020-W20,153.70047
Mexico,MEX,2020-W21,227.56815
Mexico,MEX,2020-W22,304.13425
Mexico,MEX,2020-W23,389.44336
Mexico,MEX,2020-W24,481.06363
Mexico,MEX,2020-W25,573.54266
Mexico,MEX,2020-W26,665.5042
Mexico,MEX,2020-W27,764.3246
Mexico,MEX,2020-W28,871.2467
Mexico,MEX,2020-W29,977.1053
Mexico,MEX,2020-W30,1076.5018
Mexico,MEX,2020-W31,1166.9427
Mexico,MEX,2020-W32,1250.0836
Mexico,MEX,2020-W33,1323.7052
Mexico,MEX,2020-W34,1391.0918
Mexico,MEX,2020-W35,1451.8751
Mexico,MEX,2020-W36,1506.4998
Mexico,MEX,2020-W37,1553.5242
Mexico,MEX,2020-W38,1594.366
Mexico,MEX,2020-W39,1638.0554
Mexico,MEX,2020-W40,1675.948
Mexico,MEX,2020-W41,1716.9677
Mexico,MEX,2020-W42,1757.7809
Mexico,MEX,2020-W43,1804.4832
Mexico,MEX,2020-W44,1854.7283
Mexico,MEX,2020-W45,1914.1497
Mexico,MEX,2020-W46,1973.9362
Mexico,MEX,2020-W47,2034.0433
Mexico,MEX,2020-W48,2097.3743
Mexico,MEX,2020-W49,2167.769
Mexico,MEX,2020-W50,2247.1226
Mexico,MEX,2020-W51,2335.7236
Mexico,MEX,2020-W52,2442.1711
Mexico,MEX,2020-W53,2559.4985
Mexico,MEX,2021-W01,2715.3752
Mexico,MEX,2021-W02,2929.4614
Mexico,MEX,2021-W03,3154.374
Mexico,MEX,2021-W04,3317.8813
Mexico,MEX,2021-W05,3443.8098
Mexico,MEX,2021-W06,3529.6516
Mexico,MEX,2021-W07,3605.4734
Mexico,MEX,2021-W08,3673.1155
Mexico,MEX,2021-W09,3714.9465
Mexico,MEX,2021-W10,3753.6443
Mexico,MEX,2021-W11,3784.56
Mexico,MEX,2021-W12,3810.147
Mexico,MEX,2021-W13,3831.5906
Mexico,MEX,2021-W14,3855.4727
Mexico,MEX,2021-W15,3879.115
Mexico,MEX,2021-W16,3896.0803
Mexico,MEX,2021-W17,3907.9678
Mexico,MEX,2021-W18,3917.4907
Mexico,MEX,2021-W19,3924.5496
Mexico,MEX,2021-W20,3927.5725
Mexico,MEX,2021-W21,3929.7317
Mexico,MEX,2021-W22,3932.0332
Mexico,MEX,2021-W23,3936.3833
Mexico,MEX,2021-W24,3943.7107
Mexico,MEX,2021-W25,3949.8557
Mexico,MEX,2021-W26,3959.8188
Mexico,MEX,2021-W27,3975.9714
Mexico,MEX,2021-W28,4000.938
Mexico,MEX,2021-W29,4040.8528
Mexico,MEX,2021-W30,4100.189
Mexico,MEX,2021-W31,4182.694
Mexico,MEX,2021-W32,4284.505
Mexico,MEX,2021-W33,4399.0435
Mexico,MEX,2021-W34,4508.344
Mexico,MEX,2021-W35,4615.278
Mexico,MEX,2021-W36,4705.945
Mexico,MEX,2021-W37,4785.0923
Mexico,MEX,2021-W38,4847.8477
Mexico,MEX,2021-W39,4901.0596
Mexico,MEX,2021-W40,4942.6426
Mexico,MEX,2021-W41,4974.597
Mexico,MEX,2021-W42,4996.6704
Mexico,MEX,2021-W43,5013.937
Mexico,MEX,2021-W44,5029.7944
Mexico,MEX,2021-W45,5044.9824
Mexico,MEX,2021-W46,5060.218
Mexico,MEX,2021-W47,5067.217
Mexico,MEX,2021-W48,5077.406
Mexico,MEX,2021-W49,5085.3535
Mexico,MEX,2021-W50,5090.5137
Mexico,MEX,2021-W51,5099.9053
Mexico,MEX,2021-W52,5075.1597
Mexico,MEX,2022-W01,5081.856
Mexico,MEX,2022-W02,5105.6216
Mexico,MEX,2022-W03,5164.3257
Mexico,MEX,2022-W04,5294.154
Mexico,MEX,2022-W05,5382.96
Mexico,MEX,2022-W06,5437.7505
Mexico,MEX,2022-W07,5473.4546
Mexico,MEX,2022-W08,5488.3325
Mexico,MEX,2022-W09,5491.184
Mexico,MEX,2022-W10,5492.279
Mexico,MEX,2022-W11,5487.5073
Mexico,MEX,2022-W12,5477.9185
Mexico,MEX,2022-W13,5473.71
Mexico,MEX,2022-W14,5463.996
Mexico,MEX,2022-W15,5457.7373
Mexico,MEX,2022-W16,5450.9062
Mexico,MEX,2022-W17,5437.696
Mexico,MEX,2022-W18,5433.366
Mexico,MEX,2022-W19,5430.526
Mexico,MEX,2022-W20,5426.694
Mexico,MEX,2022-W21,5416.341
Mexico,MEX,2022-W22,5408.4824
Mexico,MEX,2022-W23,5406.04
Mexico,MEX,2022-W24,5402.674
Mexico,MEX,2022-W25,5397.545
Mexico,MEX,2022-W26,5399.2607
Mexico,MEX,2022-W27,5401.3706
Mexico,MEX,2022-W28,5411.3765
Mexico,MEX,2022-W29,5423.139
Mexico,MEX,2022-W30,5430.971
Mexico,MEX,2022-W31,5439.043
Mexico,MEX,2022-W32,5444.332
Mexico,MEX,2022-W33,5445.391
Mexico,MEX,2022-W34,5444.006
Mexico,MEX,2022-W35,5441.7114
Mexico,MEX,2022-W36,5438.483
Mexico,MEX,2022-W37,5434.419
Mexico,MEX,2022-W38,5430.786
Mexico,MEX,2022-W39,5427.285
Mexico,MEX,2022-W40,5422.918
Mexico,MEX,2022-W41,5420.0176
Mexico,MEX,2022-W42,5412.4194
Mexico,MEX,2022-W43,5407.6763
Mexico,MEX,2022-W44,5402.301
Mexico,MEX,2022-W45,5397.5854
Mexico,MEX,2022-W46,5393.1216
Mexico,MEX,2022-W47,5393.1777
Mexico,MEX,2022-W48,5395.942
Mexico,MEX,2022-W49,5398.086
Mexico,MEX,2022-W50,5398.519
Mexico,MEX,2022-W51,5406.9375
Mexico,MEX,2022-W52,5379.2207
Mexico,MEX,2023-W01,5381.885
Mexico,MEX,2023-W02,5375.0933
Mexico,MEX,2023-W03,5368.471
Mexico,MEX,2023-W04,5358.141
Mexico,MEX,2023-W05,5345.0127
Mexico,MEX,2023-W06,5333.0273
Mexico,MEX,2023-W07,5322.2046
Mexico,MEX,2023-W08,5309.0903
Mexico,MEX,2023-W09,5296.0586
Mexico,MEX,2023-W10,5283.2915
Mexico,MEX,2023-W11,5268.2827
Mexico,MEX,2023-W12,5259.017
Mexico,MEX,2023-W13,5250.1953
Mexico,MEX,2023-W14,5241.576
Mexico,MEX,2023-W15,5233.0005
Mexico,MEX,2023-W16,5236.997
Mexico,MEX,2023-W17,5226.8535
Mexico,MEX,2023-W18,5222.5596
Mexico,MEX,2023-W19,5217.54
Mexico,MEX,2023-W20,5210.2983
Mexico,MEX,2023-W21,5201.5903
Mexico,MEX,2023-W22,5196.9536
Mexico,MEX,2023-W23,5191.987
Mexico,MEX,2023-W24,5206.515
Mexico,MEX,2023-W25,5223.4424
Mexico,MEX,2023-W26,5217.644
Mexico,MEX,2023-W27,5209.8936
Mexico,MEX,2023-W28,5204.796
Mexico,MEX,2023-W29,5200.4927
Mexico,MEX,2023-W30,5189.5474
Mexico,MEX,2023-W31,5193.32
Mexico,MEX,2023-W32,5190.391
Mexico,MEX,2023-W33,5181.4805
Mexico,MEX,2023-W34,5171.5303
Mexico,MEX,2023-W35,5165.2617
Mexico,MEX,2023-W36,5157.421
Mexico,MEX,2023-W37,5150.424
Mexico,MEX,2023-W38,5145.3887
Mexico,MEX,2023-W39,5164.9287
Mexico,MEX,2023-W40,5151.567
Mexico,MEX,2023-W41,5137.279
Mexico,MEX,2023-W42,5124.1895
Mexico,MEX,2023-W43,5113.591
Mexico,MEX,2023-W44,5103.105
Mexico,MEX,2023-W45,5095.353
Mexico,MEX,2023-W46,5083.8096
Mexico,MEX,2023-W47,5071.0083
Mexico,MEX,2023-W48,5067.2856
Mexico,MEX,2023-W49,5058.207
Mexico,MEX,2023-W50,5050.4736
Moldova,MDA,2020-W05,-102.59825
Moldova,MDA,2020-W09,-113.39296
Moldova,MDA,2020-W14,-272.65527
Moldova,MDA,2020-W18,-478.338
Moldova,MDA,2020-W22,-199.06981
Moldova,MDA,2020-W27,-14.522612
Moldova,MDA,2020-W31,239.91454
Moldova,MDA,2020-W36,315.08838
Moldova,MDA,2020-W40,585.3448
Moldova,MDA,2020-W44,866.6228
Moldova,MDA,2020-W49,1083.003
Moldova,MDA,2020-W53,1666.727
Moldova,MDA,2021-W04,1809.0751
Moldova,MDA,2021-W08,2012.2755
Moldova,MDA,2021-W13,2590.781
Moldova,MDA,2021-W17,3080.0496
Moldova,MDA,2021-W22,3220.1438
Moldova,MDA,2021-W26,3323.5896
Moldova,MDA,2021-W30,3466.7544
Moldova,MDA,2021-W35,3494.943
Moldova,MDA,2021-W39,3822.592
Moldova,MDA,2021-W43,4431.8013
Moldova,MDA,2021-W48,4989.337
Moldova,MDA,2021-W52,5128.8433
Moldova,MDA,2022-W05,4869.9463
Moldova,MDA,2022-W09,5108.1074
Moldova,MDA,2022-W13,5183.115
Moldova,MDA,2022-W17,5228.12
Moldova,MDA,2022-W22,5192.159
Moldova,MDA,2022-W26,5161.0254
Moldova,MDA,2022-W30,5236.7056
Moldova,MDA,2022-W35,5332.856
Moldova,MDA,2022-W39,5347.3687
Moldova,MDA,2022-W44,5366.1587
Moldova,MDA,2022-W48,5338.7524
Moldova,MDA,2022-W52,5433.009
Moldova,MDA,2023-W05,5125.7954
Moldova,MDA,2023-W09,5094.334
Moldova,MDA,2023-W13,5113.8047
Moldova,MDA,2023-W17,5155.336
Moldova,MDA,2023-W22,5152.0474
Moldova,MDA,2023-W26,5123.962
Moldova,MDA,2023-W31,5158.043
Moldova,MDA,2023-W35,5257.8994
Moldova,MDA,2023-W39,5256.706
Moldova,MDA,2023-W44,5252.602
Moldova,MDA,2023-W48,5246.694
Moldova,MDA,2023-W52,5307.2017
Monaco,MCO,2020-W05,-110.98174
Monaco,MCO,2020-W09,-308.58344
Monaco,MCO,2020-W14,18.94813
Monaco,MCO,2020-W18,184.06732
Monaco,MCO,2020-W22,203.01546
Monaco,MCO,2020-W27,313.9972
Monaco,MCO,2020-W31,257.15292
Monaco,MCO,2020-W36,470.9959
Monaco,MCO,2020-W40,652.3564
Monaco,MCO,2020-W44,860.78564
Monaco,MCO,2020-W49,684.83887
Monaco,MCO,2020-W53,1044.8529
Monaco,MCO,2021-W04,1536.2406
Monaco,MCO,2021-W08,2315.256
Monaco,MCO,2021-W13,2996.2139
Monaco,MCO,2021-W17,3023.4521
Monaco,MCO,2021-W22,3639.0378
Monaco,MCO,2021-W26,3421.1313
Monaco,MCO,2021-W30,3470.1604
Monaco,MCO,2021-W35,3764.334
Monaco,MCO,2021-W39,3998.5835
Monaco,MCO,2021-W43,4232.833
Monaco,MCO,2021-W48,3889.6304
Monaco,MCO,2021-W52,4385.3677
Monaco,MCO,2022-W05,4540.8457
Monaco,MCO,2022-W09,4335.3154
Monaco,MCO,2022-W13,4606.615
Monaco,MCO,2022-W17,4905.3193
Monaco,MCO,2022-W22,5083.4453
Monaco,MCO,2022-W26,5245.129
Monaco,MCO,2022-W30,5346.524
Monaco,MCO,2022-W35,5502.7266
Monaco,MCO,2022-W39,5790.4688
Monaco,MCO,2022-W44,5968.595
Monaco,MCO,2022-W48,5702.776
Monaco,MCO,2022-W52,5897.3447
Mongolia,MNG,2020-W05,-36.092213
Mongolia,MNG,2020-W09,-58.28178
Mongolia,MNG,2020-W14,-123.87913
Mongolia,MNG,2020-W18,-155.84306
Mongolia,MNG,2020-W22,-217.43355
Mongolia,MNG,2020-W27,-245.57271
Mongolia,MNG,2020-W31,-259.08072
Mongolia,MNG,2020-W36,-291.22678
Mongolia,MNG,2020-W40,-307.5882
Mongolia,MNG,2020-W44,-319.76056
Mongolia,MNG,2020-W49,-351.48163
Mongolia,MNG,2020-W53,-455.99423
Mongolia,MNG,2021-W04,-555.44244
Mongolia,MNG,2021-W08,-602.48846
Mongolia,MNG,2021-W13,-647.4436
Mongolia,MNG,2021-W17,-633.9123
Mongolia,MNG,2021-W22,-667.1582
Mongolia,MNG,2021-W26,-579.6674
Mongolia,MNG,2021-W30,-475.3894
Mongolia,MNG,2021-W35,-410.3613
Mongolia,MNG,2021-W39,-247.95528
Mongolia,MNG,2021-W43,-5.555983
Mongolia,MNG,2021-W48,156.96953
Mongolia,MNG,2021-W52,216.20279
Mongolia,MNG,2022-W05,158.01672
Mongolia,MNG,2022-W09,178.32056
Mongolia,MNG,2022-W13,160.9593
Mongolia,MNG,2022-W17,189.14928
Mongolia,MNG,2022-W22,179.79184
Mongolia,MNG,2022-W26,173.43587
Mongolia,MNG,2022-W30,157.13394
Mongolia,MNG,2022-W35,193.97508
Mongolia,MNG,2022-W39,189.32579
Mongolia,MNG,2022-W44,180.7923
Mongolia,MNG,2022-W48,193.3277
Mongolia,MNG,2022-W52,211.21863
Mongolia,MNG,2023-W05,171.9097
Mongolia,MNG,2023-W09,141.33377
Mongolia,MNG,2023-W13,143.82858
Mongolia,MNG,2023-W17,102.75125
Mongolia,MNG,2023-W22,33.65085
Mongolia,MNG,2023-W26,69.62252
Mongolia,MNG,2023-W31,70.26071
Mongolia,MNG,2023-W35,51.34659
Mongolia,MNG,2023-W39,-1.5085461
Mongolia,MNG,2023-W44,-63.124546
Mongolia,MNG,2023-W48,-21.58308
Mongolia,MNG,2023-W52,-4.931671
Montenegro,MNE,2020-W01,-108.41607
Montenegro,MNE,2020-W02,-164.69069
Montenegro,MNE,2020-W03,-180.26953
Montenegro,MNE,2020-W04,-202.52504
Montenegro,MNE,2020-W05,-220.32944
Montenegro,MNE,2020-W06,-198.39186
Montenegro,MNE,2020-W07,-199.98154
Montenegro,MNE,2020-W08,-211.74515
Montenegro,MNE,2020-W09,-252.12297
Montenegro,MNE,2020-W10,-253.71266
Montenegro,MNE,2020-W11,-270.56323
Montenegro,MNE,2020-W12,-283.91653
Montenegro,MNE,2020-W13,-236.22618
Montenegro,MNE,2020-W14,-270.2453
Montenegro,MNE,2020-W15,-270.56323
Montenegro,MNE,2020-W16,-282.64478
Montenegro,MNE,2020-W17,-324.29434
Montenegro,MNE,2020-W18,-343.37048
Montenegro,MNE,2020-W19,-371.34882
Montenegro,MNE,2020-W20,-368.4874
Montenegro,MNE,2020-W21,-370.39502
Montenegro,MNE,2020-W22,-367.5336
Montenegro,MNE,2020-W23,-387.56354
Montenegro,MNE,2020-W24,-406.32175
Montenegro,MNE,2020-W25,-433.6642
Montenegro,MNE,2020-W26,-444.47403
Montenegro,MNE,2020-W27,-381.20483
Montenegro,MNE,2020-W28,-349.7292
Montenegro,MNE,2020-W29,-302.6747
Montenegro,MNE,2020-W30,-265.79416
Montenegro,MNE,2020-W31,-220.6473
Montenegro,MNE,2020-W32,-214.28857
Montenegro,MNE,2020-W33,-214.6065
Montenegro,MNE,2020-W34,-176.77216
Montenegro,MNE,2020-W35,-130.0356
Montenegro,MNE,2020-W36,-90.29364
Montenegro,MNE,2020-W37,-72.171295
Montenegro,MNE,2020-W38,-50.23373
Montenegro,MNE,2020-W39,8.584375
Montenegro,MNE,2020-W40,40.377945
Montenegro,MNE,2020-W41,83.29927
Montenegro,MNE,2020-W42,146.25053
Montenegro,MNE,2020-W43,245.12854
Montenegro,MNE,2020-W44,329.3815
Montenegro,MNE,2020-W45,406.32193
Montenegro,MNE,2020-W46,462.27863
Montenegro,MNE,2020-W47,573.874
Montenegro,MNE,2020-W48,643.50195
Montenegro,MNE,2020-W49,702.00214
Montenegro,MNE,2020-W50,737.9289
Montenegro,MNE,2020-W51,804.6954
Montenegro,MNE,2020-W52,883.8614
Montenegro,MNE,2020-W53,923.46027
Montenegro,MNE,2021-W01,994.65497
Montenegro,MNE,2021-W02,1033.6766
Montenegro,MNE,2021-W03,1094.3594
Montenegro,MNE,2021-W04,1134.0181
Montenegro,MNE,2021-W05,1216.3618
Montenegro,MNE,2021-W06,1324.1891
Montenegro,MNE,2021-W07,1449.8549
Montenegro,MNE,2021-W08,1560.5491
Montenegro,MNE,2021-W09,1680.7996
Montenegro,MNE,2021-W10,1790.5381
Montenegro,MNE,2021-W11,1961.4371
Montenegro,MNE,2021-W12,2038.6841
Montenegro,MNE,2021-W13,2199.3896
Montenegro,MNE,2021-W14,2289.3787
Montenegro,MNE,2021-W15,2390.835
Montenegro,MNE,2021-W16,2504.396
Montenegro,MNE,2021-W17,2601.0742
Montenegro,MNE,2021-W18,2648.6965
Montenegro,MNE,2021-W19,2731.996
Montenegro,MNE,2021-W20,2798.4124
Montenegro,MNE,2021-W21,2791.5637
Montenegro,MNE,2021-W22,2838.8677
Montenegro,MNE,2021-W23,2791.5637
Montenegro,MNE,2021-W24,2810.8357
Montenegro,MNE,2021-W25,2819.9143
Montenegro,MNE,2021-W26,2834.408
Montenegro,MNE,2021-W27,2868.97
Montenegro,MNE,2021-W28,2865.307
Montenegro,MNE,2021-W29,2888.4011
Montenegro,MNE,2021-W30,2909.2659
Montenegro,MNE,2021-W31,2928.8564
Montenegro,MNE,2021-W32,3016.2969
Montenegro,MNE,2021-W33,3101.826
Montenegro,MNE,2021-W34,3208.0605
Montenegro,MNE,2021-W35,3300.9163
Montenegro,MNE,2021-W36,3386.764
Montenegro,MNE,2021-W37,3514.6594
Montenegro,MNE,2021-W38,3624.0796
Montenegro,MNE,2021-W39,3733.818
Montenegro,MNE,2021-W40,3802.1458
Montenegro,MNE,2021-W41,3926.2188
Montenegro,MNE,2021-W42,4003.4658
Montenegro,MNE,2021-W43,4116.7085
Montenegro,MNE,2021-W44,4239.1885
Montenegro,MNE,2021-W45,4322.4883
Montenegro,MNE,2021-W46,4434.1377
Montenegro,MNE,2021-W47,4521.897
Montenegro,MNE,2021-W48,4644.0586
Montenegro,MNE,2021-W49,4699.326
Montenegro,MNE,2021-W50,4749.4966
Montenegro,MNE,2021-W51,4750.93
Montenegro,MNE,2021-W52,4799.3726
Montenegro,MNE,2022-W01,4849.7646
Montenegro,MNE,2022-W02,4954.057
Montenegro,MNE,2022-W03,5080.0376
Montenegro,MNE,2022-W04,5258.3237
Montenegro,MNE,2022-W05,5378.882
Montenegro,MNE,2022-W06,5440.437
Montenegro,MNE,2022-W07,5499.1216
Montenegro,MNE,2022-W08,5518.8955
Montenegro,MNE,2022-W09,5492.424
Montenegro,MNE,2022-W10,5469.7793
Montenegro,MNE,2022-W11,5474.8823
Montenegro,MNE,2022-W12,5464.3574
Montenegro,MNE,2022-W13,5472.0117
Montenegro,MNE,2022-W14,5453.513
Montenegro,MNE,2022-W15,5428.955
Montenegro,MNE,2022-W16,5440.437
Montenegro,MNE,2022-W17,5412.6895
Montenegro,MNE,2022-W18,5394.8286
Montenegro,MNE,2022-W19,5414.284
Montenegro,MNE,2022-W20,5435.9717
Montenegro,MNE,2022-W21,5476.796
Montenegro,MNE,2022-W22,5495.294
Montenegro,MNE,2022-W23,5489.2344
Montenegro,MNE,2022-W25,5469.46
Montenegro,MNE,2022-W26,5456.7026
Montenegro,MNE,2022-W27,5486.364
Montenegro,MNE,2022-W28,5500.078
Montenegro,MNE,2022-W29,5513.4736
Montenegro,MNE,2022-W30,5526.231
Montenegro,MNE,2022-W31,5548.8755
Montenegro,MNE,2022-W32,5543.7725
Montenegro,MNE,2022-W33,5554.2974
Montenegro,MNE,2022-W34,5553.6597
Montenegro,MNE,2022-W35,5589.0615
Montenegro,MNE,2022-W36,5569.6064
Montenegro,MNE,2022-W37,5561.952
Montenegro,MNE,2022-W38,5551.746
Montenegro,MNE,2022-W39,5559.4004
Montenegro,MNE,2022-W40,5528.7827
Montenegro,MNE,2022-W41,5522.085
Montenegro,MNE,2022-W42,5506.776
Montenegro,MNE,2022-W43,5509.9653
Montenegro,MNE,2022-W44,5492.105
Montenegro,MNE,2022-W45,5465.314
Montenegro,MNE,2022-W46,5460.53
Montenegro,MNE,2022-W47,5425.447
Montenegro,MNE,2022-W48,5407.2676
Montenegro,MNE,2022-W49,5405.0347
Montenegro,MNE,2022-W50,5361.0215
Montenegro,MNE,2022-W51,5335.1875
Montenegro,MNE,2022-W52,5320.47
Montenegro,MNE,2023-W01,5289.344
Montenegro,MNE,2023-W02,5278.6494
Montenegro,MNE,2023-W03,5252.9507
Montenegro,MNE,2023-W04,5246.087
Montenegro,MNE,2023-W05,5189.422
Montenegro,MNE,2023-W06,5180.6426
Montenegro,MNE,2023-W07,5197.722
Montenegro,MNE,2023-W08,5190.2197
Montenegro,MNE,2023-W09,5166.7554
Montenegro,MNE,2023-W10,5148.7183
Montenegro,MNE,2023-W11,5140.897
Montenegro,MNE,2023-W12,5117.4326
Montenegro,MNE,2023-W13,5080.241
Montenegro,MNE,2023-W14,5044.0073
Montenegro,MNE,2023-W15,5065.556
Montenegro,MNE,2023-W16,5080.0815
Montenegro,MNE,2023-W17,5050.552
Montenegro,MNE,2023-W18,5024.5337
Montenegro,MNE,2023-W19,5015.116
Montenegro,MNE,2023-W20,5028.684
Montenegro,MNE,2023-W21,5048.636
Montenegro,MNE,2023-W22,5052.627
Montenegro,MNE,2023-W23,5062.364
Montenegro,MNE,2023-W24,5046.242
Montenegro,MNE,2023-W25,5043.8477
Montenegro,MNE,2023-W26,5032.5146
Montenegro,MNE,2023-W27,5036.5054
Montenegro,MNE,2023-W28,5037.303
Montenegro,MNE,2023-W29,5029.8013
Montenegro,MNE,2023-W30,5012.0835
Montenegro,MNE,2023-W31,4989.896
Montenegro,MNE,2023-W32,4983.032
Montenegro,MNE,2023-W33,4955.0986
Montenegro,MNE,2023-W34,4939.935
Montenegro,MNE,2023-W35,4927.3247
Montenegro,MNE,2023-W36,4938.0195
Montenegro,MNE,2023-W37,4925.409
Montenegro,MNE,2023-W38,4907.053
Montenegro,MNE,2023-W39,4912.959
Montenegro,MNE,2023-W40,4890.1333
Montenegro,MNE,2023-W41,4876.885
Montenegro,MNE,2023-W42,4835.8623
Montenegro,MNE,2023-W43,4822.933
Montenegro,MNE,2023-W44,4798.511
Montenegro,MNE,2023-W45,4769.939
Montenegro,MNE,2023-W46,4737.8555
Montenegro,MNE,2023-W47,4693.002
Montenegro,MNE,2023-W48,4666.6646
Montenegro,MNE,2023-W49,4632.346
Montenegro,MNE,2023-W50,4602.497
Montenegro,MNE,2023-W51,4533.3813
Montenegro,MNE,2023-W52,4545.353
Namibia,NAM,2020-W05,27.238792
Namibia,NAM,2020-W09,37.764668
Namibia,NAM,2020-W14,49.41547
Namibia,NAM,2020-W18,-20.650053
Namibia,NAM,2020-W22,-155.31723
Namibia,NAM,2020-W27,-241.29211
Namibia,NAM,2020-W31,-313.5271
Namibia,NAM,2020-W36,-406.81387
Namibia,NAM,2020-W40,-478.80777
Namibia,NAM,2020-W44,-496.8866
Namibia,NAM,2020-W49,-554.8192
Namibia,NAM,2020-W53,-568.31805
Namibia,NAM,2021-W04,-500.52365
Namibia,NAM,2021-W08,-394.36395
Namibia,NAM,2021-W13,-299.3498
Namibia,NAM,2021-W17,-247.96945
Namibia,NAM,2021-W22,-102.83974
Namibia,NAM,2021-W26,572.37714
Namibia,NAM,2021-W30,959.9431
Namibia,NAM,2021-W35,1041.045
Namibia,NAM,2021-W39,1079.8569
Namibia,NAM,2021-W43,1106.1005
Namibia,NAM,2021-W48,1105.389
Namibia,NAM,2021-W52,1225.8562
Netherlands,NLD,2020-W01,-14.867019
Netherlands,NLD,2020-W02,-18.778786
Netherlands,NLD,2020-W03,-30.892653
Netherlands,NLD,2020-W04,-52.103397
Netherlands,NLD,2020-W05,-64.962906
Netherlands,NLD,2020-W06,-74.90866
Netherlands,NLD,2020-W07,-87.24049
Netherlands,NLD,2020-W08,-116.423904
Netherlands,NLD,2020-W09,-133.13783
Netherlands,NLD,2020-W10,-150.9645
Netherlands,NLD,2020-W11,-153.95854
Netherlands,NLD,2020-W12,-127.103836
Netherlands,NLD,2020-W13,-50.451504
Netherlands,NLD,2020-W14,69.66622
Netherlands,NLD,2020-W15,187.65025
Netherlands,NLD,2020-W16,267.78992
Netherlands,NLD,2020-W17,327.18918
Netherlands,NLD,2020-W18,360.05493
Netherlands,NLD,2020-W19,367.37375
Netherlands,NLD,2020-W20,365.84802
Netherlands,NLD,2020-W21,364.15024
Netherlands,NLD,2020-W22,360.84647
Netherlands,NLD,2020-W23,358.43744
Netherlands,NLD,2020-W24,357.27884
Netherlands,NLD,2020-W25,357.32474
Netherlands,NLD,2020-W26,352.6673
Netherlands,NLD,2020-W27,342.36594
Netherlands,NLD,2020-W28,336.97433
Netherlands,NLD,2020-W29,325.00958
Netherlands,NLD,2020-W30,319.618
Netherlands,NLD,2020-W31,318.90677
Netherlands,NLD,2020-W32,315.20148
Netherlands,NLD,2020-W33,347.20688
Netherlands,NLD,2020-W34,357.33618
Netherlands,NLD,2020-W35,360.4335
Netherlands,NLD,2020-W36,363.06046
Netherlands,NLD,2020-W37,364.1732
Netherlands,NLD,2020-W38,365.03354
Netherlands,NLD,2020-W39,371.79025
Netherlands,NLD,2020-W40,383.5026
Netherlands,NLD,2020-W41,390.9017
Netherlands,NLD,2020-W42,413.06458
Netherlands,NLD,2020-W43,445.72382
Netherlands,NLD,2020-W44,492.53888
Netherlands,NLD,2020-W45,530.71594
Netherlands,NLD,2020-W46,568.0785
Netherlands,NLD,2020-W47,588.26825
Netherlands,NLD,2020-W48,612.5763
Netherlands,NLD,2020-W49,640.50934
Netherlands,NLD,2020-W50,666.89374
Netherlands,NLD,2020-W51,710.7262
Netherlands,NLD,2020-W52,755.4534
Netherlands,NLD,2020-W53,810.99567
Netherlands,NLD,2021-W01,854.20294
Netherlands,NLD,2021-W02,876.55505
Netherlands,NLD,2021-W03,903.3067
Netherlands,NLD,2021-W04,918.8252
Netherlands,NLD,2021-W05,932.5496
Netherlands,NLD,2021-W06,941.4059
Netherlands,NLD,2021-W07,946.62823
Netherlands,NLD,2021-W08,930.0927
Netherlands,NLD,2021-W09,912.323
Netherlands,NLD,2021-W10,900.8727
Netherlands,NLD,2021-W11,886.42834
Netherlands,NLD,2021-W12,879.20624
Netherlands,NLD,2021-W13,880.7946
Netherlands,NLD,2021-W14,889.2281
Netherlands,NLD,2021-W15,899.9928
Netherlands,NLD,2021-W16,911.79736
Netherlands,NLD,2021-W17,924.36755
Netherlands,NLD,2021-W18,934.1609
Netherlands,NLD,2021-W19,941.5316
Netherlands,NLD,2021-W20,950.6622
Netherlands,NLD,2021-W21,949.45087
Netherlands,NLD,2021-W22,960.52405
Netherlands,NLD,2021-W23,968.1462
Netherlands,NLD,2021-W24,975.814
Netherlands,NLD,2021-W25,973.0257
Netherlands,NLD,2021-W26,974.4656
Netherlands,NLD,2021-W27,974.05414
Netherlands,NLD,2021-W28,981.6763
Netherlands,NLD,2021-W29,982.40765
Netherlands,NLD,2021-W30,989.40125
Netherlands,NLD,2021-W31,1003.857
Netherlands,NLD,2021-W32,1010.01636
Netherlands,NLD,2021-W33,1022.60944
Netherlands,NLD,2021-W34,1035.2368
Netherlands,NLD,2021-W35,1043.9445
Netherlands,NLD,2021-W36,1067.9536
Netherlands,NLD,2021-W37,1077.6555
Netherlands,NLD,2021-W38,1086.6489
Netherlands,NLD,2021-W39,1102.2017
Netherlands,NLD,2021-W40,1116.3489
Netherlands,NLD,2021-W41,1124.5995
Netherlands,NLD,2021-W42,1148.1858
Netherlands,NLD,2021-W43,1175.7717
Netherlands,NLD,2021-W44,1211.2312
Netherlands,NLD,2021-W45,1259.1122
Netherlands,NLD,2021-W46,1319.095
Netherlands,NLD,2021-W47,1386.6542
Netherlands,NLD,2021-W48,1465.915
Netherlands,NLD,2021-W49,1540.3878
Netherlands,NLD,2021-W50,1590.1772
Netherlands,NLD,2021-W51,1624.494
Netherlands,NLD,2021-W52,1651.023
Netherlands,NLD,2022-W01,1652.0306
Netherlands,NLD,2022-W02,1633.339
Netherlands,NLD,2022-W03,1620.2839
Netherlands,NLD,2022-W04,1604.9742
Netherlands,NLD,2022-W05,1596.0753
Netherlands,NLD,2022-W06,1586.5957
Netherlands,NLD,2022-W07,1581.7506
Netherlands,NLD,2022-W08,1572.1344
Netherlands,NLD,2022-W09,1560.2635
Netherlands,NLD,2022-W10,1555.5436
Netherlands,NLD,2022-W11,1571.639
Netherlands,NLD,2022-W12,1596.2405
Netherlands,NLD,2022-W13,1618.4052
Netherlands,NLD,2022-W14,1648.586
Netherlands,NLD,2022-W15,1679.2682
Netherlands,NLD,2022-W16,1694.7031
Netherlands,NLD,2022-W17,1706.8586
Netherlands,NLD,2022-W18,1722.0544
Netherlands,NLD,2022-W19,1734.21
Netherlands,NLD,2022-W20,1745.6709
Netherlands,NLD,2022-W21,1749.7303
Netherlands,NLD,2022-W22,1756.6935
Netherlands,NLD,2022-W23,1766.3097
Netherlands,NLD,2022-W24,1780.5262
Netherlands,NLD,2022-W25,1802.5999
Netherlands,NLD,2022-W26,1820.1755
Netherlands,NLD,2022-W27,1825.9999
Netherlands,NLD,2022-W28,1844.2703
Netherlands,NLD,2022-W29,1866.7195
Netherlands,NLD,2022-W30,1884.7052
Netherlands,NLD,2022-W31,1897.8286
Netherlands,NLD,2022-W32,1910.7129
Netherlands,NLD,2022-W33,1932.1715
Netherlands,NLD,2022-W34,1949.7358
Netherlands,NLD,2022-W35,1963.4514
Netherlands,NLD,2022-W36,1976.9847
Netherlands,NLD,2022-W37,1979.45
Netherlands,NLD,2022-W38,1994.0764
Netherlands,NLD,2022-W39,2015.7515
Netherlands,NLD,2022-W40,2041.7762
Netherlands,NLD,2022-W41,2062.7795
Netherlands,NLD,2022-W42,2090.239
Netherlands,NLD,2022-W43,2111.891
Netherlands,NLD,2022-W44,2129.6035
Netherlands,NLD,2022-W45,2140.6772
Netherlands,NLD,2022-W46,2153.7893
Netherlands,NLD,2022-W47,2175.248
Netherlands,NLD,2022-W48,2197.9478
Netherlands,NLD,2022-W49,2227.776
Netherlands,NLD,2022-W50,2272.9192
Netherlands,NLD,2022-W51,2329.8596
Netherlands,NLD,2022-W52,2349.8525
Netherlands,NLD,2023-W01,2383.5222
Netherlands,NLD,2023-W02,2404.0237
Netherlands,NLD,2023-W03,2417.2031
Netherlands,NLD,2023-W04,2414.2288
Netherlands,NLD,2023-W05,2423.0378
Netherlands,NLD,2023-W06,2423.1514
Netherlands,NLD,2023-W07,2426.3525
Netherlands,NLD,2023-W08,2420.5972
Netherlands,NLD,2023-W09,2422.8677
Netherlands,NLD,2023-W10,2439.3052
Netherlands,NLD,2023-W11,2457.8198
Netherlands,NLD,2023-W12,2477.6062
Netherlands,NLD,2023-W13,2487.8115
Netherlands,NLD,2023-W14,2499.2542
Netherlands,NLD,2023-W15,2502.6824
Netherlands,NLD,2023-W16,2516.3955
Netherlands,NLD,2023-W17,2513.5574
Netherlands,NLD,2023-W18,2520.902
Netherlands,NLD,2023-W19,2524.251
Netherlands,NLD,2023-W20,2526.056
Netherlands,NLD,2023-W21,2531.38
Netherlands,NLD,2023-W22,2532.163
Netherlands,NLD,2023-W23,2548.4756
Netherlands,NLD,2023-W24,2572.2124
Netherlands,NLD,2023-W25,2586.1865
Netherlands,NLD,2023-W26,2590.909
Netherlands,NLD,2023-W27,2584.5405
Netherlands,NLD,2023-W28,2593.3608
Netherlands,NLD,2023-W29,2591.1926
Netherlands,NLD,2023-W30,2596.1533
Netherlands,NLD,2023-W31,2597.6292
Netherlands,NLD,2023-W32,2603.8613
Netherlands,NLD,2023-W33,2614.7817
Netherlands,NLD,2023-W34,2622.6714
Netherlands,NLD,2023-W35,2628.4268
Netherlands,NLD,2023-W36,2641.9468
Netherlands,NLD,2023-W37,2648.5193
Netherlands,NLD,2023-W38,2660.9155
Netherlands,NLD,2023-W39,2673.9814
Netherlands,NLD,2023-W40,2687.4675
Netherlands,NLD,2023-W41,2694.5852
Netherlands,NLD,2023-W42,2706.9473
Netherlands,NLD,2023-W43,2732.591
Netherlands,NLD,2023-W44,2761.7427
Netherlands,NLD,2023-W45,2790.86
Netherlands,NLD,2023-W46,2813.9497
Netherlands,NLD,2023-W47,2827.3677
Netherlands,NLD,2023-W48,2854.8503
Netherlands,NLD,2023-W49,2881.3796
Netherlands,NLD,2023-W50,2903.0842
Netherlands,NLD,2023-W51,2940.8064
Netherlands,NLD,2023-W52,2956.0293
New Caledonia,NCL,2020-W05,-13.965896
New Caledonia,NCL,2020-W09,16.759085
New Caledonia,NCL,2020-W14,76.81242
New Caledonia,NCL,2020-W18,-39.104496
New Caledonia,NCL,2020-W22,-40.501064
New Caledonia,NCL,2020-W27,-50.277203
New Caledonia,NCL,2020-W31,-69.13114
New Caledonia,NCL,2020-W36,-118.01177
New Caledonia,NCL,2020-W40,-231.83385
New Caledonia,NCL,2020-W44,-238.81679
New Caledonia,NCL,2020-W49,-351.94052
New Caledonia,NCL,2020-W53,-360.32007
New Caledonia,NCL,2021-W04,-374.55396
New Caledonia,NCL,2021-W08,-391.2317
New Caledonia,NCL,2021-W13,-455.16293
New Caledonia,NCL,2021-W17,-444.04446
New Caledonia,NCL,2021-W22,-492.68784
New Caledonia,NCL,2021-W26,-487.12857
New Caledonia,NCL,2021-W30,-528.8229
New Caledonia,NCL,2021-W35,-478.78973
New Caledonia,NCL,2021-W39,142.45561
New Caledonia,NCL,2021-W43,626.80457
New Caledonia,NCL,2021-W48,665.02435
New Caledonia,NCL,2021-W52,713.6677
New Caledonia,NCL,2022-W05,676.6474
New Caledonia,NCL,2022-W09,833.911
New Caledonia,NCL,2022-W13,954.61774
New Caledonia,NCL,2022-W17,1067.0475
New Caledonia,NCL,2022-W22,1120.1583
New Caledonia,NCL,2022-W26,1147.7485
New Caledonia,NCL,2022-W30,1259.4884
New Caledonia,NCL,2022-W35,1300.1838
New Caledonia,NCL,2022-W39,1345.7075
New Caledonia,NCL,2022-W44,1372.6079
New Caledonia,NCL,2022-W48,1339.4998
New Caledonia,NCL,2022-W52,1385.7131
New Caledonia,NCL,2023-W05,1321.1514
New Caledonia,NCL,2023-W09,1345.3833
New Caledonia,NCL,2023-W13,1425.5875
New Caledonia,NCL,2023-W17,1524.9043
New Caledonia,NCL,2023-W22,1531.3888
New Caledonia,NCL,2023-W26,1553.573
New Caledonia,NCL,2023-W31,1590.774
New Caledonia,NCL,2023-W35,1656.6439
New Caledonia,NCL,2023-W39,1706.8142
New Caledonia,NCL,2023-W44,1701.0122
New Caledonia,NCL,2023-W48,1697.258
New Caledonia,NCL,2023-W52,1809.544
New Zealand,NZL,2020-W01,-3.7541022
New Zealand,NZL,2020-W02,-12.92202
New Zealand,NZL,2020-W03,-7.3501396
New Zealand,NZL,2020-W04,-10.353424
New Zealand,NZL,2020-W05,-9.839709
New Zealand,NZL,2020-W06,-13.475266
New Zealand,NZL,2020-W07,-8.417112
New Zealand,NZL,2020-W08,-5.6904507
New Zealand,NZL,2020-W09,-9.800202
New Zealand,NZL,2020-W10,-11.025228
New Zealand,NZL,2020-W11,-16.280966
New Zealand,NZL,2020-W12,-16.8342
New Zealand,NZL,2020-W13,-20.785887
New Zealand,NZL,2020-W14,-21.141537
New Zealand,NZL,2020-W15,-16.083382
New Zealand,NZL,2020-W16,-14.621253
New Zealand,NZL,2020-W17,-16.992266
New Zealand,NZL,2020-W18,-34.814373
New Zealand,NZL,2020-W19,-42.836292
New Zealand,NZL,2020-W20,-49.90981
New Zealand,NZL,2020-W21,-63.306026
New Zealand,NZL,2020-W22,-82.43219
New Zealand,NZL,2020-W23,-99.26637
New Zealand,NZL,2020-W24,-111.87225
New Zealand,NZL,2020-W25,-127.16528
New Zealand,NZL,2020-W26,-145.81725
New Zealand,NZL,2020-W27,-166.0499
New Zealand,NZL,2020-W28,-191.02455
New Zealand,NZL,2020-W29,-204.10464
New Zealand,NZL,2020-W30,-221.05737
New Zealand,NZL,2020-W31,-239.82788
New Zealand,NZL,2020-W32,-266.02756
New Zealand,NZL,2020-W33,-290.0143
New Zealand,NZL,2020-W34,-304.00327
New Zealand,NZL,2020-W35,-328.8989
New Zealand,NZL,2020-W36,-343.24353
New Zealand,NZL,2020-W37,-362.9229
New Zealand,NZL,2020-W38,-383.86685
New Zealand,NZL,2020-W39,-398.84375
New Zealand,NZL,2020-W40,-405.24548
New Zealand,NZL,2020-W41,-422.3958
New Zealand,NZL,2020-W42,-429.98303
New Zealand,NZL,2020-W43,-423.26517
New Zealand,NZL,2020-W44,-437.96545
New Zealand,NZL,2020-W45,-441.8381
New Zealand,NZL,2020-W46,-450.0181
New Zealand,NZL,2020-W47,-457.40775
New Zealand,NZL,2020-W48,-453.0214
New Zealand,NZL,2020-W49,-447.80515
New Zealand,NZL,2020-W50,-447.6471
New Zealand,NZL,2020-W51,-438.16302
New Zealand,NZL,2020-W52,-438.1235
New Zealand,NZL,2020-W53,-422.4784
New Zealand,NZL,2021-W01,-413.14066
New Zealand,NZL,2021-W02,-414.9926
New Zealand,NZL,2021-W03,-409.12485
New Zealand,NZL,2021-W04,-416.00632
New Zealand,NZL,2021-W05,-412.9847
New Zealand,NZL,2021-W06,-407.6238
New Zealand,NZL,2021-W07,-410.64542
New Zealand,NZL,2021-W08,-414.0179
New Zealand,NZL,2021-W09,-412.24393
New Zealand,NZL,2021-W10,-414.64172
New Zealand,NZL,2021-W11,-416.7276
New Zealand,NZL,2021-W12,-416.31824
New Zealand,NZL,2021-W13,-409.7097
New Zealand,NZL,2021-W14,-412.22446
New Zealand,NZL,2021-W15,-413.88144
New Zealand,NZL,2021-W16,-419.4763
New Zealand,NZL,2021-W17,-413.84247
New Zealand,NZL,2021-W18,-415.0706
New Zealand,NZL,2021-W19,-424.17438
New Zealand,NZL,2021-W20,-421.23077
New Zealand,NZL,2021-W21,-427.2545
New Zealand,NZL,2021-W22,-433.2782
New Zealand,NZL,2021-W23,-440.54953
New Zealand,NZL,2021-W24,-436.82614
New Zealand,NZL,2021-W25,-450.1797
New Zealand,NZL,2021-W26,-463.1433
New Zealand,NZL,2021-W27,-461.4863
New Zealand,NZL,2021-W28,-460.41412
New Zealand,NZL,2021-W29,-464.1765
New Zealand,NZL,2021-W30,-469.03058
New Zealand,NZL,2021-W31,-469.82983
New Zealand,NZL,2021-W32,-469.96628
New Zealand,NZL,2021-W33,-469.47894
New Zealand,NZL,2021-W34,-476.08746
New Zealand,NZL,2021-W35,-476.88672
New Zealand,NZL,2021-W36,-477.21814
New Zealand,NZL,2021-W37,-495.4842
New Zealand,NZL,2021-W38,-509.34457
New Zealand,NZL,2021-W39,-519.65704
New Zealand,NZL,2021-W40,-529.8915
New Zealand,NZL,2021-W41,-541.17865
New Zealand,NZL,2021-W42,-538.93677
New Zealand,NZL,2021-W43,-544.6096
New Zealand,NZL,2021-W44,-548.9958
New Zealand,NZL,2021-W45,-549.13226
New Zealand,NZL,2021-W46,-543.9663
New Zealand,NZL,2021-W47,-549.3272
New Zealand,NZL,2021-W48,-550.86725
New Zealand,NZL,2021-W49,-543.5959
New Zealand,NZL,2021-W50,-553.20654
New Zealand,NZL,2021-W51,-539.97
New Zealand,NZL,2021-W52,-537.05786
New Zealand,NZL,2022-W01,-528.8038
New Zealand,NZL,2022-W02,-537.21216
New Zealand,NZL,2022-W03,-538.56213
New Zealand,NZL,2022-W04,-539.4107
New Zealand,NZL,2022-W05,-535.09076
New Zealand,NZL,2022-W06,-525.75665
New Zealand,NZL,2022-W07,-521.4367
New Zealand,NZL,2022-W08,-522.86383
New Zealand,NZL,2022-W09,-514.57117
New Zealand,NZL,2022-W10,-497.48438
New Zealand,NZL,2022-W11,-473.9177
New Zealand,NZL,2022-W12,-454.24667
New Zealand,NZL,2022-W13,-435.96417
New Zealand,NZL,2022-W14,-427.86432
New Zealand,NZL,2022-W15,-406.95905
New Zealand,NZL,2022-W16,-394.385
New Zealand,NZL,2022-W17,-386.32373
New Zealand,NZL,2022-W18,-379.45816
New Zealand,NZL,2022-W19,-360.13425
New Zealand,NZL,2022-W20,-344.706
New Zealand,NZL,2022-W21,-323.685
New Zealand,NZL,2022-W22,-311.14954
New Zealand,NZL,2022-W23,-303.51254
New Zealand,NZL,2022-W24,-279.213
New Zealand,NZL,2022-W25,-263.3219
New Zealand,NZL,2022-W26,-252.63783
New Zealand,NZL,2022-W27,-234.43248
New Zealand,NZL,2022-W28,-211.59865
New Zealand,NZL,2022-W29,-198.56177
New Zealand,NZL,2022-W30,-165.19815
New Zealand,NZL,2022-W31,-155.59406
New Zealand,NZL,2022-W32,-163.46248
New Zealand,NZL,2022-W33,-154.51407
New Zealand,NZL,2022-W34,-153.35695
New Zealand,NZL,2022-W35,-152.2384
New Zealand,NZL,2022-W36,-147.37851
New Zealand,NZL,2022-W37,-155.63263
New Zealand,NZL,2022-W38,-152.58554
New Zealand,NZL,2022-W39,-155.47835
New Zealand,NZL,2022-W40,-154.82263
New Zealand,NZL,2022-W41,-158.87256
New Zealand,NZL,2022-W42,-145.48853
New Zealand,NZL,2022-W43,-139.7415
New Zealand,NZL,2022-W44,-134.07161
New Zealand,NZL,2022-W45,-135.19016
New Zealand,NZL,2022-W46,-132.22021
New Zealand,NZL,2022-W47,-121.729
New Zealand,NZL,2022-W48,-125.58606
New Zealand,NZL,2022-W49,-112.04776
New Zealand,NZL,2022-W50,-98.43232
New Zealand,NZL,2022-W51,-91.14247
New Zealand,NZL,2022-W52,-78.15458
New Zealand,NZL,2023-W01,-58.128185
New Zealand,NZL,2023-W02,-57.496983
New Zealand,NZL,2023-W03,-43.93565
New Zealand,NZL,2023-W04,-37.336697
New Zealand,NZL,2023-W05,-40.148426
New Zealand,NZL,2023-W06,-42.19506
New Zealand,NZL,2023-W07,-30.087416
New Zealand,NZL,2023-W08,-23.48846
New Zealand,NZL,2023-W09,-18.917007
New Zealand,NZL,2023-W10,-13.083149
New Zealand,NZL,2023-W11,-18.037151
New Zealand,NZL,2023-W12,-15.95226
New Zealand,NZL,2023-W13,-9.697597
New Zealand,NZL,2023-W14,0.22953118
New Zealand,NZL,2023-W15,3.1560216
New Zealand,NZL,2023-W16,11.97375
New Zealand,NZL,2023-W17,6.3694234
New Zealand,NZL,2023-W18,1.4919351
New Zealand,NZL,2023-W19,2.8499763
New Zealand,NZL,2023-W20,14.307296
New Zealand,NZL,2023-W21,22.512957
New Zealand,NZL,2023-W22,21.537464
New Zealand,NZL,2023-W23,21.6331
New Zealand,NZL,2023-W24,30.22131
New Zealand,NZL,2023-W25,27.02703
New Zealand,NZL,2023-W26,23.450205
New Zealand,NZL,2023-W27,26.185421
New Zealand,NZL,2023-W28,24.521334
New Zealand,NZL,2023-W29,20.408943
New Zealand,NZL,2023-W30,2.0275118
New Zealand,NZL,2023-W31,-7.59357
New Zealand,NZL,2023-W32,-27.275673
New Zealand,NZL,2023-W33,-35.63435
New Zealand,NZL,2023-W34,-22.455564
New Zealand,NZL,2023-W35,-15.62708
New Zealand,NZL,2023-W36,-3.9402406
New Zealand,NZL,2023-W37,-4.49494
New Zealand,NZL,2023-W38,2.9073677
New Zealand,NZL,2023-W39,1.1667787
New Zealand,NZL,2023-W40,3.9019952
New Zealand,NZL,2023-W41,8.855997
New Zealand,NZL,2023-W42,20.00727
New Zealand,NZL,2023-W43,15.550589
New Zealand,NZL,2023-W44,22.876383
New Zealand,NZL,2023-W45,24.234423
New Zealand,NZL,2023-W46,30.603846
New Zealand,NZL,2023-W47,39.651108
New Zealand,NZL,2023-W48,57.99429
New Zealand,NZL,2023-W49,72.741516
New Zealand,NZL,2023-W50,78.00155
New Zealand,NZL,2023-W51,85.59513
New Zealand,NZL,2023-W52,99.53902
Nicaragua,NIC,2020-W05,-5.9651637
Nicaragua,NIC,2020-W09,7.2529197
Nicaragua,NIC,2020-W14,-4.070516
Nicaragua,NIC,2020-W18,4.4109664
Nicaragua,NIC,2020-W22,527.7905
Nicaragua,NIC,2020-W27,1043.6803
Nicaragua,NIC,2020-W31,1191.3291
Nicaragua,NIC,2020-W36,1214.1388
Nicaragua,NIC,2020-W40,1194.3783
Nicaragua,NIC,2020-W44,1180.7457
Nicaragua,NIC,2020-W49,1192.01
Nicaragua,NIC,2020-W53,1212.481
Nicaragua,NIC,2021-W04,1209.743
Nicaragua,NIC,2021-W08,1215.9615
Nicaragua,NIC,2021-W13,1229.5078
Nicaragua,NIC,2021-W17,1251.1996
Nicaragua,NIC,2021-W22,1314.1434
Nicaragua,NIC,2021-W26,1402.1073
Nicaragua,NIC,2021-W30,1537.8337
Nicaragua,NIC,2021-W35,1752.0355
Nicaragua,NIC,2021-W39,2345.5356
Nicaragua,NIC,2021-W43,2604.5225
Nicaragua,NIC,2021-W48,2626.1848
Nicaragua,NIC,2021-W52,2620.1416
Nicaragua,NIC,2022-W05,2569.3416
Nicaragua,NIC,2022-W09,2639.1418
Nicaragua,NIC,2022-W13,2669.6814
Nicaragua,NIC,2022-W17,2660.1826
Nicaragua,NIC,2022-W22,2680.2737
Nicaragua,NIC,2022-W26,2711.7917
Nicaragua,NIC,2022-W30,2739.3088
Nicaragua,NIC,2022-W35,2727.9106
Nicaragua,NIC,2022-W39,2721.4631
Nicaragua,NIC,2022-W44,2705.1428
Nicaragua,NIC,2022-W48,2673.452
Nicaragua,NIC,2022-W52,2660.4993
Nicaragua,NIC,2023-W05,2626.4663
Nicaragua,NIC,2023-W09,2620.2644
Nicaragua,NIC,2023-W13,2618.7742
Nicaragua,NIC,2023-W17,2616.5461
Nicaragua,NIC,2023-W22,2618.377
Nicaragua,NIC,2023-W26,2633.6047
Nicaragua,NIC,2023-W31,2646.0225
Nicaragua,NIC,2023-W35,2632.9802
Nicaragua,NIC,2023-W39,2611.9055
Nicaragua,NIC,2023-W44,2594.2935
Nicaragua,NIC,2023-W48,2566.7754
Nicaragua,NIC,2023-W52,2541.8403
North Macedonia,MKD,2020-W05,-72.237976
North Macedonia,MKD,2020-W09,-66.50632
North Macedonia,MKD,2020-W14,-84.64873
North Macedonia,MKD,2020-W18,-15.442393
North Macedonia,MKD,2020-W22,10.847492
North Macedonia,MKD,2020-W27,213.54016
North Macedonia,MKD,2020-W31,369.05313
North Macedonia,MKD,2020-W36,504.7658
North Macedonia,MKD,2020-W40,642.3732
North Macedonia,MKD,2020-W44,933.64624
North Macedonia,MKD,2020-W49,1980.931
North Macedonia,MKD,2020-W53,2683.7473
North Macedonia,MKD,2021-W04,2884.047
North Macedonia,MKD,2021-W08,3012.4626
North Macedonia,MKD,2021-W13,3475.3955
North Macedonia,MKD,2021-W17,4242.798
North Macedonia,MKD,2021-W22,4514.5103
North Macedonia,MKD,2021-W26,4642.355
North Macedonia,MKD,2021-W30,4717.141
North Macedonia,MKD,2021-W35,5298.8384
North Macedonia,MKD,2021-W39,5904.782
North Macedonia,MKD,2021-W43,6199.981
North Macedonia,MKD,2021-W48,6490.4253
North Macedonia,MKD,2021-W52,6749.396
North Macedonia,MKD,2022-W05,6858.884
North Macedonia,MKD,2022-W09,7477.5293
North Macedonia,MKD,2022-W13,7661.327
North Macedonia,MKD,2022-W17,7697.7236
North Macedonia,MKD,2022-W22,7677.9487
North Macedonia,MKD,2022-W26,7697.532
North Macedonia,MKD,2022-W30,7760.295
North Macedonia,MKD,2022-W35,7897.6655
North Macedonia,MKD,2022-W39,7952.404
North Macedonia,MKD,2022-W44,7953.359
North Macedonia,MKD,2022-W48,7955.2695
North Macedonia,MKD,2022-W52,7957.562
North Macedonia,MKD,2023-W05,7818.8335
North Macedonia,MKD,2023-W09,7798.792
North Macedonia,MKD,2023-W13,7828.4224
North Macedonia,MKD,2023-W17,7828.039
North Macedonia,MKD,2023-W22,7843.6694
North Macedonia,MKD,2023-W26,7847.0254
North Macedonia,MKD,2023-W31,7902.8345
North Macedonia,MKD,2023-W35,7943.397
North Macedonia,MKD,2023-W39,7989.2334
North Macedonia,MKD,2023-W44,7975.329
North Macedonia,MKD,2023-W48,8016.5625
North Macedonia,MKD,2023-W52,8062.4946
Norway,NOR,2020-W01,-11.691811
Norway,NOR,2020-W02,-5.353332
Norway,NOR,2020-W03,-18.420643
Norway,NOR,2020-W04,-22.677282
Norway,NOR,2020-W05,-37.38033
Norway,NOR,2020-W06,-50.075882
Norway,NOR,2020-W07,-53.774883
Norway,NOR,2020-W08,-63.942482
Norway,NOR,2020-W09,-71.69365
Norway,NOR,2020-W10,-84.42638
Norway,NOR,2020-W11,-84.7052
Norway,NOR,2020-W12,-85.83906
Norway,NOR,2020-W13,-72.39999
Norway,NOR,2020-W14,-66.61915
Norway,NOR,2020-W15,-56.30285
Norway,NOR,2020-W16,-47.10182
Norway,NOR,2020-W17,-47.678043
Norway,NOR,2020-W18,-46.395473
Norway,NOR,2020-W19,-45.447495
Norway,NOR,2020-W20,-52.6782
Norway,NOR,2020-W21,-51.20975
Norway,NOR,2020-W22,-60.931236
Norway,NOR,2020-W23,-67.93889
Norway,NOR,2020-W24,-66.24739
Norway,NOR,2020-W25,-63.589317
Norway,NOR,2020-W26,-72.93904
Norway,NOR,2020-W27,-82.623344
Norway,NOR,2020-W28,-92.04743
Norway,NOR,2020-W29,-86.48963
Norway,NOR,2020-W30,-84.72378
Norway,NOR,2020-W31,-75.11382
Norway,NOR,2020-W32,-71.489174
Norway,NOR,2020-W33,-66.712074
Norway,NOR,2020-W34,-61.451694
Norway,NOR,2020-W35,-67.90171
Norway,NOR,2020-W36,-70.5226
Norway,NOR,2020-W37,-56.191315
Norway,NOR,2020-W38,-46.358295
Norway,NOR,2020-W39,-45.559017
Norway,NOR,2020-W40,-35.651653
Norway,NOR,2020-W41,-36.934223
Norway,NOR,2020-W42,-43.570118
Norway,NOR,2020-W43,-37.19446
Norway,NOR,2020-W44,-30.298344
Norway,NOR,2020-W45,-27.788975
Norway,NOR,2020-W46,-28.29085
Norway,NOR,2020-W47,-24.40597
Norway,NOR,2020-W48,-28.216494
Norway,NOR,2020-W49,-34.852386
Norway,NOR,2020-W50,-31.711021
Norway,NOR,2020-W51,-34.183212
Norway,NOR,2020-W52,-42.529198
Norway,NOR,2020-W53,-48.991135
Norway,NOR,2021-W01,-66.000145
Norway,NOR,2021-W02,-75.23572
Norway,NOR,2021-W03,-83.805
Norway,NOR,2021-W04,-89.89419
Norway,NOR,2021-W05,-108.79102
Norway,NOR,2021-W06,-118.100624
Norway,NOR,2021-W07,-137.88586
Norway,NOR,2021-W08,-158.18932
Norway,NOR,2021-W09,-190.15292
Norway,NOR,2021-W10,-204.49675
Norway,NOR,2021-W11,-211.99255
Norway,NOR,2021-W12,-220.89497
Norway,NOR,2021-W13,-232.31451
Norway,NOR,2021-W14,-235.99765
Norway,NOR,2021-W15,-242.38297
Norway,NOR,2021-W16,-244.88156
Norway,NOR,2021-W17,-245.4553
Norway,NOR,2021-W18,-253.98756
Norway,NOR,2021-W19,-259.15134
Norway,NOR,2021-W20,-256.35663
Norway,NOR,2021-W21,-257.11545
Norway,NOR,2021-W22,-254.95
Norway,NOR,2021-W23,-252.30333
Norway,NOR,2021-W24,-258.94775
Norway,NOR,2021-W25,-263.88943
Norway,NOR,2021-W26,-266.35104
Norway,NOR,2021-W27,-262.48282
Norway,NOR,2021-W28,-262.61237
Norway,NOR,2021-W29,-256.5232
Norway,NOR,2021-W30,-251.9887
Norway,NOR,2021-W31,-238.53325
Norway,NOR,2021-W32,-226.96565
Norway,NOR,2021-W33,-212.21465
Norway,NOR,2021-W34,-199.75865
Norway,NOR,2021-W35,-188.96838
Norway,NOR,2021-W36,-177.51183
Norway,NOR,2021-W37,-156.76419
Norway,NOR,2021-W38,-138.27452
Norway,NOR,2021-W39,-125.818535
Norway,NOR,2021-W40,-111.88189
Norway,NOR,2021-W41,-101.49881
Norway,NOR,2021-W42,-83.49037
Norway,NOR,2021-W43,-58.81899
Norway,NOR,2021-W44,-28.447096
Norway,NOR,2021-W45,7.5512834
Norway,NOR,2021-W46,32.592827
Norway,NOR,2021-W47,63.853123
Norway,NOR,2021-W48,95.96478
Norway,NOR,2021-W49,137.66368
Norway,NOR,2021-W50,166.33282
Norway,NOR,2021-W51,190.70808
Norway,NOR,2021-W52,199.19676
Norway,NOR,2022-W01,205.28767
Norway,NOR,2022-W02,204.20198
Norway,NOR,2022-W03,188.87349
Norway,NOR,2022-W04,177.85095
Norway,NOR,2022-W05,182.80098
Norway,NOR,2022-W06,187.16214
Norway,NOR,2022-W07,193.25305
Norway,NOR,2022-W08,216.12617
Norway,NOR,2022-W09,233.84688
Norway,NOR,2022-W10,245.53186
Norway,NOR,2022-W11,275.6184
Norway,NOR,2022-W12,307.06665
Norway,NOR,2022-W13,327.91562
Norway,NOR,2022-W14,355.53635
Norway,NOR,2022-W15,369.79755
Norway,NOR,2022-W16,383.6907
Norway,NOR,2022-W17,395.2653
Norway,NOR,2022-W18,412.36035
Norway,NOR,2022-W19,429.86023
Norway,NOR,2022-W20,451.96048
Norway,NOR,2022-W21,455.8064
Norway,NOR,2022-W22,472.68063
Norway,NOR,2022-W23,484.88086
Norway,NOR,2022-W24,500.72458
Norway,NOR,2022-W25,531.6944
Norway,NOR,2022-W26,544.7043
Norway,NOR,2022-W27,564.7436
Norway,NOR,2022-W28,594.79333
Norway,NOR,2022-W29,621.0892
Norway,NOR,2022-W30,635.9024
Norway,NOR,2022-W31,658.48114
Norway,NOR,2022-W32,672.19025
Norway,NOR,2022-W33,694.40094
Norway,NOR,2022-W34,704.945
Norway,NOR,2022-W35,710.88873
Norway,NOR,2022-W36,730.376
Norway,NOR,2022-W37,747.5078
Norway,NOR,2022-W38,770.67535
Norway,NOR,2022-W39,790.2362
Norway,NOR,2022-W40,805.7487
Norway,NOR,2022-W41,826.00885
Norway,NOR,2022-W42,845.20166
Norway,NOR,2022-W43,862.00226
Norway,NOR,2022-W44,882.81445
Norway,NOR,2022-W45,897.6277
Norway,NOR,2022-W46,916.26843
Norway,NOR,2022-W47,945.1405
Norway,NOR,2022-W48,968.9705
Norway,NOR,2022-W49,991.8436
Norway,NOR,2022-W50,1029.3644
Norway,NOR,2022-W51,1072.3688
Norway,NOR,2022-W52,1112.4033
Norway,NOR,2023-W01,1145.3021
Norway,NOR,2023-W02,1173.9995
Norway,NOR,2023-W03,1174.858
Norway,NOR,2023-W04,1175.607
Norway,NOR,2023-W05,1172.3007
Norway,NOR,2023-W06,1170.6019
Norway,NOR,2023-W07,1164.4094
Norway,NOR,2023-W08,1160.2628
Norway,NOR,2023-W09,1144.9733
Norway,NOR,2023-W10,1139.2192
Norway,NOR,2023-W11,1143.3293
Norway,NOR,2023-W12,1149.8871
Norway,NOR,2023-W13,1156.8834
Norway,NOR,2023-W14,1155.6229
Norway,NOR,2023-W15,1160.4637
Norway,NOR,2023-W16,1174.2552
Norway,NOR,2023-W17,1182.8225
Norway,NOR,2023-W18,1188.8323
Norway,NOR,2023-W19,1203.4641
Norway,NOR,2023-W20,1201.1077
Norway,NOR,2023-W21,1209.3096
Norway,NOR,2023-W22,1226.4258
Norway,NOR,2023-W23,1238.5367
Norway,NOR,2023-W24,1253.3512
Norway,NOR,2023-W25,1258.7035
Norway,NOR,2023-W26,1276.7329
Norway,NOR,2023-W27,1277.2627
Norway,NOR,2023-W28,1284.0763
Norway,NOR,2023-W29,1286.4327
Norway,NOR,2023-W30,1292.0042
Norway,NOR,2023-W31,1310.2163
Norway,NOR,2023-W32,1317.6144
Norway,NOR,2023-W33,1320.665
Norway,NOR,2023-W34,1327.2959
Norway,NOR,2023-W35,1332.2828
Norway,NOR,2023-W36,1347.7915
Norway,NOR,2023-W37,1371.9221
Norway,NOR,2023-W38,1389.2574
Norway,NOR,2023-W39,1406.1179
Norway,NOR,2023-W40,1415.4888
Norway,NOR,2023-W41,1425.0059
Norway,NOR,2023-W42,1444.4237
Norway,NOR,2023-W43,1458.7267
Norway,NOR,2023-W44,1480.3
Norway,NOR,2023-W45,1502.677
Norway,NOR,2023-W46,1528.3055
Norway,NOR,2023-W47,1565.3693
Norway,NOR,2023-W48,1588.1116
Norway,NOR,2023-W49,1607.712
Norway,NOR,2023-W50,1625.0475
Norway,NOR,2023-W51,1653.1238
Norway,NOR,2023-W52,1659.9008
Oman,OMN,2020-W05,-6.4489036
Oman,OMN,2020-W09,-7.087197
Oman,OMN,2020-W14,-34.35749
Oman,OMN,2020-W18,-50.974983
Oman,OMN,2020-W22,-62.442142
Oman,OMN,2020-W27,-33.851254
Oman,OMN,2020-W31,27.050196
Oman,OMN,2020-W36,83.065445
Oman,OMN,2020-W40,158.97766
Oman,OMN,2020-W44,239.55597
Oman,OMN,2020-W49,276.42258
Oman,OMN,2020-W53,292.4238
Oman,OMN,2021-W04,289.41656
Oman,OMN,2021-W08,296.7388
Oman,OMN,2021-W13,317.11276
Oman,OMN,2021-W17,401.06415
Oman,OMN,2021-W22,503.24368
Oman,OMN,2021-W26,724.87976
Oman,OMN,2021-W30,950.8959
Oman,OMN,2021-W35,1002.77094
Oman,OMN,2021-W39,994.56384
Oman,OMN,2021-W43,993.4799
Oman,OMN,2021-W48,989.3874
Oman,OMN,2021-W52,990.4271
Oman,OMN,2022-W05,987.89417
Oman,OMN,2022-W09,1027.9047
Oman,OMN,2022-W13,1026.3969
Oman,OMN,2022-W17,1012.084
Oman,OMN,2022-W22,1001.7919
Oman,OMN,2022-W26,976.422
Oman,OMN,2022-W30,975.26385
Oman,OMN,2022-W35,982.5842
Oman,OMN,2022-W39,971.19946
Oman,OMN,2022-W44,982.14716
Oman,OMN,2022-W48,976.575
Oman,OMN,2022-W52,958.591
Oman,OMN,2023-W05,919.9283
Oman,OMN,2023-W09,892.38965
Oman,OMN,2023-W13,869.5879
Oman,OMN,2023-W17,861.72894
Oman,OMN,2023-W22,856.9705
Oman,OMN,2023-W26,848.3364
Oman,OMN,2023-W31,832.98456
Oman,OMN,2023-W35,815.2212
Oman,OMN,2023-W39,793.6683
Oman,OMN,2023-W44,794.1204
Oman,OMN,2023-W48,787.338
Oman,OMN,2023-W52,776.93835
Palestine,PSE,2020-W05,-3.7454722
Palestine,PSE,2020-W09,4.8611126
Palestine,PSE,2020-W14,-5.2596145
Palestine,PSE,2020-W18,-36.199535
Palestine,PSE,2020-W22,-41.339592
Palestine,PSE,2020-W27,-56.6402
Palestine,PSE,2020-W31,-41.459126
Palestine,PSE,2020-W36,-35.840927
Palestine,PSE,2020-W40,8.028798
Palestine,PSE,2020-W44,40.74183
Palestine,PSE,2020-W49,98.4578
Palestine,PSE,2020-W53,238.55402
Palestine,PSE,2021-W04,282.28885
Palestine,PSE,2021-W08,311.06125
Palestine,PSE,2021-W13,449.5077
Palestine,PSE,2021-W17,590.5839
Palestine,PSE,2021-W22,680.32965
Palestine,PSE,2021-W26,700.7255
Palestine,PSE,2021-W30,710.7968
Palestine,PSE,2021-W35,729.04987
Palestine,PSE,2021-W39,834.96423
Palestine,PSE,2021-W43,896.8531
Palestine,PSE,2021-W48,889.87915
Palestine,PSE,2021-W52,922.9372
Panama,PAN,2020-W05,55.60743
Panama,PAN,2020-W09,44.56977
Panama,PAN,2020-W14,-53.27878
Panama,PAN,2020-W18,-431.12048
Panama,PAN,2020-W22,-245.4364
Panama,PAN,2020-W27,-117.08294
Panama,PAN,2020-W31,99.059456
Panama,PAN,2020-W36,308.6817
Panama,PAN,2020-W40,454.8724
Panama,PAN,2020-W44,531.81
Panama,PAN,2020-W49,619.9715
Panama,PAN,2020-W53,702.2183
Panama,PAN,2021-W04,994.3088
Panama,PAN,2021-W08,1317.5941
Panama,PAN,2021-W13,1475.4563
Panama,PAN,2021-W17,1507.0563
Panama,PAN,2021-W22,1522.3392
Panama,PAN,2021-W26,1563.086
Panama,PAN,2021-W30,1611.6466
Panama,PAN,2021-W35,1687.7855
Panama,PAN,2021-W39,1729.5894
Panama,PAN,2021-W43,1724.4185
Paraguay,PRY,2020-W05,9.201188
Paraguay,PRY,2020-W09,63.728497
Paraguay,PRY,2020-W14,107.98189
Paraguay,PRY,2020-W18,93.945915
Paraguay,PRY,2020-W22,51.958828
Paraguay,PRY,2020-W27,-10.817849
Paraguay,PRY,2020-W31,-52.23083
Paraguay,PRY,2020-W36,6.617584
Paraguay,PRY,2020-W40,98.01014
Paraguay,PRY,2020-W44,201.03639
Paraguay,PRY,2020-W49,282.81982
Paraguay,PRY,2020-W53,401.49872
Paraguay,PRY,2021-W04,464.6169
Paraguay,PRY,2021-W08,581.1627
Paraguay,PRY,2021-W13,879.2473
Paraguay,PRY,2021-W17,1434.38
Paraguay,PRY,2021-W22,2132.4167
Paraguay,PRY,2021-W26,2732.2107
Paraguay,PRY,2021-W30,3012.9917
Paraguay,PRY,2021-W35,3113.666
Paraguay,PRY,2021-W39,3130.1191
Paraguay,PRY,2021-W43,3158.0586
Paraguay,PRY,2021-W48,3203.8088
Paraguay,PRY,2021-W52,3308.958
Paraguay,PRY,2022-W05,3809.493
Paraguay,PRY,2022-W09,4017.0808
Paraguay,PRY,2022-W13,4059.2
Paraguay,PRY,2022-W17,4072.7383
Paraguay,PRY,2022-W22,4085.9817
Paraguay,PRY,2022-W26,4116.834
Paraguay,PRY,2022-W30,4154.6763
Paraguay,PRY,2022-W35,4142.318
Paraguay,PRY,2022-W39,4126.4785
Paraguay,PRY,2022-W44,4127.452
Paraguay,PRY,2022-W48,4137.923
Paraguay,PRY,2022-W52,4178.656
Paraguay,PRY,2023-W05,4149.718
Paraguay,PRY,2023-W09,4228.563
Paraguay,PRY,2023-W13,4354.6284
Paraguay,PRY,2023-W17,4442.393
Paraguay,PRY,2023-W22,4484.3955
Paraguay,PRY,2023-W26,4478.799
Paraguay,PRY,2023-W31,4430.1216
Paraguay,PRY,2023-W35,4374.828
Paraguay,PRY,2023-W39,4354.133
Paraguay,PRY,2023-W44,4334.7495
Paraguay,PRY,2023-W48,4321.837
Paraguay,PRY,2023-W52,4341.4536
Peru,PER,2020-W01,1.8315696
Peru,PER,2020-W02,-0.34829408
Peru,PER,2020-W03,-6.173286
Peru,PER,2020-W04,-10.530015
Peru,PER,2020-W05,-22.918627
Peru,PER,2020-W06,-28.470383
Peru,PER,2020-W07,-34.295372
Peru,PER,2020-W08,-42.948788
Peru,PER,2020-W09,-52.502975
Peru,PER,2020-W10,-58.532143
Peru,PER,2020-W11,-64.70543
Peru,PER,2020-W12,-76.5836
Peru,PER,2020-W13,-88.2486
Peru,PER,2020-W14,-93.370995
Peru,PER,2020-W15,-91.041
Peru,PER,2020-W16,-73.27777
Peru,PER,2020-W17,-24.834255
Peru,PER,2020-W18,50.65344
Peru,PER,2020-W19,152.74994
Peru,PER,2020-W20,270.09952
Peru,PER,2020-W21,397.37857
Peru,PER,2020-W22,529.27264
Peru,PER,2020-W23,660.68024
Peru,PER,2020-W24,793.1027
Peru,PER,2020-W25,917.148
Peru,PER,2020-W26,1027.3064
Peru,PER,2020-W27,1137.9242
Peru,PER,2020-W28,1261.4711
Peru,PER,2020-W29,1391.5305
Peru,PER,2020-W30,1522.9471
Peru,PER,2020-W31,1658.2792
Peru,PER,2020-W32,1797.016
Peru,PER,2020-W33,1927.4658
Peru,PER,2020-W34,2037.5281
Peru,PER,2020-W35,2127.254
Peru,PER,2020-W36,2190.161
Peru,PER,2020-W37,2238.4243
Peru,PER,2020-W38,2273.107
Peru,PER,2020-W39,2294.3381
Peru,PER,2020-W40,2310.0627
Peru,PER,2020-W41,2321.2922
Peru,PER,2020-W42,2327.2915
Peru,PER,2020-W43,2333.705
Peru,PER,2020-W44,2333.6628
Peru,PER,2020-W45,2337.7344
Peru,PER,2020-W46,2345.9314
Peru,PER,2020-W47,2350.012
Peru,PER,2020-W48,2352.7744
Peru,PER,2020-W49,2355.855
Peru,PER,2020-W50,2361.4158
Peru,PER,2020-W51,2373.8823
Peru,PER,2020-W52,2387.316
Peru,PER,2020-W53,2378.7512
Peru,PER,2021-W01,2420.1182
Peru,PER,2021-W02,2482.6917
Peru,PER,2021-W03,2579.3418
Peru,PER,2021-W04,2707.627
Peru,PER,2021-W05,2842.0906
Peru,PER,2021-W06,3001.329
Peru,PER,2021-W07,3160.188
Peru,PER,2021-W08,3305.3528
Peru,PER,2021-W09,3451.4905
Peru,PER,2021-W10,3598.96
Peru,PER,2021-W11,3745.934
Peru,PER,2021-W12,3899.828
Peru,PER,2021-W13,4065.9385
Peru,PER,2021-W14,4250.1597
Peru,PER,2021-W15,4435.908
Peru,PER,2021-W16,4612.391
Peru,PER,2021-W17,4774.566
Peru,PER,2021-W18,4916.296
Peru,PER,2021-W19,5040.429
Peru,PER,2021-W20,5146.167
Peru,PER,2021-W21,5236.1377
Peru,PER,2021-W22,5314.585
Peru,PER,2021-W23,5371.0576
Peru,PER,2021-W24,5414.533
Peru,PER,2021-W25,5445.03
Peru,PER,2021-W26,5469.606
Peru,PER,2021-W27,5485.729
Peru,PER,2021-W28,5497.356
Peru,PER,2021-W29,5503.976
Peru,PER,2021-W30,5507.052
Peru,PER,2021-W31,5508.443
Peru,PER,2021-W32,5509.315
Peru,PER,2021-W33,5508.327
Peru,PER,2021-W34,5513.2803
Peru,PER,2021-W35,5511.6133
Peru,PER,2021-W36,5507.6333
Peru,PER,2021-W37,5503.3267
Peru,PER,2021-W38,5499.3696
Peru,PER,2021-W39,5493.1025
Peru,PER,2021-W40,5492.622
Peru,PER,2021-W41,5487.6187
Peru,PER,2021-W42,5480.278
Peru,PER,2021-W43,5472.7646
Peru,PER,2021-W44,5469.031
Peru,PER,2021-W45,5463.748
Peru,PER,2021-W46,5461.5654
Peru,PER,2021-W47,5460.8267
Peru,PER,2021-W48,5464.3057
Peru,PER,2021-W49,5469.766
Peru,PER,2021-W50,5471.246
Peru,PER,2021-W51,5476.6445
Peru,PER,2021-W52,5434.4507
Peru,PER,2022-W01,5461.1177
Peru,PER,2022-W02,5495.277
Peru,PER,2022-W03,5547.216
Peru,PER,2022-W04,5607.225
Peru,PER,2022-W05,5661.1816
Peru,PER,2022-W06,5705.8076
Peru,PER,2022-W07,5734.7656
Peru,PER,2022-W08,5750.102
Peru,PER,2022-W09,5760.698
Peru,PER,2022-W10,5771.371
Peru,PER,2022-W11,5778.593
Peru,PER,2022-W12,5780.781
Peru,PER,2022-W13,5783.471
Peru,PER,2022-W14,5788.4844
Peru,PER,2022-W15,5793.5767
Peru,PER,2022-W16,5797.618
Peru,PER,2022-W17,5802.655
Peru,PER,2022-W18,5805.1924
Peru,PER,2022-W19,5815.122
Peru,PER,2022-W20,5816.523
Peru,PER,2022-W21,5820.056
Peru,PER,2022-W22,5825.204
Peru,PER,2022-W23,5824.6196
Peru,PER,2022-W24,5826.6494
Peru,PER,2022-W25,5826.0205
Peru,PER,2022-W26,5829.883
Peru,PER,2022-W27,5830.376
Peru,PER,2022-W28,5837.824
Peru,PER,2022-W29,5845.313
Peru,PER,2022-W30,5853.88
Peru,PER,2022-W31,5868.682
Peru,PER,2022-W32,5878.732
Peru,PER,2022-W33,5892.641
Peru,PER,2022-W34,5899.1494
Peru,PER,2022-W35,5906.97
Peru,PER,2022-W36,5912.4683
Peru,PER,2022-W37,5913.8223
Peru,PER,2022-W38,5911.0293
Peru,PER,2022-W39,5905.7573
Peru,PER,2022-W40,5901.3433
Philippines,PHL,2020-W05,-15.14382
Philippines,PHL,2020-W09,-36.550186
Philippines,PHL,2020-W14,-82.175964
Philippines,PHL,2020-W18,-132.92871
Philippines,PHL,2020-W22,-151.24568
Philippines,PHL,2020-W27,-158.60991
Philippines,PHL,2020-W31,-137.6724
Philippines,PHL,2020-W36,-110.41353
Philippines,PHL,2020-W40,-98.12554
Philippines,PHL,2020-W44,-100.974266
Philippines,PHL,2020-W49,-103.82832
Philippines,PHL,2020-W53,-99.26645
Philippines,PHL,2021-W04,-65.07444
Philippines,PHL,2021-W08,-28.760006
Philippines,PHL,2021-W13,62.34704
Philippines,PHL,2021-W17,229.41803
Philippines,PHL,2021-W22,392.27408
Philippines,PHL,2021-W26,550.51825
Philippines,PHL,2021-W30,748.45496
Philippines,PHL,2021-W35,1126.4246
Philippines,PHL,2021-W39,1706.9962
Philippines,PHL,2021-W43,1960.2489
Philippines,PHL,2021-W48,2006.4017
Philippines,PHL,2021-W52,2023.2167
Philippines,PHL,2022-W05,2106.222
Philippines,PHL,2022-W09,2122.1418
Philippines,PHL,2022-W13,2115.3357
Philippines,PHL,2022-W17,2099.658
Philippines,PHL,2022-W22,2099.5308
Philippines,PHL,2022-W26,2108.272
Philippines,PHL,2022-W30,2130.3672
Philippines,PHL,2022-W35,2170.3855
Philippines,PHL,2022-W39,2191.4648
Philippines,PHL,2022-W44,2201.6216
Philippines,PHL,2022-W48,2218.4019
Philippines,PHL,2022-W52,2245.3413
Philippines,PHL,2023-W05,2232.518
Philippines,PHL,2023-W09,2238.269
Philippines,PHL,2023-W13,2267.6511
Philippines,PHL,2023-W17,2286.0032
Philippines,PHL,2023-W22,2318.7754
Philippines,PHL,2023-W26,2360.8523
Philippines,PHL,2023-W31,2395.8147
Philippines,PHL,2023-W35,2405.4673
Philippines,PHL,2023-W39,2402.0073
Philippines,PHL,2023-W44,2418.5815
Philippines,PHL,2023-W48,2454.9485
Philippines,PHL,2023-W52,2478.1057
Poland,POL,2020-W01,-8.792994
Poland,POL,2020-W02,-23.571148
Poland,POL,2020-W03,-43.808807
Poland,POL,2020-W04,-67.148346
Poland,POL,2020-W05,-82.99342
Poland,POL,2020-W06,-103.14259
Poland,POL,2020-W07,-117.49397
Poland,POL,2020-W08,-133.44832
Poland,POL,2020-W09,-149.44432
Poland,POL,2020-W10,-164.08716
Poland,POL,2020-W11,-171.76118
Poland,POL,2020-W12,-178.28502
Poland,POL,2020-W13,-185.95905
Poland,POL,2020-W14,-192.80035
Poland,POL,2020-W15,-195.54051
Poland,POL,2020-W16,-188.25684
Poland,POL,2020-W17,-192.71968
Poland,POL,2020-W18,-191.8167
Poland,POL,2020-W19,-191.85573
Poland,POL,2020-W20,-189.41742
Poland,POL,2020-W21,-189.84158
Poland,POL,2020-W22,-187.33563
Poland,POL,2020-W23,-179.4222
Poland,POL,2020-W24,-172.95563
Poland,POL,2020-W25,-174.60805
Poland,POL,2020-W26,-172.7006
Poland,POL,2020-W27,-163.80354
Poland,POL,2020-W28,-163.44183
Poland,POL,2020-W29,-159.73363
Poland,POL,2020-W30,-161.06339
Poland,POL,2020-W31,-153.76408
Poland,POL,2020-W32,-141.20825
Poland,POL,2020-W33,-121.28808
Poland,POL,2020-W34,-100.47792
Poland,POL,2020-W35,-100.183876
Poland,POL,2020-W36,-93.566376
Poland,POL,2020-W37,-81.48416
Poland,POL,2020-W38,-62.479973
Poland,POL,2020-W39,-49.32563
Poland,POL,2020-W40,-36.38987
Poland,POL,2020-W41,-2.0272348
Poland,POL,2020-W42,56.182365
Poland,POL,2020-W43,172.43242
Poland,POL,2020-W44,350.6263
Poland,POL,2020-W45,570.51855
Poland,POL,2020-W46,773.3609
Poland,POL,2020-W47,952.8403
Poland,POL,2020-W48,1100.1768
Poland,POL,2020-W49,1225.3109
Poland,POL,2020-W50,1326.2598
Poland,POL,2020-W51,1413.7394
Poland,POL,2020-W52,1506.1216
Poland,POL,2020-W53,1594.3232
Poland,POL,2021-W01,1661.6204
Poland,POL,2021-W02,1715.526
Poland,POL,2021-W03,1769.985
Poland,POL,2021-W04,1806.1656
Poland,POL,2021-W05,1822.1416
Poland,POL,2021-W06,1840.6913
Poland,POL,2021-W07,1862.6816
Poland,POL,2021-W08,1881.1583
Poland,POL,2021-W09,1906.4849
Poland,POL,2021-W10,1953.7129
Poland,POL,2021-W11,2025.7872
Poland,POL,2021-W12,2128.461
Poland,POL,2021-W13,2266.5793
Poland,POL,2021-W14,2408.6917
Poland,POL,2021-W15,2528.5266
Poland,POL,2021-W16,2632.756
Poland,POL,2021-W17,2712.646
Poland,POL,2021-W18,2771.71
Poland,POL,2021-W19,2823.8247
Poland,POL,2021-W20,2852.9468
Poland,POL,2021-W21,2867.868
Poland,POL,2021-W22,2881.4998
Poland,POL,2021-W23,2895.4395
Poland,POL,2021-W24,2915.1848
Poland,POL,2021-W25,2936.105
Poland,POL,2021-W26,2939.817
Poland,POL,2021-W27,2946.155
Poland,POL,2021-W28,2958.9148
Poland,POL,2021-W29,2956.054
Poland,POL,2021-W30,2958.8157
Poland,POL,2021-W31,2953.2397
Poland,POL,2021-W32,2953.5112
Poland,POL,2021-W33,2953.6523
Poland,POL,2021-W34,2957.7664
Poland,POL,2021-W35,2954.4824
Poland,POL,2021-W36,2972.1343
Poland,POL,2021-W37,2984.9565
Poland,POL,2021-W38,2997.6748
Poland,POL,2021-W39,3006.3257
Poland,POL,2021-W40,3018.412
Poland,POL,2021-W41,3033.4065
Poland,POL,2021-W42,3053.3188
Poland,POL,2021-W43,3092.324
Poland,POL,2021-W44,3142.6167
Poland,POL,2021-W45,3217.745
Poland,POL,2021-W46,3324.8464
Poland,POL,2021-W47,3447.4065
Poland,POL,2021-W48,3586.3289
Poland,POL,2021-W49,3730.232
Poland,POL,2021-W50,3876.239
Poland,POL,2021-W51,4015.0256
Poland,POL,2021-W52,3980.98
Poland,POL,2022-W01,4056.3467
Poland,POL,2022-W02,4100.853
Poland,POL,2022-W03,4125.0674
Poland,POL,2022-W04,4151.3584
Poland,POL,2022-W05,4181.137
Poland,POL,2022-W06,4215.598
Poland,POL,2022-W07,4241.3223
Poland,POL,2022-W08,4254.738
Poland,POL,2022-W09,4252.959
Poland,POL,2022-W10,4253.8647
Poland,POL,2022-W11,4250.776
Poland,POL,2022-W12,4253.614
Poland,POL,2022-W13,4260.059
Poland,POL,2022-W14,4263.168
Poland,POL,2022-W15,4266.5176
Poland,POL,2022-W16,4282.3164
Poland,POL,2022-W17,4286.7397
Poland,POL,2022-W18,4293.9526
Poland,POL,2022-W19,4296.971
Poland,POL,2022-W20,4295.0015
Poland,POL,2022-W21,4287.763
Poland,POL,2022-W22,4284.0024
Poland,POL,2022-W23,4284.953
Poland,POL,2022-W24,4279.2905
Poland,POL,2022-W25,4282.008
Poland,POL,2022-W26,4299.698
Poland,POL,2022-W27,4288.501
Poland,POL,2022-W28,4281.92
Poland,POL,2022-W29,4292.691
Poland,POL,2022-W30,4288.4683
Poland,POL,2022-W31,4290.383
Poland,POL,2022-W32,4291.845
Poland,POL,2022-W33,4315.763
Poland,POL,2022-W34,4325.435
Poland,POL,2022-W35,4317.61
Poland,POL,2022-W36,4323.4834
Poland,POL,2022-W37,4339.6436
Poland,POL,2022-W38,4354.5996
Poland,POL,2022-W39,4378.166
Poland,POL,2022-W40,4387.8984
Poland,POL,2022-W41,4400.4507
Poland,POL,2022-W42,4402.2495
Poland,POL,2022-W43,4401.374
Poland,POL,2022-W44,4390.297
Poland,POL,2022-W45,4381.112
Poland,POL,2022-W46,4376.061
Poland,POL,2022-W47,4374.779
Poland,POL,2022-W48,4374.094
Poland,POL,2022-W49,4380.655
Poland,POL,2022-W50,4405.1953
Poland,POL,2022-W51,4447.032
Poland,POL,2022-W52,4374.4355
Poland,POL,2023-W01,4406.045
Poland,POL,2023-W02,4416.521
Poland,POL,2023-W03,4403.944
Poland,POL,2023-W04,4381.4653
Poland,POL,2023-W05,4352.1377
Poland,POL,2023-W06,4323.97
Poland,POL,2023-W07,4290.6304
Poland,POL,2023-W08,4262.59
Poland,POL,2023-W09,4235.3633
Poland,POL,2023-W10,4215.0347
Poland,POL,2023-W11,4198.869
Poland,POL,2023-W12,4182.6357
Poland,POL,2023-W13,4163.7646
Poland,POL,2023-W14,4145.1377
Poland,POL,2023-W15,4127.9873
Poland,POL,2023-W16,4116.7896
Poland,POL,2023-W17,4102.316
Poland,POL,2023-W18,4089.0903
Poland,POL,2023-W19,4076.6152
Poland,POL,2023-W20,4068.8008
Poland,POL,2023-W21,4059.6455
Poland,POL,2023-W22,4046.0444
Poland,POL,2023-W23,4040.3604
Poland,POL,2023-W24,4023.7659
Poland,POL,2023-W25,4016.3853
Poland,POL,2023-W26,4000.6147
Poland,POL,2023-W27,3981.227
Poland,POL,2023-W28,3973.637
Poland,POL,2023-W29,3953.0208
Poland,POL,2023-W30,3935.4856
Poland,POL,2023-W31,3913.8699
Poland,POL,2023-W32,3890.4263
Poland,POL,2023-W33,3894.6968
Poland,POL,2023-W34,3890.5627
Poland,POL,2023-W35,3865.3105
Poland,POL,2023-W36,3852.7332
Poland,POL,2023-W37,3841.4722
Poland,POL,2023-W38,3826.4573
Poland,POL,2023-W39,3806.5967
Poland,POL,2023-W40,3785.654
Poland,POL,2023-W41,3775.1045
Poland,POL,2023-W42,3765.0767
Poland,POL,2023-W43,3759.8362
Poland,POL,2023-W44,3756.921
Poland,POL,2023-W45,3753.6743
Poland,POL,2023-W46,3749.35
Poland,POL,2023-W47,3754.659
Poland,POL,2023-W48,3766.8855
Poland,POL,2023-W49,3776.2551
Poland,POL,2023-W50,3788.418
Poland,POL,2023-W51,3800.6638
Poland,POL,2023-W52,3801.3904
Portugal,PRT,2020-W01,-32.627106
Portugal,PRT,2020-W02,-51.523647
Portugal,PRT,2020-W03,-64.94348
Portugal,PRT,2020-W04,-84.98584
Portugal,PRT,2020-W05,-89.58858
Portugal,PRT,2020-W06,-109.84458
Portugal,PRT,2020-W07,-149.3661
Portugal,PRT,2020-W08,-168.74817
Portugal,PRT,2020-W09,-188.73228
Portugal,PRT,2020-W10,-208.93001
Portugal,PRT,2020-W11,-205.62846
Portugal,PRT,2020-W12,-188.53807
Portugal,PRT,2020-W13,-156.3188
Portugal,PRT,2020-W14,-115.806816
Portugal,PRT,2020-W15,-72.16807
Portugal,PRT,2020-W16,-40.162422
Portugal,PRT,2020-W17,-13.885953
Portugal,PRT,2020-W18,0.38840607
Portugal,PRT,2020-W19,19.964666
Portugal,PRT,2020-W20,24.645098
Portugal,PRT,2020-W21,34.5886
Portugal,PRT,2020-W22,70.2842
Portugal,PRT,2020-W23,79.21782
Portugal,PRT,2020-W24,73.95476
Portugal,PRT,2020-W25,64.86578
Portugal,PRT,2020-W26,85.99571
Portugal,PRT,2020-W27,105.30009
Portugal,PRT,2020-W28,138.47098
Portugal,PRT,2020-W29,212.69765
Portugal,PRT,2020-W30,264.6097
Portugal,PRT,2020-W31,290.22586
Portugal,PRT,2020-W32,300.20822
Portugal,PRT,2020-W33,306.83072
Portugal,PRT,2020-W34,311.7442
Portugal,PRT,2020-W35,334.66086
Portugal,PRT,2020-W36,350.72195
Portugal,PRT,2020-W37,389.64145
Portugal,PRT,2020-W38,414.57788
Portugal,PRT,2020-W39,412.51926
Portugal,PRT,2020-W40,430.15344
Portugal,PRT,2020-W41,453.14777
Portugal,PRT,2020-W42,475.1128
Portugal,PRT,2020-W43,493.95108
Portugal,PRT,2020-W44,536.57996
Portugal,PRT,2020-W45,583.40375
Portugal,PRT,2020-W46,642.61804
Portugal,PRT,2020-W47,695.07385
Portugal,PRT,2020-W48,738.82916
Portugal,PRT,2020-W49,793.46014
Portugal,PRT,2020-W50,861.3362
Portugal,PRT,2020-W51,907.4414
Portugal,PRT,2020-W52,927.21185
Portugal,PRT,2020-W53,982.8079
Portugal,PRT,2021-W01,1077.3453
Portugal,PRT,2021-W02,1246.5563
Portugal,PRT,2021-W03,1452.249
Portugal,PRT,2021-W04,1639.1664
Portugal,PRT,2021-W05,1757.4741
Portugal,PRT,2021-W06,1823.3821
Portugal,PRT,2021-W07,1837.9397
Portugal,PRT,2021-W08,1833.8776
Portugal,PRT,2021-W09,1816.5795
Portugal,PRT,2021-W10,1790.4183
Portugal,PRT,2021-W11,1768.0474
Portugal,PRT,2021-W12,1746.2595
Portugal,PRT,2021-W13,1736.8912
Portugal,PRT,2021-W14,1711.8186
Portugal,PRT,2021-W15,1691.333
Portugal,PRT,2021-W16,1675.6285
Portugal,PRT,2021-W17,1659.6326
Portugal,PRT,2021-W18,1659.8075
Portugal,PRT,2021-W19,1652.4607
Portugal,PRT,2021-W20,1634.1907
Portugal,PRT,2021-W21,1635.1819
Portugal,PRT,2021-W22,1625.4055
Portugal,PRT,2021-W23,1625.289
Portugal,PRT,2021-W24,1629.6232
Portugal,PRT,2021-W25,1610.3037
Portugal,PRT,2021-W26,1613.5496
Portugal,PRT,2021-W27,1620.702
Portugal,PRT,2021-W28,1634.9293
Portugal,PRT,2021-W29,1640.3909
Portugal,PRT,2021-W30,1645.8718
Portugal,PRT,2021-W31,1655.1622
Portugal,PRT,2021-W32,1663.3838
Portugal,PRT,2021-W33,1686.61
Portugal,PRT,2021-W34,1697.7274
Portugal,PRT,2021-W35,1719.4764
Portugal,PRT,2021-W36,1727.3676
Portugal,PRT,2021-W37,1733.937
Portugal,PRT,2021-W38,1748.1836
Portugal,PRT,2021-W39,1756.5995
Portugal,PRT,2021-W40,1771.4098
Portugal,PRT,2021-W41,1791.0986
Portugal,PRT,2021-W42,1795.3746
Portugal,PRT,2021-W43,1808.5718
Portugal,PRT,2021-W44,1816.6183
Portugal,PRT,2021-W45,1848.4935
Portugal,PRT,2021-W46,1880.0385
Portugal,PRT,2021-W47,1917.2587
Portugal,PRT,2021-W48,1963.2639
Portugal,PRT,2021-W49,1994.4006
Portugal,PRT,2021-W50,2009.4442
Portugal,PRT,2021-W51,2022.1361
Portugal,PRT,2021-W52,2018.5658
Portugal,PRT,2022-W01,1978.608
Portugal,PRT,2022-W02,1945.602
Portugal,PRT,2022-W03,1931.1339
Portugal,PRT,2022-W04,1919.4698
Portugal,PRT,2022-W05,1929.615
Portugal,PRT,2022-W06,1926.5968
Portugal,PRT,2022-W07,1924.2212
Portugal,PRT,2022-W08,1912.5376
Portugal,PRT,2022-W09,1898.0111
Portugal,PRT,2022-W10,1900.1141
Portugal,PRT,2022-W11,1906.1117
Portugal,PRT,2022-W12,1922.4297
Portugal,PRT,2022-W13,1944.278
Portugal,PRT,2022-W14,1958.3761
Portugal,PRT,2022-W15,1982.23
Portugal,PRT,2022-W16,2003.0851
Portugal,PRT,2022-W17,2023.9402
Portugal,PRT,2022-W18,2039.2845
Portugal,PRT,2022-W19,2083.02
Portugal,PRT,2022-W20,2113.2803
Portugal,PRT,2022-W21,2146.2864
Portugal,PRT,2022-W22,2184.18
Portugal,PRT,2022-W23,2236.4248
Portugal,PRT,2022-W24,2306.5652
Portugal,PRT,2022-W25,2316.7883
Portugal,PRT,2022-W26,2337.3513
Portugal,PRT,2022-W27,2382.3718
Portugal,PRT,2022-W28,2461.8394
Portugal,PRT,2022-W29,2504.679
Portugal,PRT,2022-W30,2540.9175
Portugal,PRT,2022-W31,2561.4026
Portugal,PRT,2022-W32,2569.1333
Portugal,PRT,2022-W33,2584.984
Portugal,PRT,2022-W34,2590.1636
Portugal,PRT,2022-W35,2607.4553
Portugal,PRT,2022-W36,2618.944
Portugal,PRT,2022-W37,2640.3054
Portugal,PRT,2022-W38,2661.3748
Portugal,PRT,2022-W39,2658.9797
Portugal,PRT,2022-W40,2672.922
Portugal,PRT,2022-W41,2691.5574
Portugal,PRT,2022-W42,2699.7163
Portugal,PRT,2022-W43,2712.2373
Portugal,PRT,2022-W44,2728.8474
Portugal,PRT,2022-W45,2750.4424
Portugal,PRT,2022-W46,2769.2725
Portugal,PRT,2022-W47,2799.5327
Portugal,PRT,2022-W48,2836.55
Portugal,PRT,2022-W49,2886.322
Portugal,PRT,2022-W50,2940.9036
Portugal,PRT,2022-W51,2965.186
Portugal,PRT,2022-W52,2979.642
Portugal,PRT,2023-W01,2965.141
Portugal,PRT,2023-W02,2935.5537
Portugal,PRT,2023-W03,2911.0796
Portugal,PRT,2023-W04,2882.878
Portugal,PRT,2023-W05,2888.1475
Portugal,PRT,2023-W06,2899.0574
Portugal,PRT,2023-W07,2894.705
Portugal,PRT,2023-W08,2887.367
Portugal,PRT,2023-W09,2888.694
Portugal,PRT,2023-W10,2899.5647
Portugal,PRT,2023-W11,2896.5786
Portugal,PRT,2023-W12,2887.152
Portugal,PRT,2023-W13,2883.561
Portugal,PRT,2023-W14,2870.0554
Portugal,PRT,2023-W15,2857.5452
Portugal,PRT,2023-W16,2861.351
Portugal,PRT,2023-W17,2874.915
Portugal,PRT,2023-W18,2880.7117
Portugal,PRT,2023-W19,2873.1
Portugal,PRT,2023-W20,2877.3547
Portugal,PRT,2023-W21,2886.8984
Portugal,PRT,2023-W22,2895.193
Portugal,PRT,2023-W23,2907.43
Portugal,PRT,2023-W24,2912.1335
Portugal,PRT,2023-W25,2911.431
Portugal,PRT,2023-W26,2917.6763
Portugal,PRT,2023-W27,2920.6233
Portugal,PRT,2023-W28,2924.722
Portugal,PRT,2023-W29,2927.3372
Portugal,PRT,2023-W30,2929.5815
Portugal,PRT,2023-W31,2936.5295
Portugal,PRT,2023-W32,2954.4067
Portugal,PRT,2023-W33,2970.3716
Portugal,PRT,2023-W34,2999.2563
Portugal,PRT,2023-W35,3015.9822
Portugal,PRT,2023-W36,3028.3557
Portugal,PRT,2023-W37,3045.4524
Portugal,PRT,2023-W38,3059.2312
Portugal,PRT,2023-W39,3074.0835
Portugal,PRT,2023-W40,3081.9878
Portugal,PRT,2023-W41,3094.986
Portugal,PRT,2023-W42,3095.2397
Portugal,PRT,2023-W43,3099.3772
Portugal,PRT,2023-W44,3103.515
Portugal,PRT,2023-W45,3122.0166
Portugal,PRT,2023-W46,3123.7927
Portugal,PRT,2023-W47,3120.3381
Portugal,PRT,2023-W48,3122.485
Portugal,PRT,2023-W49,3138.9768
Portugal,PRT,2023-W50,3154.9219
Portugal,PRT,2023-W51,3179.142
Portugal,PRT,2023-W52,3252.1348
Puerto Rico,PRI,2020-W01,-37.290966
Puerto Rico,PRI,2020-W02,-53.002083
Puerto Rico,PRI,2020-W03,-49.089592
Puerto Rico,PRI,2020-W04,-51.229237
Puerto Rico,PRI,2020-W05,-69.14112
Puerto Rico,PRI,2020-W06,-76.538185
Puerto Rico,PRI,2020-W07,-74.82648
Puerto Rico,PRI,2020-W08,-71.525314
Puerto Rico,PRI,2020-W09,-64.55618
Puerto Rico,PRI,2020-W10,-51.840584
Puerto Rico,PRI,2020-W11,-44.07672
Puerto Rico,PRI,2020-W12,-30.749792
Puerto Rico,PRI,2020-W13,-2.2008007
Puerto Rico,PRI,2020-W14,3.8513358
Puerto Rico,PRI,2020-W15,16.994873
Puerto Rico,PRI,2020-W16,25.736845
Puerto Rico,PRI,2020-W17,26.348173
Puerto Rico,PRI,2020-W18,26.837227
Puerto Rico,PRI,2020-W19,32.522564
Puerto Rico,PRI,2020-W20,27.020617
Puerto Rico,PRI,2020-W21,22.435663
Puerto Rico,PRI,2020-W22,29.649317
Puerto Rico,PRI,2020-W23,42.915127
Puerto Rico,PRI,2020-W24,39.736217
Puerto Rico,PRI,2020-W25,52.3907
Puerto Rico,PRI,2020-W26,49.334064
Puerto Rico,PRI,2020-W27,45.238163
Puerto Rico,PRI,2020-W28,56.792244
Puerto Rico,PRI,2020-W29,68.8354
Puerto Rico,PRI,2020-W30,88.886925
Puerto Rico,PRI,2020-W31,119.45329
Puerto Rico,PRI,2020-W32,152.95403
Puerto Rico,PRI,2020-W33,188.28873
Puerto Rico,PRI,2020-W34,235.23866
Puerto Rico,PRI,2020-W35,257.42984
Puerto Rico,PRI,2020-W36,280.66028
Puerto Rico,PRI,2020-W37,300.28387
Puerto Rico,PRI,2020-W38,314.161
Puerto Rico,PRI,2020-W39,310.921
Puerto Rico,PRI,2020-W40,311.10437
Puerto Rico,PRI,2020-W41,336.9635
Puerto Rico,PRI,2020-W42,348.21194
Puerto Rico,PRI,2020-W43,358.91016
Puerto Rico,PRI,2020-W44,378.35037
Puerto Rico,PRI,2020-W45,395.89545
Puerto Rico,PRI,2020-W46,411.60657
Puerto Rico,PRI,2020-W47,433.00302
Puerto Rico,PRI,2020-W48,458.25085
Puerto Rico,PRI,2020-W49,482.21487
Puerto Rico,PRI,2020-W50,504.58945
Puerto Rico,PRI,2020-W51,531.6101
Puerto Rico,PRI,2020-W52,551.4783
Puerto Rico,PRI,2020-W53,574.07324
Puerto Rico,PRI,2021-W01,586.9417
Puerto Rico,PRI,2021-W02,591.0878
Puerto Rico,PRI,2021-W03,591.30286
Puerto Rico,PRI,2021-W04,603.55707
Puerto Rico,PRI,2021-W05,598.121
Puerto Rico,PRI,2021-W06,601.40717
Puerto Rico,PRI,2021-W07,612.31006
Puerto Rico,PRI,2021-W08,619.58887
Puerto Rico,PRI,2021-W09,627.789
Puerto Rico,PRI,2021-W10,635.31354
Puerto Rico,PRI,2021-W11,650.1475
Puerto Rico,PRI,2021-W12,666.8857
Puerto Rico,PRI,2021-W13,681.10547
Puerto Rico,PRI,2021-W14,690.5341
Puerto Rico,PRI,2021-W15,719.0658
Puerto Rico,PRI,2021-W16,766.82336
Puerto Rico,PRI,2021-W17,789.82684
Puerto Rico,PRI,2021-W18,826.2208
Puerto Rico,PRI,2021-W19,861.6935
Puerto Rico,PRI,2021-W20,884.69696
Puerto Rico,PRI,2021-W21,900.63666
Puerto Rico,PRI,2021-W22,923.8244
Puerto Rico,PRI,2021-W23,933.4373
Puerto Rico,PRI,2021-W24,943.1117
Puerto Rico,PRI,2021-W25,965.31665
Puerto Rico,PRI,2021-W26,990.7771
Puerto Rico,PRI,2021-W27,1000.75854
Puerto Rico,PRI,2021-W28,1009.26587
Puerto Rico,PRI,2021-W29,1019.1859
Puerto Rico,PRI,2021-W30,1033.4672
Puerto Rico,PRI,2021-W31,1063.5344
Puerto Rico,PRI,2021-W32,1106.9922
Puerto Rico,PRI,2021-W33,1147.3789
Puerto Rico,PRI,2021-W34,1192.6794
Puerto Rico,PRI,2021-W35,1240.1299
Puerto Rico,PRI,2021-W36,1287.0889
Puerto Rico,PRI,2021-W37,1319.6746
Puerto Rico,PRI,2021-W38,1353.8573
Puerto Rico,PRI,2021-W39,1345.35
Puerto Rico,PRI,2021-W40,1341.2039
Puerto Rico,PRI,2021-W41,1363.4702
Puerto Rico,PRI,2021-W42,1365.8351
Puerto Rico,PRI,2021-W43,1379.3177
Puerto Rico,PRI,2021-W44,1400.9698
Puerto Rico,PRI,2021-W45,1413.9612
Puerto Rico,PRI,2021-W46,1425.4169
Puerto Rico,PRI,2021-W47,1415.8654
Puerto Rico,PRI,2021-W48,1416.0189
Puerto Rico,PRI,2021-W49,1423.4819
Puerto Rico,PRI,2021-W50,1429.348
Puerto Rico,PRI,2021-W51,1430.0543
Puerto Rico,PRI,2021-W52,1452.8295
Puerto Rico,PRI,2022-W01,1498.8876
Puerto Rico,PRI,2022-W02,1567.8826
Puerto Rico,PRI,2022-W03,1633.5569
Puerto Rico,PRI,2022-W04,1684.8419
Puerto Rico,PRI,2022-W05,1692.2825
Puerto Rico,PRI,2022-W06,1712.7596
Puerto Rico,PRI,2022-W07,1727.9484
Puerto Rico,PRI,2022-W08,1738.894
Puerto Rico,PRI,2022-W09,1747.995
Puerto Rico,PRI,2022-W10,1752.4225
Puerto Rico,PRI,2022-W11,1749.1019
Puerto Rico,PRI,2022-W12,1756.604
Puerto Rico,PRI,2022-W13,1781.8776
Puerto Rico,PRI,2022-W14,1795.5905
Puerto Rico,PRI,2022-W15,1813.3618
Puerto Rico,PRI,2022-W16,1823.9386
Puerto Rico,PRI,2022-W17,1852.1638
Puerto Rico,PRI,2022-W18,1874.7317
Puerto Rico,PRI,2022-W19,1902.834
Puerto Rico,PRI,2022-W20,1951.3518
Puerto Rico,PRI,2022-W21,1963.2814
Puerto Rico,PRI,2022-W22,1986.4642
Puerto Rico,PRI,2022-W23,2016.3497
Puerto Rico,PRI,2022-W24,2026.619
Puerto Rico,PRI,2022-W25,2058.0417
Puerto Rico,PRI,2022-W26,2095.491
Puerto Rico,PRI,2022-W27,2133.4321
Puerto Rico,PRI,2022-W28,2166.2078
Puerto Rico,PRI,2022-W29,2196.4006
Puerto Rico,PRI,2022-W30,2230.3447
Puerto Rico,PRI,2022-W31,2284.0896
Puerto Rico,PRI,2022-W32,2333.4067
Puerto Rico,PRI,2022-W33,2348.5955
Puerto Rico,PRI,2022-W34,2390.5337
Puerto Rico,PRI,2022-W35,2428.4746
Puerto Rico,PRI,2022-W36,2435.4849
Puerto Rico,PRI,2022-W37,2446.861
Puerto Rico,PRI,2022-W38,2496.4243
Puerto Rico,PRI,2022-W39,2505.7097
Puerto Rico,PRI,2022-W40,2526.1252
Puerto Rico,PRI,2022-W41,2558.2246
Puerto Rico,PRI,2022-W42,2583.3137
Puerto Rico,PRI,2022-W43,2618.303
Puerto Rico,PRI,2022-W44,2645.483
Puerto Rico,PRI,2022-W45,2672.6013
Puerto Rico,PRI,2022-W46,2708.021
Puerto Rico,PRI,2022-W47,2748.545
Puerto Rico,PRI,2022-W48,2775.4172
Puerto Rico,PRI,2022-W49,2811.1445
Puerto Rico,PRI,2022-W50,2844.3506
Puerto Rico,PRI,2022-W51,2873.3137
Puerto Rico,PRI,2022-W52,2894.199
Puerto Rico,PRI,2023-W01,2899.9038
Puerto Rico,PRI,2023-W02,2933.0908
Puerto Rico,PRI,2023-W03,2946.0957
Puerto Rico,PRI,2023-W04,2963.1494
Puerto Rico,PRI,2023-W05,2974.498
Puerto Rico,PRI,2023-W06,2997.6245
Puerto Rico,PRI,2023-W07,3029.5847
Puerto Rico,PRI,2023-W08,3047.1904
Puerto Rico,PRI,2023-W09,3070.317
Puerto Rico,PRI,2023-W10,3099.21
Puerto Rico,PRI,2023-W11,3121.907
Puerto Rico,PRI,2023-W12,3128.4094
Puerto Rico,PRI,2023-W13,3148.9597
Puerto Rico,PRI,2023-W14,3144.4814
Puerto Rico,PRI,2023-W15,3170.1233
Puerto Rico,PRI,2023-W16,3197.4827
Puerto Rico,PRI,2023-W17,3212.3892
Puerto Rico,PRI,2023-W18,3236.3745
Puerto Rico,PRI,2023-W19,3265.5742
Puerto Rico,PRI,2023-W20,3278.3337
Puerto Rico,PRI,2023-W21,3292.6267
Puerto Rico,PRI,2023-W22,3311.398
Puerto Rico,PRI,2023-W23,3367.8342
Puerto Rico,PRI,2023-W24,3389.9792
Puerto Rico,PRI,2023-W25,3421.2646
Puerto Rico,PRI,2023-W26,3463.469
Puerto Rico,PRI,2023-W27,3490.8284
Puerto Rico,PRI,2023-W28,3511.5012
Puerto Rico,PRI,2023-W29,3539.7195
Puerto Rico,PRI,2023-W30,3565.2385
Puerto Rico,PRI,2023-W31,3607.1362
Puerto Rico,PRI,2023-W32,3643.3904
Puerto Rico,PRI,2023-W33,3684.859
Puerto Rico,PRI,2023-W34,3752.0916
Qatar,QAT,2020-W05,-0.25358626
Qatar,QAT,2020-W09,4.9992948
Qatar,QAT,2020-W14,17.062809
Qatar,QAT,2020-W18,10.360857
Qatar,QAT,2020-W22,25.10515
Qatar,QAT,2020-W27,68.97576
Qatar,QAT,2020-W31,103.21006
Qatar,QAT,2020-W36,114.69394
Qatar,QAT,2020-W40,127.48199
Qatar,QAT,2020-W44,141.06703
Qatar,QAT,2020-W49,130.81485
Qatar,QAT,2020-W53,136.64737
Qatar,QAT,2021-W04,148.08951
Qatar,QAT,2021-W08,146.63875
Qatar,QAT,2021-W13,170.40895
Qatar,QAT,2021-W17,249.3082
Qatar,QAT,2021-W22,278.06308
Qatar,QAT,2021-W26,296.17902
Qatar,QAT,2021-W30,309.6079
Qatar,QAT,2021-W35,326.45908
Qatar,QAT,2021-W39,322.33
Qatar,QAT,2021-W43,332.78293
Qatar,QAT,2021-W48,335.87045
Qatar,QAT,2021-W52,342.45468
Qatar,QAT,2022-W05,379.6476
Qatar,QAT,2022-W09,397.3833
Qatar,QAT,2022-W13,412.07645
Qatar,QAT,2022-W17,425.7307
Qatar,QAT,2022-W22,429.4411
Qatar,QAT,2022-W26,429.21848
Qatar,QAT,2022-W30,444.72794
Qatar,QAT,2022-W35,465.1351
Qatar,QAT,2022-W39,484.6518
Qatar,QAT,2022-W44,497.935
Qatar,QAT,2022-W48,510.1793
Qatar,QAT,2022-W52,519.23267
Qatar,QAT,2023-W05,532.91144
Qatar,QAT,2023-W09,545.57526
Qatar,QAT,2023-W13,564.0556
Qatar,QAT,2023-W17,568.6204
Qatar,QAT,2023-W22,575.4678
Qatar,QAT,2023-W26,578.78094
Qatar,QAT,2023-W31,596.5987
Qatar,QAT,2023-W35,608.2317
Qatar,QAT,2023-W39,623.39886
Qatar,QAT,2023-W44,652.2606
Qatar,QAT,2023-W48,671.25635
Qatar,QAT,2023-W52,684.50916
Reunion,REU,2020-W01,-18.270485
Reunion,REU,2020-W02,-23.595024
Reunion,REU,2020-W03,-33.722088
Reunion,REU,2020-W04,-29.023966
Reunion,REU,2020-W05,-43.53595
Reunion,REU,2020-W06,-40.090656
Reunion,REU,2020-W07,-31.842836
Reunion,REU,2020-W08,-54.915848
Reunion,REU,2020-W09,-80.07691
Reunion,REU,2020-W10,-80.39012
Reunion,REU,2020-W11,-84.04422
Reunion,REU,2020-W12,-86.23668
Reunion,REU,2020-W13,-98.66061
Reunion,REU,2020-W14,-97.720985
Reunion,REU,2020-W15,-103.463135
Reunion,REU,2020-W16,-98.138596
Reunion,REU,2020-W17,-117.24431
Reunion,REU,2020-W18,-107.11724
Reunion,REU,2020-W19,-110.14492
Reunion,REU,2020-W20,-125.90974
Reunion,REU,2020-W21,-132.90472
Reunion,REU,2020-W22,-119.01915
Reunion,REU,2020-W23,-111.39774
Reunion,REU,2020-W24,-85.81907
Reunion,REU,2020-W25,-89.89078
Reunion,REU,2020-W26,-92.70965
Reunion,REU,2020-W27,-93.44046
Reunion,REU,2020-W28,-102.3147
Reunion,REU,2020-W29,-101.37507
Reunion,REU,2020-W30,-103.35873
Reunion,REU,2020-W31,-100.95746
Reunion,REU,2020-W32,-98.55619
Reunion,REU,2020-W33,-73.60393
Reunion,REU,2020-W34,-70.57625
Reunion,REU,2020-W35,-66.92215
Reunion,REU,2020-W36,-61.59761
Reunion,REU,2020-W37,-65.25171
Reunion,REU,2020-W38,-62.432835
Reunion,REU,2020-W39,-82.373764
Reunion,REU,2020-W40,-74.75236
Reunion,REU,2020-W41,-79.24168
Reunion,REU,2020-W42,-100.64425
Reunion,REU,2020-W43,-118.079506
Reunion,REU,2020-W44,-127.37135
Reunion,REU,2020-W45,-128.31097
Reunion,REU,2020-W46,-121.94241
Reunion,REU,2020-W47,-112.859375
Reunion,REU,2020-W48,-109.41408
Reunion,REU,2020-W49,-105.551186
Reunion,REU,2020-W50,-110.040504
Reunion,REU,2020-W51,-112.65057
Reunion,REU,2020-W52,-110.458115
Reunion,REU,2020-W53,-101.124886
Reunion,REU,2021-W01,-106.71419
Reunion,REU,2021-W02,-103.609024
Reunion,REU,2021-W03,-103.195
Reunion,REU,2021-W04,-116.029686
Reunion,REU,2021-W05,-123.06806
Reunion,REU,2021-W06,-112.30349
Reunion,REU,2021-W07,-119.548874
Reunion,REU,2021-W08,-121.61898
Reunion,REU,2021-W09,-128.86436
Reunion,REU,2021-W10,-111.47544
Reunion,REU,2021-W11,-98.43375
Reunion,REU,2021-W12,-81.87286
Reunion,REU,2021-W13,-88.91124
Reunion,REU,2021-W14,-76.49058
Reunion,REU,2021-W15,-62.413826
Reunion,REU,2021-W16,-53.926376
Reunion,REU,2021-W17,-28.257004
Reunion,REU,2021-W18,-20.183569
Reunion,REU,2021-W19,-7.5558987
Reunion,REU,2021-W20,-18.941505
Reunion,REU,2021-W21,-3.001654
Reunion,REU,2021-W22,38.81458
Reunion,REU,2021-W23,66.14004
Reunion,REU,2021-W24,76.07657
Reunion,REU,2021-W25,69.03819
Reunion,REU,2021-W26,93.258484
Reunion,REU,2021-W27,122.65405
Reunion,REU,2021-W28,120.16992
Reunion,REU,2021-W29,146.0463
Reunion,REU,2021-W30,126.58726
Reunion,REU,2021-W31,151.8426
Reunion,REU,2021-W32,160.53708
Reunion,REU,2021-W33,183.30829
Reunion,REU,2021-W34,201.93929
Reunion,REU,2021-W35,202.56032
Reunion,REU,2021-W36,232.78392
Reunion,REU,2021-W37,241.6854
Reunion,REU,2021-W38,225.95256
Reunion,REU,2021-W39,220.77728
Reunion,REU,2021-W40,226.3666
Reunion,REU,2021-W41,222.01936
Reunion,REU,2021-W42,223.67545
Reunion,REU,2021-W43,218.9142
Reunion,REU,2021-W44,226.3666
Reunion,REU,2021-W45,213.11787
Reunion,REU,2021-W46,243.34149
Reunion,REU,2021-W47,230.71382
Reunion,REU,2021-W48,226.98763
Reunion,REU,2021-W49,234.026
Reunion,REU,2021-W50,264.87064
Reunion,REU,2021-W51,293.43817
Reunion,REU,2021-W52,301.52084
Reunion,REU,2022-W01,344.43393
Reunion,REU,2022-W02,414.45
Reunion,REU,2022-W03,484.87674
Reunion,REU,2022-W04,541.136
Reunion,REU,2022-W05,603.14435
Reunion,REU,2022-W06,668.4379
Reunion,REU,2022-W07,717.92145
Reunion,REU,2022-W08,719.1534
Reunion,REU,2022-W09,747.0777
Reunion,REU,2022-W10,766.5836
Reunion,REU,2022-W11,791.0174
Reunion,REU,2022-W12,798.4091
Reunion,REU,2022-W13,793.68665
Reunion,REU,2022-W14,815.4512
Reunion,REU,2022-W15,835.77844
Reunion,REU,2022-W16,833.1092
Reunion,REU,2022-W17,877.2542
Reunion,REU,2022-W18,896.7602
Reunion,REU,2022-W19,893.06433
Reunion,REU,2022-W20,906.6158
Reunion,REU,2022-W21,899.01874
Reunion,REU,2022-W22,923.2472
Reunion,REU,2022-W23,935.15607
Reunion,REU,2022-W24,928.79095
Reunion,REU,2022-W25,916.8821
Reunion,REU,2022-W26,910.31165
Reunion,REU,2022-W27,955.0727
Reunion,REU,2022-W28,951.7875
Reunion,REU,2022-W29,981.765
Reunion,REU,2022-W30,1002.70825
Reunion,REU,2022-W31,1033.0964
Reunion,REU,2022-W32,1087.0972
Reunion,REU,2022-W33,1113.9948
Reunion,REU,2022-W34,1141.9191
Reunion,REU,2022-W35,1147.8735
Reunion,REU,2022-W36,1165.7368
Reunion,REU,2022-W37,1180.931
Reunion,REU,2022-W38,1181.9576
Reunion,REU,2022-W39,1185.2428
Reunion,REU,2022-W40,1182.7789
Reunion,REU,2022-W41,1187.9121
Reunion,REU,2022-W42,1179.4937
Reunion,REU,2022-W43,1160.6038
Reunion,REU,2022-W44,1166.1476
Reunion,REU,2022-W45,1155.2653
Reunion,REU,2022-W46,1159.7825
Reunion,REU,2022-W47,1146.4363
Reunion,REU,2022-W48,1158.3451
Reunion,REU,2022-W49,1168.6115
Reunion,REU,2022-W50,1187.0907
Reunion,REU,2022-W51,1164.2996
Reunion,REU,2022-W52,1180.9965
Reunion,REU,2023-W01,1169.7926
Reunion,REU,2023-W02,1154.9219
Reunion,REU,2023-W03,1157.7738
Reunion,REU,2023-W04,1176.1075
Reunion,REU,2023-W05,1162.4591
Reunion,REU,2023-W06,1169.3851
Reunion,REU,2023-W07,1173.8667
Reunion,REU,2023-W08,1161.0331
Reunion,REU,2023-W09,1158.3849
Reunion,REU,2023-W10,1145.3477
Reunion,REU,2023-W11,1123.9583
Reunion,REU,2023-W12,1111.1248
Reunion,REU,2023-W13,1103.5875
Reunion,REU,2023-W14,1105.0134
Reunion,REU,2023-W15,1112.1432
Reunion,REU,2023-W16,1095.4392
Reunion,REU,2023-W17,1098.6985
Reunion,REU,2023-W18,1091.7725
Reunion,REU,2023-W19,1079.1426
Reunion,REU,2023-W20,1061.2163
Reunion,REU,2023-W21,1057.9569
Reunion,REU,2023-W22,1056.7347
Reunion,REU,2023-W23,1066.7164
Reunion,REU,2023-W24,1068.7534
Reunion,REU,2023-W25,1058.1606
Reunion,REU,2023-W26,1048.79
Reunion,REU,2023-W27,1058.7717
Reunion,REU,2023-W28,1040.4381
Reunion,REU,2023-W29,1045.9382
Reunion,REU,2023-W30,1038.401
Reunion,REU,2023-W31,1021.90063
Reunion,REU,2023-W32,1027.8082
Reunion,REU,2023-W33,1021.0858
Reunion,REU,2023-W34,997.0483
Reunion,REU,2023-W35,985.84436
Reunion,REU,2023-W36,980.34424
Reunion,REU,2023-W37,976.2701
Reunion,REU,2023-W38,980.548
Reunion,REU,2023-W39,965.6773
Reunion,REU,2023-W40,953.2511
Reunion,REU,2023-W41,953.45483
Reunion,REU,2023-W42,979.9368
Reunion,REU,2023-W43,978.7146
Reunion,REU,2023-W44,987.474
Reunion,REU,2023-W45,970.76996
Reunion,REU,2023-W46,977.4923
Reunion,REU,2023-W47,956.3067
Reunion,REU,2023-W48,954.0659
Reunion,REU,2023-W49,950.1955
Reunion,REU,2023-W50,976.8812
Reunion,REU,2023-W51,1000.3076
Reunion,REU,2023-W52,1010.0856
Romania,ROU,2020-W01,-30.896973
Romania,ROU,2020-W02,-58.965027
Romania,ROU,2020-W03,-82.00272
Romania,ROU,2020-W04,-107.00525
Romania,ROU,2020-W05,-127.810684
Romania,ROU,2020-W06,-137.65018
Romania,ROU,2020-W07,-151.23415
Romania,ROU,2020-W08,-175.08453
Romania,ROU,2020-W09,-192.29982
Romania,ROU,2020-W10,-210.70837
Romania,ROU,2020-W11,-229.36383
Romania,ROU,2020-W12,-246.85686
Romania,ROU,2020-W13,-253.3428
Romania,ROU,2020-W14,-255.13788
Romania,ROU,2020-W15,-249.56749
Romania,ROU,2020-W16,-246.27051
Romania,ROU,2020-W17,-238.4884
Romania,ROU,2020-W18,-242.71123
Romania,ROU,2020-W19,-238.56041
Romania,ROU,2020-W20,-228.59746
Romania,ROU,2020-W21,-236.66759
Romania,ROU,2020-W22,-241.5282
Romania,ROU,2020-W23,-230.1765
Romania,ROU,2020-W24,-212.09712
Romania,ROU,2020-W25,-220.30098
Romania,ROU,2020-W26,-209.23732
Romania,ROU,2020-W27,-169.18494
Romania,ROU,2020-W28,-149.95341
Romania,ROU,2020-W29,-135.44362
Romania,ROU,2020-W30,-120.62521
Romania,ROU,2020-W31,-77.57932
Romania,ROU,2020-W32,-37.691532
Romania,ROU,2020-W33,1.4658704
Romania,ROU,2020-W34,41.14792
Romania,ROU,2020-W35,82.19814
Romania,ROU,2020-W36,116.747
Romania,ROU,2020-W37,149.70137
Romania,ROU,2020-W38,183.3038
Romania,ROU,2020-W39,208.35776
Romania,ROU,2020-W40,235.83943
Romania,ROU,2020-W41,281.1999
Romania,ROU,2020-W42,340.96213
Romania,ROU,2020-W43,420.04333
Romania,ROU,2020-W44,521.7868
Romania,ROU,2020-W45,662.6105
Romania,ROU,2020-W46,815.2642
Romania,ROU,2020-W47,985.31323
Romania,ROU,2020-W48,1161.6064
Romania,ROU,2020-W49,1336.7682
Romania,ROU,2020-W50,1485.0499
Romania,ROU,2020-W51,1589.5194
Romania,ROU,2020-W52,1686.0267
Romania,ROU,2020-W53,1773.4431
Romania,ROU,2021-W01,1816.6746
Romania,ROU,2021-W02,1847.903
Romania,ROU,2021-W03,1905.5068
Romania,ROU,2021-W04,1931.2305
Romania,ROU,2021-W05,1954.243
Romania,ROU,2021-W06,1970.9023
Romania,ROU,2021-W07,1987.2615
Romania,ROU,2021-W08,2002.0894
Romania,ROU,2021-W09,2031.3517
Romania,ROU,2021-W10,2076.073
Romania,ROU,2021-W11,2148.4324
Romania,ROU,2021-W12,2239.7065
Romania,ROU,2021-W13,2338.6897
Romania,ROU,2021-W14,2440.2183
Romania,ROU,2021-W15,2544.6025
Romania,ROU,2021-W16,2633.3005
Romania,ROU,2021-W17,2713.472
Romania,ROU,2021-W18,2762.2185
Romania,ROU,2021-W19,2806.8674
Romania,ROU,2021-W20,2838.996
Romania,ROU,2021-W21,2852.0027
Romania,ROU,2021-W22,2861.719
Romania,ROU,2021-W23,2871.0833
Romania,ROU,2021-W24,2867.3997
Romania,ROU,2021-W25,2902.829
Romania,ROU,2021-W26,2913.197
Romania,ROU,2021-W27,2922.0442
Romania,ROU,2021-W28,2943.5771
Romania,ROU,2021-W29,2953.3242
Romania,ROU,2021-W30,2970.832
Romania,ROU,2021-W31,2977.7751
Romania,ROU,2021-W32,2975.8506
Romania,ROU,2021-W33,2984.3665
Romania,ROU,2021-W34,2994.5483
Romania,ROU,2021-W35,3007.9688
Romania,ROU,2021-W36,3056.0325
Romania,ROU,2021-W37,3138.1907
Romania,ROU,2021-W38,3238.7983
Romania,ROU,2021-W39,3388.9595
Romania,ROU,2021-W40,3626.67
Romania,ROU,2021-W41,3932.4453
Romania,ROU,2021-W42,4272.9883
Romania,ROU,2021-W43,4602.5938
Romania,ROU,2021-W44,4901.136
Romania,ROU,2021-W45,5102.248
Romania,ROU,2021-W46,5253.6924
Romania,ROU,2021-W47,5352.893
Romania,ROU,2021-W48,5413.932
Romania,ROU,2021-W49,5452.931
Romania,ROU,2021-W50,5476.689
Romania,ROU,2021-W51,5501.8022
Romania,ROU,2021-W52,5419.0977
Romania,ROU,2022-W01,5414.514
Romania,ROU,2022-W02,5409.931
Romania,ROU,2022-W03,5419.021
Romania,ROU,2022-W04,5458.4683
Romania,ROU,2022-W05,5537.876
Romania,ROU,2022-W06,5645.2197
Romania,ROU,2022-W07,5748.403
Romania,ROU,2022-W08,5811.879
Romania,ROU,2022-W09,5847.684
Romania,ROU,2022-W10,5875.798
Romania,ROU,2022-W11,5886.373
Romania,ROU,2022-W12,5899.573
Romania,ROU,2022-W13,5927.27
Romania,ROU,2022-W14,5932.7993
Romania,ROU,2022-W15,5940.017
Romania,ROU,2022-W16,5934.5083
Romania,ROU,2022-W17,5939.3354
Romania,ROU,2022-W18,5927.865
Romania,ROU,2022-W19,5932.611
Romania,ROU,2022-W20,5928.7095
Romania,ROU,2022-W21,5911.7046
Romania,ROU,2022-W22,5905.911
Romania,ROU,2022-W23,5887.2583
Romania,ROU,2022-W24,5863.9663
Romania,ROU,2022-W25,5843.7773
Romania,ROU,2022-W26,5848.5947
Romania,ROU,2022-W27,5847.745
Romania,ROU,2022-W28,5835.6133
Romania,ROU,2022-W29,5851.8247
Romania,ROU,2022-W30,5878.362
Romania,ROU,2022-W31,5896.1904
Romania,ROU,2022-W32,5915.5757
Romania,ROU,2022-W33,5947.3115
Romania,ROU,2022-W34,5977.989
Romania,ROU,2022-W35,5990.08
Romania,ROU,2022-W36,5994.4697
Romania,ROU,2022-W37,5996.011
Romania,ROU,2022-W38,6004.6533
Romania,ROU,2022-W39,6019.593
Romania,ROU,2022-W40,6010.533
Romania,ROU,2022-W41,6001.861
Romania,ROU,2022-W42,5992.2725
Romania,ROU,2022-W43,5977.6787
Romania,ROU,2022-W44,5958.2324
Romania,ROU,2022-W45,5935.8257
Romania,ROU,2022-W46,5931.222
Romania,ROU,2022-W47,5918.5923
Romania,ROU,2022-W48,5897.7417
Romania,ROU,2022-W49,5892.9146
Romania,ROU,2022-W50,5876.6626
Romania,ROU,2022-W51,5864.2363
Romania,ROU,2022-W52,5757.432
Romania,ROU,2023-W01,5749.2983
Romania,ROU,2023-W02,5737.1934
Romania,ROU,2023-W03,5719.2476
Romania,ROU,2023-W04,5681.535
Romania,ROU,2023-W05,5646.216
Romania,ROU,2023-W06,5618.1455
Romania,ROU,2023-W07,5595.866
Romania,ROU,2023-W08,5560.135
Romania,ROU,2023-W09,5516.41
Romania,ROU,2023-W10,5486.651
Romania,ROU,2023-W11,5452.6787
Romania,ROU,2023-W12,5426.378
Romania,ROU,2023-W13,5396.005
Romania,ROU,2023-W14,5369.2617
Romania,ROU,2023-W15,5347.354
Romania,ROU,2023-W16,5334.083
Romania,ROU,2023-W17,5312.477
Romania,ROU,2023-W18,5299.6987
Romania,ROU,2023-W19,5289.8257
Romania,ROU,2023-W20,5288.4487
Romania,ROU,2023-W21,5275.328
Romania,ROU,2023-W22,5247.7505
Romania,ROU,2023-W23,5230.9907
Romania,ROU,2023-W24,5202.106
Romania,ROU,2023-W25,5185.2856
Romania,ROU,2023-W26,5152.259
Romania,ROU,2023-W27,5133.9907
Romania,ROU,2023-W28,5123.5244
Romania,ROU,2023-W29,5134.8853
Romania,ROU,2023-W30,5102.8135
Romania,ROU,2023-W31,5071.9883
Romania,ROU,2023-W32,5041.9473
Romania,ROU,2023-W33,5040.4995
Romania,ROU,2023-W34,5050.9756
Romania,ROU,2023-W35,5048.7134
Romania,ROU,2023-W36,5027.6807
Romania,ROU,2023-W37,5015.596
Romania,ROU,2023-W38,5008.066
Romania,ROU,2023-W39,4988.5107
Romania,ROU,2023-W40,4965.0957
Romania,ROU,2023-W41,4950.105
Romania,ROU,2023-W42,4931.546
Romania,ROU,2023-W43,4917.5405
Romania,ROU,2023-W44,4894.316
Romania,ROU,2023-W45,4872.288
Romania,ROU,2023-W46,4843.976
Romania,ROU,2023-W47,4826.4824
Romania,ROU,2023-W48,4808.2046
Romania,ROU,2023-W49,4778.0127
Romania,ROU,2023-W50,4750.5054
Romania,ROU,2023-W51,4720.193
Romania,ROU,2023-W52,4645.955
Russia,RUS,2020-W05,-38.03119
Russia,RUS,2020-W09,-12.286269
Russia,RUS,2020-W14,-18.643364
Russia,RUS,2020-W18,17.838493
Russia,RUS,2020-W22,174.94269
Russia,RUS,2020-W27,343.16165
Russia,RUS,2020-W31,571.73334
Russia,RUS,2020-W36,712.6768
Russia,RUS,2020-W40,896.3583
Russia,RUS,2020-W44,1371.0944
Russia,RUS,2020-W49,1983.7871
Russia,RUS,2020-W53,2560.023
Russia,RUS,2021-W04,2972.9814
Russia,RUS,2021-W08,3174.996
Russia,RUS,2021-W13,3337.1365
Russia,RUS,2021-W17,3462.9646
Russia,RUS,2021-W22,3623.1394
Russia,RUS,2021-W26,3946.1973
Russia,RUS,2021-W30,4481.418
Russia,RUS,2021-W35,4964.393
Russia,RUS,2021-W39,5428.706
Russia,RUS,2021-W43,6269.5576
Russia,RUS,2021-W48,6995.6646
Russia,RUS,2021-W52,7421.1763
Russia,RUS,2022-W05,7674.6616
Russia,RUS,2022-W09,8085.4785
Russia,RUS,2022-W13,8292.598
Russia,RUS,2022-W17,8296.539
Russia,RUS,2022-W22,8311.461
Russia,RUS,2022-W26,8297.042
Russia,RUS,2022-W30,8283.856
Russia,RUS,2022-W35,8327.998
Russia,RUS,2022-W39,8448.816
Russia,RUS,2022-W44,8512.336
Russia,RUS,2022-W48,8567.829
Russia,RUS,2022-W52,8749.637
Russia,RUS,2023-W05,8815.751
Russia,RUS,2023-W09,8811.641
Russia,RUS,2023-W13,8822.164
Russia,RUS,2023-W17,8836.559
Russia,RUS,2023-W22,8862.929
Russia,RUS,2023-W26,8876.777
Russia,RUS,2023-W31,8918.15
Russia,RUS,2023-W35,8965.827
Russia,RUS,2023-W39,9010.471
Russia,RUS,2023-W44,9081.563
Russia,RUS,2023-W48,9170.919
Russia,RUS,2023-W52,9344.609
Saint Kitts and Nevis,KNA,2020-W05,-121.68001
Saint Kitts and Nevis,KNA,2020-W09,-138.46344
Saint Kitts and Nevis,KNA,2020-W14,-151.051
Saint Kitts and Nevis,KNA,2020-W18,-230.77238
Saint Kitts and Nevis,KNA,2020-W22,-37.76267
Saint Kitts and Nevis,KNA,2020-W27,155.24704
Saint Kitts and Nevis,KNA,2020-W31,289.51465
Saint Kitts and Nevis,KNA,2020-W36,230.77258
Saint Kitts and Nevis,KNA,2020-W40,140.56154
Saint Kitts and Nevis,KNA,2020-W44,159.44292
Saint Kitts and Nevis,KNA,2020-W49,184.61812
Saint Kitts and Nevis,KNA,2020-W53,213.98914
Saint Kitts and Nevis,KNA,2021-W04,545.8631
Saint Kitts and Nevis,KNA,2021-W08,457.6852
Saint Kitts and Nevis,KNA,2021-W13,312.82156
Saint Kitts and Nevis,KNA,2021-W17,266.63312
Saint Kitts and Nevis,KNA,2021-W22,346.4131
Saint Kitts and Nevis,KNA,2021-W26,447.18777
Saint Kitts and Nevis,KNA,2021-W30,470.28198
Saint Kitts and Nevis,KNA,2021-W35,718.0198
Saint Kitts and Nevis,KNA,2021-W39,1270.1812
Saint Kitts and Nevis,KNA,2021-W43,1702.6726
Saint Kitts and Nevis,KNA,2021-W48,2013.3947
Saint Kitts and Nevis,KNA,2021-W52,2204.4468
Saint Kitts and Nevis,KNA,2022-W05,2946.6665
Saint Kitts and Nevis,KNA,2022-W09,3145.9072
Saint Kitts and Nevis,KNA,2022-W13,3286.4243
Saint Kitts and Nevis,KNA,2022-W17,3422.747
Saint Kitts and Nevis,KNA,2022-W22,3496.1516
Saint Kitts and Nevis,KNA,2022-W26,3758.3105
Saint Kitts and Nevis,KNA,2022-W30,3898.8276
Saint Kitts and Nevis,KNA,2022-W35,4077.0957
Saint Kitts and Nevis,KNA,2022-W39,4098.0684
Saint Kitts and Nevis,KNA,2022-W44,4228.099
Saint Kitts and Nevis,KNA,2022-W48,4490.2583
Saint Kitts and Nevis,KNA,2022-W52,4525.9116
Saint Kitts and Nevis,KNA,2023-W05,4709.182
Saint Kitts and Nevis,KNA,2023-W09,4755.227
Saint Kitts and Nevis,KNA,2023-W13,4805.4585
Saint Kitts and Nevis,KNA,2023-W17,4998.0117
Saint Kitts and Nevis,KNA,2023-W22,5295.2134
Saint Kitts and Nevis,KNA,2023-W26,5927.2905
Saint Kitts and Nevis,KNA,2023-W31,6124.03
Saint Kitts and Nevis,KNA,2023-W35,6295.6533
Saint Kitts and Nevis,KNA,2023-W39,6687.0386
Saint Kitts and Nevis,KNA,2023-W44,6957.0317
Saint Kitts and Nevis,KNA,2023-W48,7254.2334
Saint Kitts and Nevis,KNA,2023-W52,7430.0425
Saint Vincent and the Grenadines,VCT,2020-W05,73.58279
Saint Vincent and the Grenadines,VCT,2020-W09,55.425972
Saint Vincent and the Grenadines,VCT,2020-W14,106.07391
Saint Vincent and the Grenadines,VCT,2020-W18,145.25436
Saint Vincent and the Grenadines,VCT,2020-W22,312.48804
Saint Vincent and the Grenadines,VCT,2020-W27,330.64484
Saint Vincent and the Grenadines,VCT,2020-W31,222.65964
Saint Vincent and the Grenadines,VCT,2020-W36,198.76912
Saint Vincent and the Grenadines,VCT,2020-W40,184.4348
Saint Vincent and the Grenadines,VCT,2020-W44,177.74548
Saint Vincent and the Grenadines,VCT,2020-W49,237.94963
Saint Vincent and the Grenadines,VCT,2020-W53,112.763306
Saint Vincent and the Grenadines,VCT,2021-W04,86.25647
Saint Vincent and the Grenadines,VCT,2021-W08,216.59956
Saint Vincent and the Grenadines,VCT,2021-W13,32.585793
Saint Vincent and the Grenadines,VCT,2021-W17,28.752157
Saint Vincent and the Grenadines,VCT,2021-W22,76.67242
Saint Vincent and the Grenadines,VCT,2021-W26,13.417687
Saint Vincent and the Grenadines,VCT,2021-W30,-61.337948
Saint Vincent and the Grenadines,VCT,2021-W35,-61.337948
Saint Vincent and the Grenadines,VCT,2021-W39,44.086624
Saint Vincent and the Grenadines,VCT,2021-W43,741.80566
Saint Vincent and the Grenadines,VCT,2021-W48,893.2337
Saint Vincent and the Grenadines,VCT,2021-W52,1232.5092
San Marino,SMR,2020-W05,-41.13049
San Marino,SMR,2020-W09,52.882107
San Marino,SMR,2020-W14,881.3679
San Marino,SMR,2020-W18,1110.5236
San Marino,SMR,2020-W22,1233.915
San Marino,SMR,2020-W27,1439.5676
San Marino,SMR,2020-W31,1568.8348
San Marino,SMR,2020-W36,1568.8348
San Marino,SMR,2020-W40,1498.3254
San Marino,SMR,2020-W44,1651.096
San Marino,SMR,2020-W49,1780.3632
San Marino,SMR,2020-W53,2456.0786
San Marino,SMR,2021-W04,2398.4365
San Marino,SMR,2021-W08,2664.9297
San Marino,SMR,2021-W13,3079.474
San Marino,SMR,2021-W17,3215.6816
San Marino,SMR,2021-W22,3215.6816
San Marino,SMR,2021-W26,3150.539
San Marino,SMR,2021-W30,3274.9023
San Marino,SMR,2021-W35,3298.5906
San Marino,SMR,2021-W39,3369.6553
San Marino,SMR,2021-W43,3547.3174
San Marino,SMR,2021-W48,3582.8499
San Marino,SMR,2021-W52,3961.8618
San Marino,SMR,2022-W05,4214.9004
San Marino,SMR,2022-W09,4179.2817
San Marino,SMR,2022-W13,4084.298
San Marino,SMR,2022-W17,3947.759
San Marino,SMR,2022-W22,4001.1873
San Marino,SMR,2022-W26,3989.3142
San Marino,SMR,2022-W30,4048.6792
San Marino,SMR,2022-W35,4125.8535
San Marino,SMR,2022-W39,3953.6956
San Marino,SMR,2022-W44,4096.171
San Marino,SMR,2022-W48,4007.1238
San Marino,SMR,2022-W52,3935.886
San Marino,SMR,2023-W05,4030.773
San Marino,SMR,2023-W09,4200.083
San Marino,SMR,2023-W13,4399.097
San Marino,SMR,2023-W17,4318.8975
San Marino,SMR,2023-W22,4191.1724
San Marino,SMR,2023-W26,3879.285
San Marino,SMR,2023-W31,3846.6108
San Marino,SMR,2023-W35,3891.1663
San Marino,SMR,2023-W39,3834.7295
San Marino,SMR,2023-W44,4033.7434
San Marino,SMR,2023-W48,4208.994
San Marino,SMR,2023-W52,4342.66
Serbia,SRB,2020-W05,-68.59194
Serbia,SRB,2020-W09,-57.97771
Serbia,SRB,2020-W14,-70.68495
Serbia,SRB,2020-W18,-25.088385
Serbia,SRB,2020-W22,-47.553673
Serbia,SRB,2020-W27,25.876482
Serbia,SRB,2020-W31,307.3792
Serbia,SRB,2020-W36,429.4638
Serbia,SRB,2020-W40,468.75433
Serbia,SRB,2020-W44,493.04083
Serbia,SRB,2020-W49,1006.2638
Serbia,SRB,2020-W53,2129.1897
Serbia,SRB,2021-W04,2154.7886
Serbia,SRB,2021-W08,2301.3193
Serbia,SRB,2021-W13,2827.3875
Serbia,SRB,2021-W17,3418.6902
Serbia,SRB,2021-W22,3754.0166
Serbia,SRB,2021-W26,3952.2412
Serbia,SRB,2021-W30,4028.9053
Serbia,SRB,2021-W35,4131.608
Serbia,SRB,2021-W39,4639.3945
Serbia,SRB,2021-W43,5502.077
Serbia,SRB,2021-W48,6462.146
Serbia,SRB,2021-W52,6954.5005
Serbia,SRB,2022-W05,7174.128
Serbia,SRB,2022-W09,7731.8345
Serbia,SRB,2022-W13,8031.888
Serbia,SRB,2022-W17,8054.7095
Serbia,SRB,2022-W22,8101.654
Serbia,SRB,2022-W26,8118.631
Serbia,SRB,2022-W30,8121.484
Serbia,SRB,2022-W35,8327.899
Serbia,SRB,2022-W39,8479.311
Serbia,SRB,2022-W44,8494.959
Serbia,SRB,2022-W48,8474.547
Serbia,SRB,2022-W52,8464.41
Serbia,SRB,2023-W05,8420.154
Serbia,SRB,2023-W09,8368.189
Serbia,SRB,2023-W13,8311.524
Serbia,SRB,2023-W17,8200.168
Serbia,SRB,2023-W22,8219.485
Serbia,SRB,2023-W26,8177.1997
Serbia,SRB,2023-W31,8164.989
Serbia,SRB,2023-W35,8162.8486
Serbia,SRB,2023-W39,8115.9194
Serbia,SRB,2023-W44,8132.159
Serbia,SRB,2023-W48,8144.007
Serbia,SRB,2023-W52,8130.2847
Seychelles,SYC,2020-W05,-30.318792
Seychelles,SYC,2020-W09,-73.902084
Seychelles,SYC,2020-W14,-189.49255
Seychelles,SYC,2020-W18,-318.34753
Seychelles,SYC,2020-W22,-593.1119
Seychelles,SYC,2020-W27,-765.5501
Seychelles,SYC,2020-W31,-903.87976
Seychelles,SYC,2020-W36,-1070.6332
Seychelles,SYC,2020-W40,-1176.749
Seychelles,SYC,2020-W44,-1493.2018
Seychelles,SYC,2020-W49,-1561.4191
Seychelles,SYC,2020-W53,-1620.1617
Seychelles,SYC,2021-W04,-1618.0529
Seychelles,SYC,2021-W08,-1521.3265
Seychelles,SYC,2021-W13,-1495.9711
Seychelles,SYC,2021-W17,-1605.8447
Seychelles,SYC,2021-W22,-1428.3566
Seychelles,SYC,2021-W26,-1093.1012
Seychelles,SYC,2021-W30,-855.5113
Seychelles,SYC,2021-W35,-890.2576
Seychelles,SYC,2021-W39,-846.12036
Seychelles,SYC,2021-W43,-907.16125
Seychelles,SYC,2021-W48,-1060.233
Seychelles,SYC,2021-W52,-1034.8777
Seychelles,SYC,2022-W05,-668.3155
Seychelles,SYC,2022-W09,-610.44464
Seychelles,SYC,2022-W13,-604.84424
Seychelles,SYC,2022-W17,-612.31146
Seychelles,SYC,2022-W22,-558.17413
Seychelles,SYC,2022-W26,-505.90366
Seychelles,SYC,2022-W30,-476.03485
Seychelles,SYC,2022-W35,-436.832
Seychelles,SYC,2022-W39,-496.56973
Seychelles,SYC,2022-W44,-492.8361
Seychelles,SYC,2022-W48,-543.2398
Seychelles,SYC,2022-W52,-546.97345
Seychelles,SYC,2023-W05,-632.4764
Seychelles,SYC,2023-W09,-668.6975
Seychelles,SYC,2023-W13,-617.61646
Seychelles,SYC,2023-W17,-588.8253
Seychelles,SYC,2023-W22,-563.7492
Seychelles,SYC,2023-W26,-828.44196
Seychelles,SYC,2023-W31,-1003.9751
Seychelles,SYC,2023-W35,-1021.6213
Seychelles,SYC,2023-W39,-1081.9899
Seychelles,SYC,2023-W44,-1199.9406
Seychelles,SYC,2023-W48,-1083.8473
Seychelles,SYC,2023-W52,-874.87933
Singapore,SGP,2020-W05,34.48467
Singapore,SGP,2020-W09,45.077106
Singapore,SGP,2020-W14,46.66767
Singapore,SGP,2020-W18,68.461716
Singapore,SGP,2020-W22,63.89309
Singapore,SGP,2020-W27,44.63717
Singapore,SGP,2020-W31,16.345543
Singapore,SGP,2020-W36,13.942793
Singapore,SGP,2020-W40,17.868418
Singapore,SGP,2020-W44,3.9933336
Singapore,SGP,2020-W49,6.2268753
Singapore,SGP,2020-W53,3.7225835
Singapore,SGP,2021-W04,-5.2515774
Singapore,SGP,2021-W08,0.23565218
Singapore,SGP,2021-W13,1.1445845
Singapore,SGP,2021-W17,20.804375
Singapore,SGP,2021-W22,27.032215
Singapore,SGP,2021-W26,31.273872
Singapore,SGP,2021-W30,37.13142
Singapore,SGP,2021-W35,46.523685
Singapore,SGP,2021-W39,80.22135
Singapore,SGP,2021-W43,181.71834
Singapore,SGP,2021-W48,275.0013
Singapore,SGP,2021-W52,309.37225
Singapore,SGP,2022-W05,311.07712
Singapore,SGP,2022-W09,371.60568
Singapore,SGP,2022-W13,487.65924
Singapore,SGP,2022-W17,534.499
Singapore,SGP,2022-W22,580.3682
Singapore,SGP,2022-W26,607.3609
Singapore,SGP,2022-W30,672.776
Singapore,SGP,2022-W35,739.3624
Singapore,SGP,2022-W39,793.465
Singapore,SGP,2022-W44,867.95013
Singapore,SGP,2022-W48,923.3915
Singapore,SGP,2022-W52,972.30634
Singapore,SGP,2023-W05,1012.8809
Singapore,SGP,2023-W09,1060.3977
Singapore,SGP,2023-W13,1106.3848
Singapore,SGP,2023-W17,1183.3625
Singapore,SGP,2023-W22,1256.217
Singapore,SGP,2023-W26,1293.193
Singapore,SGP,2023-W31,1312.9778
Singapore,SGP,2023-W35,1350.386
Singapore,SGP,2023-W39,1396.0073
Singapore,SGP,2023-W44,1446.2507
Singapore,SGP,2023-W48,1476.7426
Singapore,SGP,2023-W52,1552.2904
Slovakia,SVK,2020-W01,-3.0604594
Slovakia,SVK,2020-W02,-12.901598
Slovakia,SVK,2020-W03,-34.691402
Slovakia,SVK,2020-W04,-45.375565
Slovakia,SVK,2020-W05,-57.63577
Slovakia,SVK,2020-W06,-75.46713
Slovakia,SVK,2020-W07,-77.72125
Slovakia,SVK,2020-W08,-97.31192
Slovakia,SVK,2020-W09,-105.467064
Slovakia,SVK,2020-W10,-109.18729
Slovakia,SVK,2020-W11,-106.38337
Slovakia,SVK,2020-W12,-87.635704
Slovakia,SVK,2020-W13,-88.05721
Slovakia,SVK,2020-W14,-77.0432
Slovakia,SVK,2020-W15,-85.74812
Slovakia,SVK,2020-W16,-95.406006
Slovakia,SVK,2020-W17,-102.131714
Slovakia,SVK,2020-W18,-104.7157
Slovakia,SVK,2020-W19,-96.34064
Slovakia,SVK,2020-W20,-90.861115
Slovakia,SVK,2020-W21,-93.151886
Slovakia,SVK,2020-W22,-101.49029
Slovakia,SVK,2020-W23,-94.91119
Slovakia,SVK,2020-W24,-94.196465
Slovakia,SVK,2020-W25,-105.393745
Slovakia,SVK,2020-W26,-104.3858
Slovakia,SVK,2020-W27,-97.11032
Slovakia,SVK,2020-W28,-92.327194
Slovakia,SVK,2020-W29,-93.29848
Slovakia,SVK,2020-W30,-106.365036
Slovakia,SVK,2020-W31,-105.61367
Slovakia,SVK,2020-W32,-88.03888
Slovakia,SVK,2020-W33,-88.53369
Slovakia,SVK,2020-W34,-84.813484
Slovakia,SVK,2020-W35,-73.10306
Slovakia,SVK,2020-W36,-69.71272
Slovakia,SVK,2020-W37,-55.143425
Slovakia,SVK,2020-W38,-58.82698
Slovakia,SVK,2020-W39,-50.415268
Slovakia,SVK,2020-W40,-24.630362
Slovakia,SVK,2020-W41,-9.474627
Slovakia,SVK,2020-W42,25.106836
Slovakia,SVK,2020-W43,78.30767
Slovakia,SVK,2020-W44,143.78703
Slovakia,SVK,2020-W45,221.72818
Slovakia,SVK,2020-W46,295.12445
Slovakia,SVK,2020-W47,360.67712
Slovakia,SVK,2020-W48,436.16257
Slovakia,SVK,2020-W49,523.56
Slovakia,SVK,2020-W50,621.8799
Slovakia,SVK,2020-W51,717.92725
Slovakia,SVK,2020-W52,845.34906
Slovakia,SVK,2020-W53,1021.0145
Slovakia,SVK,2021-W01,1190.5564
Slovakia,SVK,2021-W02,1366.8903
Slovakia,SVK,2021-W03,1511.614
Slovakia,SVK,2021-W04,1659.2013
Slovakia,SVK,2021-W05,1798.6017
Slovakia,SVK,2021-W06,1960.3236
Slovakia,SVK,2021-W07,2109.7466
Slovakia,SVK,2021-W08,2250.432
Slovakia,SVK,2021-W09,2373.568
Slovakia,SVK,2021-W10,2489.3987
Slovakia,SVK,2021-W11,2593.7744
Slovakia,SVK,2021-W12,2685.1172
Slovakia,SVK,2021-W13,2760.1958
Slovakia,SVK,2021-W14,2817.1748
Slovakia,SVK,2021-W15,2864.3145
Slovakia,SVK,2021-W16,2908.6643
Slovakia,SVK,2021-W17,2936.3093
Slovakia,SVK,2021-W18,2963.3303
Slovakia,SVK,2021-W19,2993.6187
Slovakia,SVK,2021-W20,3002.4666
Slovakia,SVK,2021-W21,3001.512
Slovakia,SVK,2021-W22,3009.0015
Slovakia,SVK,2021-W23,3022.0715
Slovakia,SVK,2021-W24,3034.7744
Slovakia,SVK,2021-W25,3058.3076
Slovakia,SVK,2021-W26,3064.6956
Slovakia,SVK,2021-W27,3072.7725
Slovakia,SVK,2021-W28,3082.0242
Slovakia,SVK,2021-W29,3071.1938
Slovakia,SVK,2021-W30,3070.643
Slovakia,SVK,2021-W31,3065.2097
Slovakia,SVK,2021-W32,3065.797
Slovakia,SVK,2021-W33,3073.8005
Slovakia,SVK,2021-W34,3064.9158
Slovakia,SVK,2021-W35,3071.3774
Slovakia,SVK,2021-W36,3087.6782
Slovakia,SVK,2021-W37,3121.7847
Slovakia,SVK,2021-W38,3152.8442
Slovakia,SVK,2021-W39,3172.1553
Slovakia,SVK,2021-W40,3212.1729
Slovakia,SVK,2021-W41,3251.0889
Slovakia,SVK,2021-W42,3304.6902
Slovakia,SVK,2021-W43,3389.6082
Slovakia,SVK,2021-W44,3481.1343
Slovakia,SVK,2021-W45,3602.5818
Slovakia,SVK,2021-W46,3757.108
Slovakia,SVK,2021-W47,3923.7861
Slovakia,SVK,2021-W48,4090.3176
Slovakia,SVK,2021-W49,4258.134
Slovakia,SVK,2021-W50,4393.9365
Slovakia,SVK,2021-W51,4486.16
Slovakia,SVK,2021-W52,4400.23
Slovakia,SVK,2022-W01,4443.643
Slovakia,SVK,2022-W02,4462.072
Slovakia,SVK,2022-W03,4464.34
Slovakia,SVK,2022-W04,4465.2964
Slovakia,SVK,2022-W05,4469.691
Slovakia,SVK,2022-W06,4472.9517
Slovakia,SVK,2022-W07,4502.7915
Slovakia,SVK,2022-W08,4523.3105
Slovakia,SVK,2022-W09,4557.8994
Slovakia,SVK,2022-W10,4595.1816
Slovakia,SVK,2022-W11,4640.012
Slovakia,SVK,2022-W12,4677.578
Slovakia,SVK,2022-W13,4714.1514
Slovakia,SVK,2022-W14,4746.3657
Slovakia,SVK,2022-W15,4752.2485
Slovakia,SVK,2022-W16,4768.3735
Slovakia,SVK,2022-W17,4786.4473
Slovakia,SVK,2022-W18,4801.084
Slovakia,SVK,2022-W19,4810.723
Slovakia,SVK,2022-W20,4814.9053
Slovakia,SVK,2022-W21,4814.409
Slovakia,SVK,2022-W22,4832.164
Slovakia,SVK,2022-W23,4847.6865
Slovakia,SVK,2022-W24,4839.1104
Slovakia,SVK,2022-W25,4855.696
Slovakia,SVK,2022-W26,4885.8545
Slovakia,SVK,2022-W27,4890.3555
Slovakia,SVK,2022-W28,4898.1167
Slovakia,SVK,2022-W29,4936.1074
Slovakia,SVK,2022-W30,4945.9243
Slovakia,SVK,2022-W31,4960.419
Slovakia,SVK,2022-W32,4978.599
Slovakia,SVK,2022-W33,5004.647
Slovakia,SVK,2022-W34,5029.2773
Slovakia,SVK,2022-W35,5033.105
Slovakia,SVK,2022-W36,5044.3037
Slovakia,SVK,2022-W37,5045.225
Slovakia,SVK,2022-W38,5057.558
Slovakia,SVK,2022-W39,5082.826
Slovakia,SVK,2022-W40,5104.515
Slovakia,SVK,2022-W41,5124.609
Slovakia,SVK,2022-W42,5140.6274
Slovakia,SVK,2022-W43,5165.6123
Slovakia,SVK,2022-W44,5185.6353
Slovakia,SVK,2022-W45,5189.5337
Slovakia,SVK,2022-W46,5197.3657
Slovakia,SVK,2022-W47,5217.8145
Slovakia,SVK,2022-W48,5218.8066
Slovakia,SVK,2022-W49,5245.8467
Slovakia,SVK,2022-W50,5290.004
Slovakia,SVK,2022-W51,5343.659
Slovakia,SVK,2022-W52,5248.252
Slovakia,SVK,2023-W01,5266.422
Slovakia,SVK,2023-W02,5268.717
Slovakia,SVK,2023-W03,5258.8984
Slovakia,SVK,2023-W04,5239.693
Slovakia,SVK,2023-W05,5213.1367
Slovakia,SVK,2023-W06,5189.617
Slovakia,SVK,2023-W07,5161.4385
Slovakia,SVK,2023-W08,5142.3022
Slovakia,SVK,2023-W09,5125.478
Slovakia,SVK,2023-W10,5120.9395
Slovakia,SVK,2023-W11,5125.478
Slovakia,SVK,2023-W12,5130.3613
Slovakia,SVK,2023-W13,5130.482
Slovakia,SVK,2023-W14,5121.6987
Slovakia,SVK,2023-W15,5122.3027
Slovakia,SVK,2023-W16,5118.731
Slovakia,SVK,2023-W17,5117.2295
Slovakia,SVK,2023-W18,5108.2397
Slovakia,SVK,2023-W19,5102.8384
Slovakia,SVK,2023-W20,5088.3267
Slovakia,SVK,2023-W21,5098.076
Slovakia,SVK,2023-W22,5089.362
Slovakia,SVK,2023-W23,5091.7603
Slovakia,SVK,2023-W24,5089.155
Slovakia,SVK,2023-W25,5098.283
Slovakia,SVK,2023-W26,5099.0596
Slovakia,SVK,2023-W27,5101.0786
Slovakia,SVK,2023-W28,5109.206
Slovakia,SVK,2023-W29,5107.9463
Slovakia,SVK,2023-W30,5089.086
Slovakia,SVK,2023-W31,5078.577
Slovakia,SVK,2023-W32,5060.614
Slovakia,SVK,2023-W33,5064.9795
Slovakia,SVK,2023-W34,5084.5303
Slovakia,SVK,2023-W35,5079.6816
Slovakia,SVK,2023-W36,5081.666
Slovakia,SVK,2023-W37,5085.7207
Slovakia,SVK,2023-W38,5078.974
Slovakia,SVK,2023-W39,5070.674
Slovakia,SVK,2023-W40,5058.888
Slovakia,SVK,2023-W41,5066.429
Slovakia,SVK,2023-W42,5074.315
Slovakia,SVK,2023-W43,5091.6226
Slovakia,SVK,2023-W44,5096.1606
Slovakia,SVK,2023-W45,5097.593
Slovakia,SVK,2023-W46,5103.2007
Slovakia,SVK,2023-W47,5120.2324
Slovakia,SVK,2023-W48,5150.7573
Slovakia,SVK,2023-W49,5184.561
Slovakia,SVK,2023-W50,5212.7744
Slovakia,SVK,2023-W51,5238.675
Slovakia,SVK,2023-W52,5263.4023
Slovenia,SVN,2020-W01,-16.669432
Slovenia,SVN,2020-W02,-37.399975
Slovenia,SVN,2020-W03,-60.774963
Slovenia,SVN,2020-W04,-76.87774
Slovenia,SVN,2020-W05,-88.730515
Slovenia,SVN,2020-W06,-99.92218
Slovenia,SVN,2020-W07,-87.50275
Slovenia,SVN,2020-W08,-99.82774
Slovenia,SVN,2020-W09,-119.80273
Slovenia,SVN,2020-W10,-118.71663
Slovenia,SVN,2020-W11,-126.319405
Slovenia,SVN,2020-W12,-121.17219
Slovenia,SVN,2020-W13,-144.26384
Slovenia,SVN,2020-W14,-159.42216
Slovenia,SVN,2020-W15,-139.82495
Slovenia,SVN,2020-W16,-130.33328
Slovenia,SVN,2020-W17,-130.94717
Slovenia,SVN,2020-W18,-141.28883
Slovenia,SVN,2020-W19,-138.12494
Slovenia,SVN,2020-W20,-144.97215
Slovenia,SVN,2020-W21,-127.16938
Slovenia,SVN,2020-W22,-142.89436
Slovenia,SVN,2020-W23,-150.02492
Slovenia,SVN,2020-W24,-138.83325
Slovenia,SVN,2020-W25,-131.79715
Slovenia,SVN,2020-W26,-99.16661
Slovenia,SVN,2020-W27,-97.70272
Slovenia,SVN,2020-W28,-111.727715
Slovenia,SVN,2020-W29,-119.33049
Slovenia,SVN,2020-W30,-124.76105
Slovenia,SVN,2020-W31,-111.96383
Slovenia,SVN,2020-W32,-108.799934
Slovenia,SVN,2020-W33,-96.75827
Slovenia,SVN,2020-W34,-106.15549
Slovenia,SVN,2020-W35,-121.12493
Slovenia,SVN,2020-W36,-111.25549
Slovenia,SVN,2020-W37,-101.29161
Slovenia,SVN,2020-W38,-79.52217
Slovenia,SVN,2020-W39,-84.29162
Slovenia,SVN,2020-W40,-73.47773
Slovenia,SVN,2020-W41,-64.2694
Slovenia,SVN,2020-W42,-38.06108
Slovenia,SVN,2020-W43,17.519453
Slovenia,SVN,2020-W44,116.355515
Slovenia,SVN,2020-W45,228.31935
Slovenia,SVN,2020-W46,387.03317
Slovenia,SVN,2020-W47,549.997
Slovenia,SVN,2020-W48,741.67194
Slovenia,SVN,2020-W49,923.9968
Slovenia,SVN,2020-W50,1095.4607
Slovenia,SVN,2020-W51,1235.569
Slovenia,SVN,2020-W52,1359.2439
Slovenia,SVN,2020-W53,1469.4198
Slovenia,SVN,2021-W01,1538.3541
Slovenia,SVN,2021-W02,1608.8927
Slovenia,SVN,2021-W03,1659.3313
Slovenia,SVN,2021-W04,1676.4587
Slovenia,SVN,2021-W05,1686.0369
Slovenia,SVN,2021-W06,1666.0785
Slovenia,SVN,2021-W07,1641.4017
Slovenia,SVN,2021-W08,1640.5996
Slovenia,SVN,2021-W09,1623.661
Slovenia,SVN,2021-W10,1631.5405
Slovenia,SVN,2021-W11,1625.0764
Slovenia,SVN,2021-W12,1619.0842
Slovenia,SVN,2021-W13,1618.3765
Slovenia,SVN,2021-W14,1611.9124
Slovenia,SVN,2021-W15,1627.9075
Slovenia,SVN,2021-W16,1647.0165
Slovenia,SVN,2021-W17,1639.9863
Slovenia,SVN,2021-W18,1643.525
Slovenia,SVN,2021-W19,1653.9524
Slovenia,SVN,2021-W20,1670.4193
Slovenia,SVN,2021-W21,1678.9595
Slovenia,SVN,2021-W22,1700.7108
Slovenia,SVN,2021-W23,1712.1763
Slovenia,SVN,2021-W24,1730.153
Slovenia,SVN,2021-W25,1738.3156
Slovenia,SVN,2021-W26,1756.9529
Slovenia,SVN,2021-W27,1742.5621
Slovenia,SVN,2021-W28,1731.5685
Slovenia,SVN,2021-W29,1712.365
Slovenia,SVN,2021-W30,1707.5995
Slovenia,SVN,2021-W31,1688.4904
Slovenia,SVN,2021-W32,1681.4601
Slovenia,SVN,2021-W33,1660.6525
Slovenia,SVN,2021-W34,1640.1278
Slovenia,SVN,2021-W35,1650.8384
Slovenia,SVN,2021-W36,1681.177
Slovenia,SVN,2021-W37,1694.6241
Slovenia,SVN,2021-W38,1715.1488
Slovenia,SVN,2021-W39,1745.0156
Slovenia,SVN,2021-W40,1753.65
Slovenia,SVN,2021-W41,1778.6099
Slovenia,SVN,2021-W42,1816.7809
Slovenia,SVN,2021-W43,1847.9689
Slovenia,SVN,2021-W44,1921.4327
Slovenia,SVN,2021-W45,2012.7318
Slovenia,SVN,2021-W46,2097.4253
Slovenia,SVN,2021-W47,2168.9075
Slovenia,SVN,2021-W48,2262.4714
Slovenia,SVN,2021-W49,2313.665
Slovenia,SVN,2021-W50,2348.8162
Slovenia,SVN,2021-W51,2374.3423
Slovenia,SVN,2021-W52,2404.6592
Slovenia,SVN,2022-W01,2408.669
Slovenia,SVN,2022-W02,2415.6978
Slovenia,SVN,2022-W03,2403.5742
Slovenia,SVN,2022-W04,2396.3567
Slovenia,SVN,2022-W05,2434.8972
Slovenia,SVN,2022-W06,2464.192
Slovenia,SVN,2022-W07,2500.5625
Slovenia,SVN,2022-W08,2496.1755
Slovenia,SVN,2022-W09,2498.77
Slovenia,SVN,2022-W10,2520.0452
Slovenia,SVN,2022-W11,2519.432
Slovenia,SVN,2022-W12,2515.0447
Slovenia,SVN,2022-W13,2508.865
Slovenia,SVN,2022-W14,2511.554
Slovenia,SVN,2022-W15,2529.6213
Slovenia,SVN,2022-W16,2538.537
Slovenia,SVN,2022-W17,2543.0186
Slovenia,SVN,2022-W18,2541.5562
Slovenia,SVN,2022-W19,2546.9812
Slovenia,SVN,2022-W20,2553.7268
Slovenia,SVN,2022-W21,2549.717
Slovenia,SVN,2022-W22,2553.7268
Slovenia,SVN,2022-W23,2552.6418
Slovenia,SVN,2022-W24,2556.18
Slovenia,SVN,2022-W25,2558.8687
Slovenia,SVN,2022-W26,2589.4841
Slovenia,SVN,2022-W27,2591.7957
Slovenia,SVN,2022-W28,2597.9753
Slovenia,SVN,2022-W29,2636.516
Slovenia,SVN,2022-W30,2631.9402
Slovenia,SVN,2022-W31,2652.1775
Slovenia,SVN,2022-W32,2680.7173
Slovenia,SVN,2022-W33,2694.0674
Slovenia,SVN,2022-W34,2694.492
Slovenia,SVN,2022-W35,2670.009
Slovenia,SVN,2022-W36,2668.4524
Slovenia,SVN,2022-W37,2674.066
Slovenia,SVN,2022-W38,2660.8103
Slovenia,SVN,2022-W39,2678.1228
Slovenia,SVN,2022-W40,2686.4727
Slovenia,SVN,2022-W41,2688.9727
Slovenia,SVN,2022-W42,2687.2273
Slovenia,SVN,2022-W43,2681.8025
Slovenia,SVN,2022-W44,2687.9822
Slovenia,SVN,2022-W45,2682.2742
Slovenia,SVN,2022-W46,2697.7942
Slovenia,SVN,2022-W47,2727.466
Slovenia,SVN,2022-W48,2747.6091
Slovenia,SVN,2022-W49,2773.5073
Slovenia,SVN,2022-W50,2803.6511
Slovenia,SVN,2022-W51,2868.0425
Slovenia,SVN,2022-W52,2921.9019
Slovenia,SVN,2023-W01,2954.8787
Slovenia,SVN,2023-W02,2964.9272
Slovenia,SVN,2023-W03,2979.8823
Slovenia,SVN,2023-W04,2941.2444
Slovenia,SVN,2023-W05,2920.5337
Slovenia,SVN,2023-W06,2887.7458
Slovenia,SVN,2023-W07,2877.6028
Slovenia,SVN,2023-W08,2866.3276
Slovenia,SVN,2023-W09,2837.974
Slovenia,SVN,2023-W10,2825.4724
Slovenia,SVN,2023-W11,2796.2698
Slovenia,SVN,2023-W12,2796.317
Slovenia,SVN,2023-W13,2766.2654
Slovenia,SVN,2023-W14,2748.3853
Slovenia,SVN,2023-W15,2737.8647
Slovenia,SVN,2023-W16,2728.571
Slovenia,SVN,2023-W17,2716.2578
Slovenia,SVN,2023-W18,2717.3428
Slovenia,SVN,2023-W19,2722.485
Slovenia,SVN,2023-W20,2711.9646
Slovenia,SVN,2023-W21,2723.24
Slovenia,SVN,2023-W22,2721.3057
Slovenia,SVN,2023-W23,2713.3328
Slovenia,SVN,2023-W24,2716.1162
Slovenia,SVN,2023-W25,2734.0906
Slovenia,SVN,2023-W26,2747.9136
Slovenia,SVN,2023-W27,2741.4502
Slovenia,SVN,2023-W28,2769.0488
Slovenia,SVN,2023-W29,2757.3018
Slovenia,SVN,2023-W30,2749.1401
Slovenia,SVN,2023-W31,2739.8462
Slovenia,SVN,2023-W32,2736.4966
Slovenia,SVN,2023-W33,2735.8833
Slovenia,SVN,2023-W34,2737.4402
Slovenia,SVN,2023-W35,2716.9182
Slovenia,SVN,2023-W36,2707.53
Slovenia,SVN,2023-W37,2693.0466
Slovenia,SVN,2023-W38,2697.906
Slovenia,SVN,2023-W39,2693.2354
Slovenia,SVN,2023-W40,2684.7908
Slovenia,SVN,2023-W41,2680.875
Slovenia,SVN,2023-W42,2697.7173
Slovenia,SVN,2023-W43,2706.6335
Slovenia,SVN,2023-W44,2714.8896
Slovenia,SVN,2023-W45,2714.0876
Slovenia,SVN,2023-W46,2718.475
Slovenia,SVN,2023-W47,2743.6204
Slovenia,SVN,2023-W48,2753.103
Slovenia,SVN,2023-W49,2780.607
Slovenia,SVN,2023-W50,2810.47
Slovenia,SVN,2023-W51,2837.7854
Slovenia,SVN,2023-W52,2868.9695
South Africa,ZAF,2020-W01,4.100199
South Africa,ZAF,2020-W02,10.6391
South Africa,ZAF,2020-W03,14.093062
South Africa,ZAF,2020-W04,9.241183
South Africa,ZAF,2020-W05,11.977495
South Africa,ZAF,2020-W06,24.356348
South Africa,ZAF,2020-W07,28.749058
South Africa,ZAF,2020-W08,34.69274
South Africa,ZAF,2020-W09,27.97358
South Africa,ZAF,2020-W10,35.96482
South Africa,ZAF,2020-W11,40.139854
South Africa,ZAF,2020-W12,41.6279
South Africa,ZAF,2020-W13,35.160427
South Africa,ZAF,2020-W14,19.516376
South Africa,ZAF,2020-W15,5.5083294
South Africa,ZAF,2020-W16,-10.057484
South Africa,ZAF,2020-W17,-34.629814
South Africa,ZAF,2020-W18,-67.25289
South Africa,ZAF,2020-W19,-91.89324
South Africa,ZAF,2020-W20,-113.80579
South Africa,ZAF,2020-W21,-130.90898
South Africa,ZAF,2020-W22,-148.33868
South Africa,ZAF,2020-W23,-165.68675
South Africa,ZAF,2020-W24,-174.8276
South Africa,ZAF,2020-W25,-157.51015
South Africa,ZAF,2020-W26,-131.37665
South Africa,ZAF,2020-W27,-92.18235
South Africa,ZAF,2020-W28,-22.142132
South Africa,ZAF,2020-W29,76.01622
South Africa,ZAF,2020-W30,177.11325
South Africa,ZAF,2020-W31,253.91176
South Africa,ZAF,2020-W32,308.57153
South Africa,ZAF,2020-W33,343.24896
South Africa,ZAF,2020-W34,375.5319
South Africa,ZAF,2020-W35,393.95135
South Africa,ZAF,2020-W36,405.0071
South Africa,ZAF,2020-W37,409.48825
South Africa,ZAF,2020-W38,407.64648
South Africa,ZAF,2020-W39,412.07663
South Africa,ZAF,2020-W40,403.97653
South Africa,ZAF,2020-W41,414.63095
South Africa,ZAF,2020-W42,431.6321
South Africa,ZAF,2020-W43,445.91226
South Africa,ZAF,2020-W44,451.57703
South Africa,ZAF,2020-W45,464.18036
South Africa,ZAF,2020-W46,488.0452
South Africa,ZAF,2020-W47,512.0495
South Africa,ZAF,2020-W48,522.2176
South Africa,ZAF,2020-W49,553.18427
South Africa,ZAF,2020-W50,606.6978
South Africa,ZAF,2020-W51,675.0068
South Africa,ZAF,2020-W52,798.4738
South Africa,ZAF,2020-W53,958.4566
South Africa,ZAF,2021-W01,1182.1104
South Africa,ZAF,2021-W02,1445.1699
South Africa,ZAF,2021-W03,1658.8054
South Africa,ZAF,2021-W04,1774.7786
South Africa,ZAF,2021-W05,1852.2482
South Africa,ZAF,2021-W06,1900.0002
South Africa,ZAF,2021-W07,1941.1925
South Africa,ZAF,2021-W08,1970.9893
South Africa,ZAF,2021-W09,1997.3749
South Africa,ZAF,2021-W10,2024.0635
South Africa,ZAF,2021-W11,2041.586
South Africa,ZAF,2021-W12,2061.2131
South Africa,ZAF,2021-W13,2082.0054
South Africa,ZAF,2021-W14,2102.0803
South Africa,ZAF,2021-W15,2125.5767
South Africa,ZAF,2021-W16,2146.8574
South Africa,ZAF,2021-W17,2168.818
South Africa,ZAF,2021-W18,2190.9404
South Africa,ZAF,2021-W19,2217.279
South Africa,ZAF,2021-W20,2242.9844
South Africa,ZAF,2021-W21,2279.378
South Africa,ZAF,2021-W22,2325.6516
South Africa,ZAF,2021-W23,2373.69
South Africa,ZAF,2021-W24,2415.0203
South Africa,ZAF,2021-W25,2489.466
South Africa,ZAF,2021-W26,2590.1846
South Africa,ZAF,2021-W27,2713.2292
South Africa,ZAF,2021-W28,2887.3376
South Africa,ZAF,2021-W29,3048.64
South Africa,ZAF,2021-W30,3192.4617
South Africa,ZAF,2021-W31,3300.7266
South Africa,ZAF,2021-W32,3380.7253
South Africa,ZAF,2021-W33,3467.8628
South Africa,ZAF,2021-W34,3543.1335
South Africa,ZAF,2021-W35,3615.825
South Africa,ZAF,2021-W36,3666.8635
South Africa,ZAF,2021-W37,3701.2231
South Africa,ZAF,2021-W38,3730.973
South Africa,ZAF,2021-W39,3751.7114
South Africa,ZAF,2021-W40,3765.4487
South Africa,ZAF,2021-W41,3785.8672
South Africa,ZAF,2021-W42,3801.878
South Africa,ZAF,2021-W43,3810.7324
South Africa,ZAF,2021-W44,3829.9993
South Africa,ZAF,2021-W45,3852.28
South Africa,ZAF,2021-W46,3868.873
South Africa,ZAF,2021-W47,3884.2405
South Africa,ZAF,2021-W48,3910.912
South Africa,ZAF,2021-W49,3933.4421
South Africa,ZAF,2021-W50,3974.4053
South Africa,ZAF,2021-W51,4027.1882
South Africa,ZAF,2021-W52,4051.133
South Africa,ZAF,2022-W01,4090.6113
South Africa,ZAF,2022-W02,4127.1743
South Africa,ZAF,2022-W03,4150.6406
South Africa,ZAF,2022-W04,4167.673
South Africa,ZAF,2022-W05,4185.826
South Africa,ZAF,2022-W06,4197.435
South Africa,ZAF,2022-W07,4208.984
South Africa,ZAF,2022-W08,4223.959
South Africa,ZAF,2022-W09,4237.2876
South Africa,ZAF,2022-W10,4251.4844
South Africa,ZAF,2022-W11,4262.4688
South Africa,ZAF,2022-W12,4277.6606
South Africa,ZAF,2022-W13,4290.9023
South Africa,ZAF,2022-W14,4299.7095
South Africa,ZAF,2022-W15,4327.003
South Africa,ZAF,2022-W16,4345.838
South Africa,ZAF,2022-W17,4365.965
South Africa,ZAF,2022-W18,4390.527
South Africa,ZAF,2022-W19,4415.8965
South Africa,ZAF,2022-W20,4432.5244
South Africa,ZAF,2022-W21,4460.352
South Africa,ZAF,2022-W22,4482.282
South Africa,ZAF,2022-W23,4498.2656
South Africa,ZAF,2022-W24,4515.678
South Africa,ZAF,2022-W25,4527.4775
South Africa,ZAF,2022-W26,4543.7075
South Africa,ZAF,2022-W27,4550.488
South Africa,ZAF,2022-W28,4554.3765
South Africa,ZAF,2022-W29,4555.934
South Africa,ZAF,2022-W30,4562.414
South Africa,ZAF,2022-W31,4566.0923
South Africa,ZAF,2022-W32,4566.685
South Africa,ZAF,2022-W33,4570.45
South Africa,ZAF,2022-W34,4579.528
South Africa,ZAF,2022-W35,4587.7505
South Africa,ZAF,2022-W36,4595.9067
South Africa,ZAF,2022-W37,4601.966
South Africa,ZAF,2022-W38,4605.9746
South Africa,ZAF,2022-W39,4613.9204
South Africa,ZAF,2022-W40,4626.0435
South Africa,ZAF,2022-W41,4635.2744
South Africa,ZAF,2022-W42,4637.881
South Africa,ZAF,2022-W43,4634.5435
South Africa,ZAF,2022-W44,4636.622
South Africa,ZAF,2022-W45,4640.4204
South Africa,ZAF,2022-W46,4648.7466
South Africa,ZAF,2022-W47,4656.008
South Africa,ZAF,2022-W48,4660.254
South Africa,ZAF,2022-W49,4662.8467
South Africa,ZAF,2022-W50,4671.0127
South Africa,ZAF,2022-W51,4671.983
South Africa,ZAF,2022-W52,4638.468
South Africa,ZAF,2023-W01,4639.1416
South Africa,ZAF,2023-W02,4659.8003
South Africa,ZAF,2023-W03,4683.035
South Africa,ZAF,2023-W04,4700.933
South Africa,ZAF,2023-W05,4707.496
South Africa,ZAF,2023-W06,4710.285
South Africa,ZAF,2023-W07,4716.871
South Africa,ZAF,2023-W08,4727.3506
South Africa,ZAF,2023-W09,4733.814
South Africa,ZAF,2023-W10,4750.342
South Africa,ZAF,2023-W11,4759.4966
South Africa,ZAF,2023-W12,4772.972
South Africa,ZAF,2023-W13,4779.896
South Africa,ZAF,2023-W14,4790.3354
South Africa,ZAF,2023-W15,4804.0225
South Africa,ZAF,2023-W16,4813.0317
South Africa,ZAF,2023-W17,4826.749
South Africa,ZAF,2023-W18,4833.11
South Africa,ZAF,2023-W19,4844.642
South Africa,ZAF,2023-W20,4861.3613
South Africa,ZAF,2023-W21,4889.7803
South Africa,ZAF,2023-W22,4917.351
South Africa,ZAF,2023-W23,4937.421
South Africa,ZAF,2023-W24,4947.1885
South Africa,ZAF,2023-W25,4953.2617
South Africa,ZAF,2023-W26,4955.683
South Africa,ZAF,2023-W27,4956.4165
South Africa,ZAF,2023-W28,4974.9565
South Africa,ZAF,2023-W29,4982.1484
South Africa,ZAF,2023-W30,4992.515
South Africa,ZAF,2023-W31,4999.6245
South Africa,ZAF,2023-W32,5006.7207
South Africa,ZAF,2023-W33,5011.2676
South Africa,ZAF,2023-W34,5007.343
South Africa,ZAF,2023-W35,5007.073
South Africa,ZAF,2023-W36,5004.519
South Africa,ZAF,2023-W37,5010.6284
South Africa,ZAF,2023-W38,5015.417
South Africa,ZAF,2023-W39,5020.5005
South Africa,ZAF,2023-W40,5025.0737
South Africa,ZAF,2023-W41,5029.18
South Africa,ZAF,2023-W42,5035.955
South Africa,ZAF,2023-W43,5041.141
South Africa,ZAF,2023-W44,5051.134
South Africa,ZAF,2023-W45,5061.11
South Africa,ZAF,2023-W46,5066.2725
South Africa,ZAF,2023-W47,5092.41
South Africa,ZAF,2023-W48,5104.303
South Africa,ZAF,2023-W49,5110.1045
South Africa,ZAF,2023-W50,5113.238
South Africa,ZAF,2023-W51,5120.3438
South Africa,ZAF,2023-W52,5123.385
South Korea,KOR,2020-W01,0.47063458
South Korea,KOR,2020-W02,-2.0214279
South Korea,KOR,2020-W03,-2.1757348
South Korea,KOR,2020-W04,0.8371138
South Korea,KOR,2020-W05,2.6849368
South Korea,KOR,2020-W06,7.568758
South Korea,KOR,2020-W07,7.2177057
South Korea,KOR,2020-W08,2.310744
South Korea,KOR,2020-W09,-1.1958795
South Korea,KOR,2020-W10,-4.2935953
South Korea,KOR,2020-W11,-6.3458767
South Korea,KOR,2020-W12,-8.24
South Korea,KOR,2020-W13,-12.305985
South Korea,KOR,2020-W14,-17.63344
South Korea,KOR,2020-W15,-15.65445
South Korea,KOR,2020-W16,-17.506134
South Korea,KOR,2020-W17,-19.651007
South Korea,KOR,2020-W18,-15.936063
South Korea,KOR,2020-W19,-18.790743
South Korea,KOR,2020-W20,-23.805721
South Korea,KOR,2020-W21,-25.668982
South Korea,KOR,2020-W22,-30.417784
South Korea,KOR,2020-W23,-28.002874
South Korea,KOR,2020-W24,-26.26306
South Korea,KOR,2020-W25,-27.308493
South Korea,KOR,2020-W26,-27.350931
South Korea,KOR,2020-W27,-27.273777
South Korea,KOR,2020-W28,-30.498798
South Korea,KOR,2020-W29,-29.19105
South Korea,KOR,2020-W30,-28.701126
South Korea,KOR,2020-W31,-30.356066
South Korea,KOR,2020-W32,-33.25704
South Korea,KOR,2020-W33,-28.184193
South Korea,KOR,2020-W34,-18.810041
South Korea,KOR,2020-W35,-11.893226
South Korea,KOR,2020-W36,-10.523751
South Korea,KOR,2020-W37,-8.456033
South Korea,KOR,2020-W38,-5.04199
South Korea,KOR,2020-W39,-2.735098
South Korea,KOR,2020-W40,-2.3609052
South Korea,KOR,2020-W41,1.5700628
South Korea,KOR,2020-W42,1.4234692
South Korea,KOR,2020-W43,4.795074
South Korea,KOR,2020-W44,8.529306
South Korea,KOR,2020-W45,11.353123
South Korea,KOR,2020-W46,13.783459
South Korea,KOR,2020-W47,14.578144
South Korea,KOR,2020-W48,11.194964
South Korea,KOR,2020-W49,14.555003
South Korea,KOR,2020-W50,12.973356
South Korea,KOR,2020-W51,7.368151
South Korea,KOR,2020-W52,5.1769896
South Korea,KOR,2020-W53,3.4304235
South Korea,KOR,2021-W01,-2.446468
South Korea,KOR,2021-W02,-6.791435
South Korea,KOR,2021-W03,-13.158387
South Korea,KOR,2021-W04,-24.807976
South Korea,KOR,2021-W05,-32.008423
South Korea,KOR,2021-W06,-41.786514
South Korea,KOR,2021-W07,-45.86137
South Korea,KOR,2021-W08,-54.049652
South Korea,KOR,2021-W09,-60.837208
South Korea,KOR,2021-W10,-63.337685
South Korea,KOR,2021-W11,-65.48701
South Korea,KOR,2021-W12,-68.34635
South Korea,KOR,2021-W13,-70.40693
South Korea,KOR,2021-W14,-74.21167
South Korea,KOR,2021-W15,-73.10034
South Korea,KOR,2021-W16,-75.55066
South Korea,KOR,2021-W17,-76.13333
South Korea,KOR,2021-W18,-76.874214
South Korea,KOR,2021-W19,-73.82579
South Korea,KOR,2021-W20,-78.57207
South Korea,KOR,2021-W21,-77.04014
South Korea,KOR,2021-W22,-78.683975
South Korea,KOR,2021-W23,-76.98226
South Korea,KOR,2021-W24,-75.415596
South Korea,KOR,2021-W25,-73.06562
South Korea,KOR,2021-W26,-69.943886
South Korea,KOR,2021-W27,-66.7797
South Korea,KOR,2021-W28,-62.442463
South Korea,KOR,2021-W29,-54.69022
South Korea,KOR,2021-W30,-46.82993
South Korea,KOR,2021-W31,-42.948013
South Korea,KOR,2021-W32,-40.235306
South Korea,KOR,2021-W33,-34.09988
South Korea,KOR,2021-W34,-29.353605
South Korea,KOR,2021-W35,-23.939764
South Korea,KOR,2021-W36,-17.572813
South Korea,KOR,2021-W37,-11.066941
South Korea,KOR,2021-W38,-4.2755256
South Korea,KOR,2021-W39,2.4309993
South Korea,KOR,2021-W40,6.953463
South Korea,KOR,2021-W41,12.004575
South Korea,KOR,2021-W42,18.919468
South Korea,KOR,2021-W43,30.22177
South Korea,KOR,2021-W44,39.43649
South Korea,KOR,2021-W45,48.435112
South Korea,KOR,2021-W46,61.091843
South Korea,KOR,2021-W47,74.061134
South Korea,KOR,2021-W48,90.83902
South Korea,KOR,2021-W49,109.59645
South Korea,KOR,2021-W50,129.25682
South Korea,KOR,2021-W51,146.87978
South Korea,KOR,2021-W52,161.32526
South Korea,KOR,2022-W01,165.67722
South Korea,KOR,2022-W02,167.14201
South Korea,KOR,2022-W03,168.99666
South Korea,KOR,2022-W04,172.66928
South Korea,KOR,2022-W05,174.44287
South Korea,KOR,2022-W06,187.0317
South Korea,KOR,2022-W07,200.26897
South Korea,KOR,2022-W08,227.35916
South Korea,KOR,2022-W09,274.9759
South Korea,KOR,2022-W10,339.56042
South Korea,KOR,2022-W11,421.98123
South Korea,KOR,2022-W12,507.59024
South Korea,KOR,2022-W13,588.5945
South Korea,KOR,2022-W14,657.00793
South Korea,KOR,2022-W15,713.74164
South Korea,KOR,2022-W16,750.3347
South Korea,KOR,2022-W17,775.11285
South Korea,KOR,2022-W18,790.75867
South Korea,KOR,2022-W19,807.8017
South Korea,KOR,2022-W20,816.43036
South Korea,KOR,2022-W21,826.14746
South Korea,KOR,2022-W22,829.94745
South Korea,KOR,2022-W23,830.41644
South Korea,KOR,2022-W24,833.0662
South Korea,KOR,2022-W25,833.54675
South Korea,KOR,2022-W26,836.61334
South Korea,KOR,2022-W27,841.98047
South Korea,KOR,2022-W28,847.2279
South Korea,KOR,2022-W29,849.67694
South Korea,KOR,2022-W30,859.0467
South Korea,KOR,2022-W31,870.80566
South Korea,KOR,2022-W32,884.2706
South Korea,KOR,2022-W33,910.1527
South Korea,KOR,2022-W34,935.34
South Korea,KOR,2022-W35,960.94415
South Korea,KOR,2022-W36,981.46106
South Korea,KOR,2022-W37,1008.04175
South Korea,KOR,2022-W38,1024.9883
South Korea,KOR,2022-W39,1037.6428
South Korea,KOR,2022-W40,1047.0317
South Korea,KOR,2022-W41,1060.0182
South Korea,KOR,2022-W42,1072.5144
South Korea,KOR,2022-W43,1089.4956
South Korea,KOR,2022-W44,1104.5239
South Korea,KOR,2022-W45,1122.8677
South Korea,KOR,2022-W46,1143.4232
South Korea,KOR,2022-W47,1160.8175
South Korea,KOR,2022-W48,1178.5669
South Korea,KOR,2022-W49,1201.3457
South Korea,KOR,2022-W50,1223.7346
South Korea,KOR,2022-W51,1248.7174
South Korea,KOR,2022-W52,1274.0754
South Korea,KOR,2023-W01,1291.8898
South Korea,KOR,2023-W02,1307.5298
South Korea,KOR,2023-W03,1312.0311
South Korea,KOR,2023-W04,1322.7352
South Korea,KOR,2023-W05,1333.4122
South Korea,KOR,2023-W06,1340.9879
South Korea,KOR,2023-W07,1347.3972
South Korea,KOR,2023-W08,1350.5391
South Korea,KOR,2023-W09,1352.6112
South Korea,KOR,2023-W10,1356.9465
South Korea,KOR,2023-W11,1357.211
South Korea,KOR,2023-W12,1361.1871
South Korea,KOR,2023-W13,1367.4111
South Korea,KOR,2023-W14,1367.1774
South Korea,KOR,2023-W15,1374.529
South Korea,KOR,2023-W16,1380.4982
South Korea,KOR,2023-W17,1388.8385
South Korea,KOR,2023-W18,1397.0012
South Korea,KOR,2023-W19,1406.2917
South Korea,KOR,2023-W20,1417.1465
South Korea,KOR,2023-W21,1426.0585
South Korea,KOR,2023-W22,1434.7079
South Korea,KOR,2023-W23,1444.3691
South Korea,KOR,2023-W24,1455.6525
South Korea,KOR,2023-W25,1462.8729
South Korea,KOR,2023-W26,1469.5912
South Korea,KOR,2023-W27,1475.1161
South Korea,KOR,2023-W28,1486.6234
South Korea,KOR,2023-W29,1497.4742
South Korea,KOR,2023-W30,1511.6002
South Korea,KOR,2023-W31,1532.095
South Korea,KOR,2023-W32,1553.0802
South Korea,KOR,2023-W33,1571.949
South Korea,KOR,2023-W34,1591.5322
South Korea,KOR,2023-W35,1607.8055
South Korea,KOR,2023-W36,1624.5886
South Korea,KOR,2023-W37,1637.4363
South Korea,KOR,2023-W38,1643.4053
South Korea,KOR,2023-W39,1650.1198
Spain,ESP,2020-W01,-25.441366
Spain,ESP,2020-W02,-45.266632
Spain,ESP,2020-W03,-57.892303
Spain,ESP,2020-W04,-62.680767
Spain,ESP,2020-W05,-64.30648
Spain,ESP,2020-W06,-76.52678
Spain,ESP,2020-W07,-92.914825
Spain,ESP,2020-W08,-113.95199
Spain,ESP,2020-W09,-130.64406
Spain,ESP,2020-W10,-139.15266
Spain,ESP,2020-W11,-119.80877
Spain,ESP,2020-W12,-23.650953
Spain,ESP,2020-W13,219.22647
Spain,ESP,2020-W14,489.41168
Spain,ESP,2020-W15,685.4559
Spain,ESP,2020-W16,799.61053
Spain,ESP,2020-W17,856.97925
Spain,ESP,2020-W18,887.3442
Spain,ESP,2020-W19,905.2862
Spain,ESP,2020-W20,904.4754
Spain,ESP,2020-W21,907.824
Spain,ESP,2020-W22,914.065
Spain,ESP,2020-W23,909.171
Spain,ESP,2020-W24,899.49695
Spain,ESP,2020-W25,889.6498
Spain,ESP,2020-W26,891.5246
Spain,ESP,2020-W27,890.50275
Spain,ESP,2020-W28,892.98566
Spain,ESP,2020-W29,894.1173
Spain,ESP,2020-W30,902.8075
Spain,ESP,2020-W31,925.8335
Spain,ESP,2020-W32,945.9206
Spain,ESP,2020-W33,966.94086
Spain,ESP,2020-W34,983.9834
Spain,ESP,2020-W35,1003.50464
Spain,ESP,2020-W36,1021.80554
Spain,ESP,2020-W37,1046.85
Spain,ESP,2020-W38,1071.223
Spain,ESP,2020-W39,1090.2544
Spain,ESP,2020-W40,1112.3135
Spain,ESP,2020-W41,1140.3348
Spain,ESP,2020-W42,1167.1697
Spain,ESP,2020-W43,1209.9788
Spain,ESP,2020-W44,1252.5682
Spain,ESP,2020-W45,1306.6897
Spain,ESP,2020-W46,1350.5883
Spain,ESP,2020-W47,1386.1217
Spain,ESP,2020-W48,1414.5442
Spain,ESP,2020-W49,1442.2194
Spain,ESP,2020-W50,1462.7288
Spain,ESP,2020-W51,1472.9053
Spain,ESP,2020-W52,1470.9586
Spain,ESP,2020-W53,1475.9219
Spain,ESP,2021-W01,1487.2513
Spain,ESP,2021-W02,1518.9232
Spain,ESP,2021-W03,1569.8424
Spain,ESP,2021-W04,1622.5559
Spain,ESP,2021-W05,1654.2067
Spain,ESP,2021-W06,1666.4248
Spain,ESP,2021-W07,1663.3882
Spain,ESP,2021-W08,1655.0828
Spain,ESP,2021-W09,1641.5084
Spain,ESP,2021-W10,1629.5684
Spain,ESP,2021-W11,1618.9381
Spain,ESP,2021-W12,1616.4827
Spain,ESP,2021-W13,1613.3997
Spain,ESP,2021-W14,1611.1465
Spain,ESP,2021-W15,1608.8385
Spain,ESP,2021-W16,1613.6776
Spain,ESP,2021-W17,1616.1036
Spain,ESP,2021-W18,1626.1106
Spain,ESP,2021-W19,1628.486
Spain,ESP,2021-W20,1628.7935
Spain,ESP,2021-W21,1627.4373
Spain,ESP,2021-W22,1627.6815
Spain,ESP,2021-W23,1634.3612
Spain,ESP,2021-W24,1644.3597
Spain,ESP,2021-W25,1639.5079
Spain,ESP,2021-W26,1641.9675
Spain,ESP,2021-W27,1638.6741
Spain,ESP,2021-W28,1637.2336
Spain,ESP,2021-W29,1657.357
Spain,ESP,2021-W30,1676.933
Spain,ESP,2021-W31,1700.6573
Spain,ESP,2021-W32,1730.1476
Spain,ESP,2021-W33,1763.3063
Spain,ESP,2021-W34,1786.8538
Spain,ESP,2021-W35,1805.5873
Spain,ESP,2021-W36,1825.9677
Spain,ESP,2021-W37,1840.1863
Spain,ESP,2021-W38,1848.597
Spain,ESP,2021-W39,1856.355
Spain,ESP,2021-W40,1864.0581
Spain,ESP,2021-W41,1870.4431
Spain,ESP,2021-W42,1878.9507
Spain,ESP,2021-W43,1894.1044
Spain,ESP,2021-W44,1898.8467
Spain,ESP,2021-W45,1918.7974
Spain,ESP,2021-W46,1936.1748
Spain,ESP,2021-W47,1953.3795
Spain,ESP,2021-W48,1978.2538
Spain,ESP,2021-W49,1994.4646
Spain,ESP,2021-W50,2013.9099
Spain,ESP,2021-W51,2034.0839
Spain,ESP,2021-W52,2046.1733
Spain,ESP,2022-W01,2046.2554
Spain,ESP,2022-W02,2052.5403
Spain,ESP,2022-W03,2058.9722
Spain,ESP,2022-W04,2079.7908
Spain,ESP,2022-W05,2096.631
Spain,ESP,2022-W06,2102.8992
Spain,ESP,2022-W07,2095.8909
Spain,ESP,2022-W08,2085.1147
Spain,ESP,2022-W09,2074.3975
Spain,ESP,2022-W10,2066.7207
Spain,ESP,2022-W11,2066.197
Spain,ESP,2022-W12,2070.4087
Spain,ESP,2022-W13,2073.9097
Spain,ESP,2022-W14,2084.631
Spain,ESP,2022-W15,2097.9473
Spain,ESP,2022-W16,2109.2744
Spain,ESP,2022-W17,2124.8782
Spain,ESP,2022-W18,2144.2249
Spain,ESP,2022-W19,2169.2405
Spain,ESP,2022-W20,2197.027
Spain,ESP,2022-W21,2212.1558
Spain,ESP,2022-W22,2229.156
Spain,ESP,2022-W23,2245.6218
Spain,ESP,2022-W24,2288.3418
Spain,ESP,2022-W25,2310.22
Spain,ESP,2022-W26,2334.3733
Spain,ESP,2022-W27,2363.758
Spain,ESP,2022-W28,2432.1265
Spain,ESP,2022-W29,2505.1206
Spain,ESP,2022-W30,2558.0762
Spain,ESP,2022-W31,2598.9836
Spain,ESP,2022-W32,2637.4058
Spain,ESP,2022-W33,2656.7607
Spain,ESP,2022-W34,2679.5557
Spain,ESP,2022-W35,2692.6658
Spain,ESP,2022-W36,2708.072
Spain,ESP,2022-W37,2724.6433
Spain,ESP,2022-W38,2732.2822
Spain,ESP,2022-W39,2739.753
Spain,ESP,2022-W40,2756.9045
Spain,ESP,2022-W41,2767.5881
Spain,ESP,2022-W42,2784.5544
Spain,ESP,2022-W43,2794.721
Spain,ESP,2022-W44,2796.1528
Spain,ESP,2022-W45,2805.642
Spain,ESP,2022-W46,2815.2324
Spain,ESP,2022-W47,2825.5125
Spain,ESP,2022-W48,2842.42
Spain,ESP,2022-W49,2868.2134
Spain,ESP,2022-W50,2887.438
Spain,ESP,2022-W51,2906.9697
Spain,ESP,2022-W52,2893.4192
Spain,ESP,2023-W01,2892.4912
Spain,ESP,2023-W02,2885.3972
Spain,ESP,2023-W03,2871.443
Spain,ESP,2023-W04,2860.5234
Spain,ESP,2023-W05,2861.8892
Spain,ESP,2023-W06,2869.5303
Spain,ESP,2023-W07,2873.038
Spain,ESP,2023-W08,2877.005
Spain,ESP,2023-W09,2884.9238
Spain,ESP,2023-W10,2900.873
Spain,ESP,2023-W11,2907.525
Spain,ESP,2023-W12,2908.373
Spain,ESP,2023-W13,2906.9104
Spain,ESP,2023-W14,2904.1306
Spain,ESP,2023-W15,2905.9678
Spain,ESP,2023-W16,2908.7183
Spain,ESP,2023-W17,2915.6228
Spain,ESP,2023-W18,2915.0146
Spain,ESP,2023-W19,2912.441
Spain,ESP,2023-W20,2910.9153
Spain,ESP,2023-W21,2915.5344
Spain,ESP,2023-W22,2919.0803
Spain,ESP,2023-W23,2923.67
Spain,ESP,2023-W24,2928.2932
Spain,ESP,2023-W25,2925.8838
Spain,ESP,2023-W26,2930.907
Spain,ESP,2023-W27,2924.1833
Spain,ESP,2023-W28,2924.3833
Spain,ESP,2023-W29,2930.0125
Spain,ESP,2023-W30,2930.4438
Spain,ESP,2023-W31,2931.9907
Spain,ESP,2023-W32,2936.6267
Spain,ESP,2023-W33,2948.7795
Spain,ESP,2023-W34,2980.4316
Spain,ESP,2023-W35,2996.3936
Spain,ESP,2023-W36,3010.129
Spain,ESP,2023-W37,3019.7903
Spain,ESP,2023-W38,3026.1729
Spain,ESP,2023-W39,3032.1768
Spain,ESP,2023-W40,3045.1755
Spain,ESP,2023-W41,3050.649
Spain,ESP,2023-W42,3055.1504
Spain,ESP,2023-W43,3059.559
Spain,ESP,2023-W44,3060.3186
Spain,ESP,2023-W45,3067.2485
Spain,ESP,2023-W46,3073.3113
Spain,ESP,2023-W47,3074.5928
Spain,ESP,2023-W48,3082.255
Spain,ESP,2023-W49,3086.2468
Spain,ESP,2023-W50,3094.86
Spain,ESP,2023-W51,3115.6284
Spain,ESP,2023-W52,3152.1123
Suriname,SUR,2020-W05,-69.34974
Suriname,SUR,2020-W09,8.565732
Suriname,SUR,2020-W14,-68.69084
Suriname,SUR,2020-W18,-110.69602
Suriname,SUR,2020-W22,-191.24712
Suriname,SUR,2020-W27,-148.25357
Suriname,SUR,2020-W31,-139.19363
Suriname,SUR,2020-W36,-50.735645
Suriname,SUR,2020-W40,-17.29625
Suriname,SUR,2020-W44,12.5192
Suriname,SUR,2020-W49,6.094889
Suriname,SUR,2020-W53,79.39805
Suriname,SUR,2021-W04,87.76669
Suriname,SUR,2021-W08,77.97859
Suriname,SUR,2021-W13,-10.440634
Suriname,SUR,2021-W17,-5.220292
Suriname,SUR,2021-W22,265.25763
Suriname,SUR,2021-W26,821.2219
Suriname,SUR,2021-W30,1152.7124
Suriname,SUR,2021-W35,1313.2373
Suriname,SUR,2021-W39,1739.0198
Suriname,SUR,2021-W43,2263.9885
Suriname,SUR,2021-W48,2472.475
Suriname,SUR,2021-W52,2585.3645
Suriname,SUR,2022-W05,2855.9363
Suriname,SUR,2022-W09,2997.8352
Suriname,SUR,2022-W13,2982.464
Suriname,SUR,2022-W17,3072.9104
Suriname,SUR,2022-W22,3154.6196
Suriname,SUR,2022-W26,3284.8687
Suriname,SUR,2022-W30,3326.775
Suriname,SUR,2022-W35,3320.4648
Suriname,SUR,2022-W39,3323.2153
Suriname,SUR,2022-W44,3388.7446
Suriname,SUR,2022-W48,3446.1836
Suriname,SUR,2022-W52,3481.618
Sweden,SWE,2020-W01,-11.843035
Sweden,SWE,2020-W02,-14.726642
Sweden,SWE,2020-W03,-22.895252
Sweden,SWE,2020-W04,-38.50915
Sweden,SWE,2020-W05,-39.35783
Sweden,SWE,2020-W06,-52.56069
Sweden,SWE,2020-W07,-60.092777
Sweden,SWE,2020-W08,-78.32989
Sweden,SWE,2020-W09,-95.20717
Sweden,SWE,2020-W10,-101.63982
Sweden,SWE,2020-W11,-115.86496
Sweden,SWE,2020-W12,-107.252716
Sweden,SWE,2020-W13,-83.90419
Sweden,SWE,2020-W14,-25.576311
Sweden,SWE,2020-W15,56.186882
Sweden,SWE,2020-W16,132.33717
Sweden,SWE,2020-W17,190.14427
Sweden,SWE,2020-W18,250.00557
Sweden,SWE,2020-W19,305.88385
Sweden,SWE,2020-W20,349.4369
Sweden,SWE,2020-W21,387.0684
Sweden,SWE,2020-W22,399.29718
Sweden,SWE,2020-W23,422.5782
Sweden,SWE,2020-W24,444.12326
Sweden,SWE,2020-W25,459.65036
Sweden,SWE,2020-W26,473.40292
Sweden,SWE,2020-W27,474.9942
Sweden,SWE,2020-W28,478.54327
Sweden,SWE,2020-W29,475.92007
Sweden,SWE,2020-W30,476.96164
Sweden,SWE,2020-W31,476.3637
Sweden,SWE,2020-W32,482.41058
Sweden,SWE,2020-W33,483.4425
Sweden,SWE,2020-W34,489.27722
Sweden,SWE,2020-W35,481.59082
Sweden,SWE,2020-W36,478.8133
Sweden,SWE,2020-W37,479.0737
Sweden,SWE,2020-W38,476.22867
Sweden,SWE,2020-W39,475.87183
Sweden,SWE,2020-W40,469.78638
Sweden,SWE,2020-W41,462.59183
Sweden,SWE,2020-W42,464.32776
Sweden,SWE,2020-W43,457.8469
Sweden,SWE,2020-W44,460.2097
Sweden,SWE,2020-W45,463.39227
Sweden,SWE,2020-W46,482.79633
Sweden,SWE,2020-W47,516.24225
Sweden,SWE,2020-W48,539.7547
Sweden,SWE,2020-W49,577.36694
Sweden,SWE,2020-W50,615.2878
Sweden,SWE,2020-W51,666.1318
Sweden,SWE,2020-W52,715.7028
Sweden,SWE,2020-W53,763.94635
Sweden,SWE,2021-W01,800.05
Sweden,SWE,2021-W02,836.6504
Sweden,SWE,2021-W03,869.35284
Sweden,SWE,2021-W04,887.419
Sweden,SWE,2021-W05,887.96356
Sweden,SWE,2021-W06,888.9476
Sweden,SWE,2021-W07,883.9892
Sweden,SWE,2021-W08,870.0503
Sweden,SWE,2021-W09,843.0132
Sweden,SWE,2021-W10,835.84784
Sweden,SWE,2021-W11,818.4791
Sweden,SWE,2021-W12,813.9889
Sweden,SWE,2021-W13,802.54346
Sweden,SWE,2021-W14,795.99915
Sweden,SWE,2021-W15,790.50574
Sweden,SWE,2021-W16,786.6174
Sweden,SWE,2021-W17,782.2131
Sweden,SWE,2021-W18,788.2988
Sweden,SWE,2021-W19,793.81134
Sweden,SWE,2021-W20,794.94824
Sweden,SWE,2021-W21,793.5629
Sweden,SWE,2021-W22,792.0057
Sweden,SWE,2021-W23,792.426
Sweden,SWE,2021-W24,790.0758
Sweden,SWE,2021-W25,788.8338
Sweden,SWE,2021-W26,784.98364
Sweden,SWE,2021-W27,783.7417
Sweden,SWE,2021-W28,786.0155
Sweden,SWE,2021-W29,783.6079
Sweden,SWE,2021-W30,789.2733
Sweden,SWE,2021-W31,782.06976
Sweden,SWE,2021-W32,790.1332
Sweden,SWE,2021-W33,794.18396
Sweden,SWE,2021-W34,798.7889
Sweden,SWE,2021-W35,800.42255
Sweden,SWE,2021-W36,807.4541
Sweden,SWE,2021-W37,820.90576
Sweden,SWE,2021-W38,829.8481
Sweden,SWE,2021-W39,840.7967
Sweden,SWE,2021-W40,841.26483
Sweden,SWE,2021-W41,844.4462
Sweden,SWE,2021-W42,853.7993
Sweden,SWE,2021-W43,858.54755
Sweden,SWE,2021-W44,869.8305
Sweden,SWE,2021-W45,878.4958
Sweden,SWE,2021-W46,885.55597
Sweden,SWE,2021-W47,890.4762
Sweden,SWE,2021-W48,896.8294
Sweden,SWE,2021-W49,909.5837
Sweden,SWE,2021-W50,923.33154
Sweden,SWE,2021-W51,935.45526
Sweden,SWE,2021-W52,946.428
Sweden,SWE,2022-W01,957.7177
Sweden,SWE,2022-W02,967.98376
Sweden,SWE,2022-W03,974.0031
Sweden,SWE,2022-W04,989.5775
Sweden,SWE,2022-W05,1017.456
Sweden,SWE,2022-W06,1028.1392
Sweden,SWE,2022-W07,1042.3107
Sweden,SWE,2022-W08,1041.41
Sweden,SWE,2022-W09,1038.2914
Sweden,SWE,2022-W10,1027.6462
Sweden,SWE,2022-W11,1017.4939
Sweden,SWE,2022-W12,1013.9581
Sweden,SWE,2022-W13,1007.6923
Sweden,SWE,2022-W14,1006.74445
Sweden,SWE,2022-W15,998.40265
Sweden,SWE,2022-W16,987.95654
Sweden,SWE,2022-W17,983.1506
Sweden,SWE,2022-W18,986.9328
Sweden,SWE,2022-W19,989.6723
Sweden,SWE,2022-W20,1002.9527
Sweden,SWE,2022-W21,1005.76807
Sweden,SWE,2022-W22,1010.7067
Sweden,SWE,2022-W23,1014.1572
Sweden,SWE,2022-W24,1022.2525
Sweden,SWE,2022-W25,1034.0067
Sweden,SWE,2022-W26,1046.017
Sweden,SWE,2022-W27,1053.6003
Sweden,SWE,2022-W28,1051.7804
Sweden,SWE,2022-W29,1065.4115
Sweden,SWE,2022-W30,1077.0521
Sweden,SWE,2022-W31,1088.7211
Sweden,SWE,2022-W32,1110.4191
Sweden,SWE,2022-W33,1131.3588
Sweden,SWE,2022-W34,1142.7054
Sweden,SWE,2022-W35,1141.3025
Sweden,SWE,2022-W36,1147.6062
Sweden,SWE,2022-W37,1167.0103
Sweden,SWE,2022-W38,1184.8787
Sweden,SWE,2022-W39,1203.7234
Sweden,SWE,2022-W40,1216.947
Sweden,SWE,2022-W41,1223.573
Sweden,SWE,2022-W42,1227.2225
Sweden,SWE,2022-W43,1229.052
Sweden,SWE,2022-W44,1224.8053
Sweden,SWE,2022-W45,1229.8483
Sweden,SWE,2022-W46,1238.7019
Sweden,SWE,2022-W47,1257.1864
Sweden,SWE,2022-W48,1266.2487
Sweden,SWE,2022-W49,1287.4822
Sweden,SWE,2022-W50,1335.4851
Sweden,SWE,2022-W51,1389.8391
Sweden,SWE,2022-W52,1432.979
Sweden,SWE,2023-W01,1477.2399
Sweden,SWE,2023-W02,1501.3539
Sweden,SWE,2023-W03,1512.8596
Sweden,SWE,2023-W04,1512.0021
Sweden,SWE,2023-W05,1510.3436
Sweden,SWE,2023-W06,1503.8887
Sweden,SWE,2023-W07,1491.5725
Sweden,SWE,2023-W08,1473.4141
Sweden,SWE,2023-W09,1463.2653
Sweden,SWE,2023-W10,1461.0131
Sweden,SWE,2023-W11,1455.3875
Sweden,SWE,2023-W12,1453.9834
Sweden,SWE,2023-W13,1451.2412
Sweden,SWE,2023-W14,1446.8406
Sweden,SWE,2023-W15,1451.6747
Sweden,SWE,2023-W16,1458.1862
Sweden,SWE,2023-W17,1467.5057
Sweden,SWE,2023-W18,1473.056
Sweden,SWE,2023-W19,1472.7639
Sweden,SWE,2023-W20,1483.7985
Sweden,SWE,2023-W21,1486.126
Sweden,SWE,2023-W22,1491.5255
Sweden,SWE,2023-W23,1502.9182
Sweden,SWE,2023-W24,1511.6724
Sweden,SWE,2023-W25,1520.3888
Sweden,SWE,2023-W26,1519.8046
Sweden,SWE,2023-W27,1519.8235
Sweden,SWE,2023-W28,1516.9022
Sweden,SWE,2023-W29,1513.7926
Sweden,SWE,2023-W30,1518.4099
Sweden,SWE,2023-W31,1515.4039
Sweden,SWE,2023-W32,1520.2664
Sweden,SWE,2023-W33,1526.5422
Sweden,SWE,2023-W34,1532.3281
Sweden,SWE,2023-W35,1527.2113
Sweden,SWE,2023-W36,1543.8055
Sweden,SWE,2023-W37,1548.0742
Sweden,SWE,2023-W38,1557.2242
Sweden,SWE,2023-W39,1559.5612
Sweden,SWE,2023-W40,1562.52
Sweden,SWE,2023-W41,1582.1014
Sweden,SWE,2023-W42,1599.2894
Sweden,SWE,2023-W43,1618.0605
Sweden,SWE,2023-W44,1646.8013
Sweden,SWE,2023-W45,1670.9624
Sweden,SWE,2023-W46,1700.6079
Sweden,SWE,2023-W47,1741.0524
Sweden,SWE,2023-W48,1773.3363
Sweden,SWE,2023-W49,1797.6293
Sweden,SWE,2023-W50,1838.2622
Sweden,SWE,2023-W51,1879.8374
Sweden,SWE,2023-W52,1910.3687
Switzerland,CHE,2020-W01,-20.07268
Switzerland,CHE,2020-W02,-34.77412
Switzerland,CHE,2020-W03,-44.521053
Switzerland,CHE,2020-W04,-50.818367
Switzerland,CHE,2020-W05,-57.138824
Switzerland,CHE,2020-W06,-71.006805
Switzerland,CHE,2020-W07,-86.773224
Switzerland,CHE,2020-W08,-104.461266
Switzerland,CHE,2020-W09,-125.99251
Switzerland,CHE,2020-W10,-138.03148
Switzerland,CHE,2020-W11,-138.67973
Switzerland,CHE,2020-W12,-118.21347
Switzerland,CHE,2020-W13,-79.61929
Switzerland,CHE,2020-W14,-14.0994835
Switzerland,CHE,2020-W15,32.042202
Switzerland,CHE,2020-W16,70.91421
Switzerland,CHE,2020-W17,90.15341
Switzerland,CHE,2020-W18,91.14893
Switzerland,CHE,2020-W19,88.20865
Switzerland,CHE,2020-W20,84.180214
Switzerland,CHE,2020-W21,80.68429
Switzerland,CHE,2020-W22,72.95155
Switzerland,CHE,2020-W23,72.44221
Switzerland,CHE,2020-W24,72.41907
Switzerland,CHE,2020-W25,68.08966
Switzerland,CHE,2020-W26,65.103065
Switzerland,CHE,2020-W27,62.39429
Switzerland,CHE,2020-W28,59.89389
Switzerland,CHE,2020-W29,46.049072
Switzerland,CHE,2020-W30,40.515766
Switzerland,CHE,2020-W31,51.62867
Switzerland,CHE,2020-W32,51.026726
Switzerland,CHE,2020-W33,57.20828
Switzerland,CHE,2020-W34,60.704205
Switzerland,CHE,2020-W35,60.171715
Switzerland,CHE,2020-W36,58.551086
Switzerland,CHE,2020-W37,64.871544
Switzerland,CHE,2020-W38,67.4414
Switzerland,CHE,2020-W39,70.24277
Switzerland,CHE,2020-W40,67.55716
Switzerland,CHE,2020-W41,76.70215
Switzerland,CHE,2020-W42,80.68427
Switzerland,CHE,2020-W43,108.74435
Switzerland,CHE,2020-W44,159.05338
Switzerland,CHE,2020-W45,251.91554
Switzerland,CHE,2020-W46,351.09818
Switzerland,CHE,2020-W47,452.295
Switzerland,CHE,2020-W48,542.4021
Switzerland,CHE,2020-W49,641.05225
Switzerland,CHE,2020-W50,743.77716
Switzerland,CHE,2020-W51,838.6998
Switzerland,CHE,2020-W52,923.181
Switzerland,CHE,2020-W53,986.9286
Switzerland,CHE,2021-W01,1035.3672
Switzerland,CHE,2021-W02,1069.1246
Switzerland,CHE,2021-W03,1098.372
Switzerland,CHE,2021-W04,1113.9045
Switzerland,CHE,2021-W05,1108.589
Switzerland,CHE,2021-W06,1095.8867
Switzerland,CHE,2021-W07,1069.9071
Switzerland,CHE,2021-W08,1045.239
Switzerland,CHE,2021-W09,1015.48553
Switzerland,CHE,2021-W10,994.93646
Switzerland,CHE,2021-W11,974.5485
Switzerland,CHE,2021-W12,964.56165
Switzerland,CHE,2021-W13,957.98047
Switzerland,CHE,2021-W14,951.23816
Switzerland,CHE,2021-W15,951.23816
Switzerland,CHE,2021-W16,951.8364
Switzerland,CHE,2021-W17,958.6938
Switzerland,CHE,2021-W18,955.5873
Switzerland,CHE,2021-W19,960.76483
Switzerland,CHE,2021-W20,960.6037
Switzerland,CHE,2021-W21,958.7858
Switzerland,CHE,2021-W22,963.8023
Switzerland,CHE,2021-W23,955.8634
Switzerland,CHE,2021-W24,960.94885
Switzerland,CHE,2021-W25,960.94885
Switzerland,CHE,2021-W26,958.60175
Switzerland,CHE,2021-W27,954.34467
Switzerland,CHE,2021-W28,952.4808
Switzerland,CHE,2021-W29,950.1566
Switzerland,CHE,2021-W30,945.27826
Switzerland,CHE,2021-W31,943.1382
Switzerland,CHE,2021-W32,958.80884
Switzerland,CHE,2021-W33,967.3
Switzerland,CHE,2021-W34,972.7767
Switzerland,CHE,2021-W35,990.35724
Switzerland,CHE,2021-W36,1008.00684
Switzerland,CHE,2021-W37,1023.76953
Switzerland,CHE,2021-W38,1033.3882
Switzerland,CHE,2021-W39,1043.237
Switzerland,CHE,2021-W40,1040.7288
Switzerland,CHE,2021-W41,1046.8728
Switzerland,CHE,2021-W42,1055.8242
Switzerland,CHE,2021-W43,1069.723
Switzerland,CHE,2021-W44,1075.8209
Switzerland,CHE,2021-W45,1093.8387
Switzerland,CHE,2021-W46,1118.829
Switzerland,CHE,2021-W47,1153.2998
Switzerland,CHE,2021-W48,1195.6174
Switzerland,CHE,2021-W49,1248.4972
Switzerland,CHE,2021-W50,1291.8503
Switzerland,CHE,2021-W51,1316.0582
Switzerland,CHE,2021-W52,1336.6099
Switzerland,CHE,2022-W01,1343.28
Switzerland,CHE,2022-W02,1345.5339
Switzerland,CHE,2022-W03,1343.5317
Switzerland,CHE,2022-W04,1343.4517
Switzerland,CHE,2022-W05,1342.0901
Switzerland,CHE,2022-W06,1335.9005
Switzerland,CHE,2022-W07,1341.5638
Switzerland,CHE,2022-W08,1331.9419
Switzerland,CHE,2022-W09,1324.2421
Switzerland,CHE,2022-W10,1326.8392
Switzerland,CHE,2022-W11,1343.4402
Switzerland,CHE,2022-W12,1366.7227
Switzerland,CHE,2022-W13,1395.451
Switzerland,CHE,2022-W14,1412.3495
Switzerland,CHE,2022-W15,1422.7952
Switzerland,CHE,2022-W16,1437.1537
Switzerland,CHE,2022-W17,1445.6085
Switzerland,CHE,2022-W18,1447.7023
Switzerland,CHE,2022-W19,1450.2537
Switzerland,CHE,2022-W20,1460.9968
Switzerland,CHE,2022-W21,1459.2234
Switzerland,CHE,2022-W22,1462.5299
Switzerland,CHE,2022-W23,1466.111
Switzerland,CHE,2022-W24,1488.7069
Switzerland,CHE,2022-W25,1510.5936
Switzerland,CHE,2022-W26,1526.142
Switzerland,CHE,2022-W27,1541.1641
Switzerland,CHE,2022-W28,1559.2523
Switzerland,CHE,2022-W29,1587.4087
Switzerland,CHE,2022-W30,1620.9196
Switzerland,CHE,2022-W31,1640.7926
Switzerland,CHE,2022-W32,1658.8123
Switzerland,CHE,2022-W33,1674.3834
Switzerland,CHE,2022-W34,1689.9318
Switzerland,CHE,2022-W35,1695.2062
Switzerland,CHE,2022-W36,1703.9814
Switzerland,CHE,2022-W37,1714.3126
Switzerland,CHE,2022-W38,1713.6147
Switzerland,CHE,2022-W39,1740.4897
Switzerland,CHE,2022-W40,1757.7085
Switzerland,CHE,2022-W41,1779.2977
Switzerland,CHE,2022-W42,1790.8646
Switzerland,CHE,2022-W43,1812.2708
Switzerland,CHE,2022-W44,1826.8352
Switzerland,CHE,2022-W45,1841.3539
Switzerland,CHE,2022-W46,1856.6277
Switzerland,CHE,2022-W47,1878.8118
Switzerland,CHE,2022-W48,1902.9639
Switzerland,CHE,2022-W49,1936.1313
Switzerland,CHE,2022-W50,1975.3855
Switzerland,CHE,2022-W51,2020.4288
Switzerland,CHE,2022-W52,2038.612
Switzerland,CHE,2023-W01,2058.9265
Switzerland,CHE,2023-W02,2062.803
Switzerland,CHE,2023-W03,2063.2463
Switzerland,CHE,2023-W04,2060.5977
Switzerland,CHE,2023-W05,2046.7856
Switzerland,CHE,2023-W06,2031.132
Switzerland,CHE,2023-W07,2018.9569
Switzerland,CHE,2023-W08,2001.2571
Switzerland,CHE,2023-W09,1987.627
Switzerland,CHE,2023-W10,1987.752
Switzerland,CHE,2023-W11,1991.3329
Switzerland,CHE,2023-W12,1997.4602
Switzerland,CHE,2023-W13,2000.5863
Switzerland,CHE,2023-W14,2001.0525
Switzerland,CHE,2023-W15,2008.9758
Switzerland,CHE,2023-W16,2016.0127
Switzerland,CHE,2023-W17,2033.6671
Switzerland,CHE,2023-W18,2042.4999
Switzerland,CHE,2023-W19,2045.6488
Switzerland,CHE,2023-W20,2047.5018
Switzerland,CHE,2023-W21,2048.6272
Switzerland,CHE,2023-W22,2052.1855
Switzerland,CHE,2023-W23,2057.3806
Switzerland,CHE,2023-W24,2060.666
Switzerland,CHE,2023-W25,2061.0864
Switzerland,CHE,2023-W26,2061.2344
Switzerland,CHE,2023-W27,2056.9941
Switzerland,CHE,2023-W28,2062.1665
Switzerland,CHE,2023-W29,2064.1558
Switzerland,CHE,2023-W30,2064.4172
Switzerland,CHE,2023-W31,2069.0896
Switzerland,CHE,2023-W32,2076.1262
Switzerland,CHE,2023-W33,2097.2139
Switzerland,CHE,2023-W34,2119.7563
Switzerland,CHE,2023-W35,2126.7478
Switzerland,CHE,2023-W36,2145.175
Switzerland,CHE,2023-W37,2151.6208
Switzerland,CHE,2023-W38,2149.836
Switzerland,CHE,2023-W39,2150.325
Switzerland,CHE,2023-W40,2153.61
Switzerland,CHE,2023-W41,2159.0781
Switzerland,CHE,2023-W42,2176.5278
Switzerland,CHE,2023-W43,2198.866
Switzerland,CHE,2023-W44,2216.7932
Switzerland,CHE,2023-W45,2241.8367
Switzerland,CHE,2023-W46,2272.1777
Switzerland,CHE,2023-W47,2298.4717
Switzerland,CHE,2023-W48,2328.7673
Switzerland,CHE,2023-W49,2359.9497
Switzerland,CHE,2023-W50,2385.4707
Switzerland,CHE,2023-W51,2405.7168
Switzerland,CHE,2023-W52,2417.983
Taiwan,TWN,2020-W05,-38.72139
Taiwan,TWN,2020-W09,25.296494
Taiwan,TWN,2020-W14,-37.789494
Taiwan,TWN,2020-W18,-51.709694
Taiwan,TWN,2020-W22,-108.246925
Taiwan,TWN,2020-W27,-122.0748
Taiwan,TWN,2020-W31,-144.68465
Taiwan,TWN,2020-W36,-204.78168
Taiwan,TWN,2020-W40,-199.08095
Taiwan,TWN,2020-W44,-257.00348
Taiwan,TWN,2020-W49,-258.48114
Taiwan,TWN,2020-W53,-240.8668
Taiwan,TWN,2021-W04,-218.42505
Taiwan,TWN,2021-W08,-220.11827
Taiwan,TWN,2021-W13,-277.0422
Taiwan,TWN,2021-W17,-305.9191
Taiwan,TWN,2021-W22,-294.23422
Taiwan,TWN,2021-W26,-201.76947
Taiwan,TWN,2021-W30,-191.66884
Taiwan,TWN,2021-W35,-191.29164
Taiwan,TWN,2021-W39,-193.6638
Taiwan,TWN,2021-W43,-223.72261
Taiwan,TWN,2021-W48,-174.54385
Taiwan,TWN,2021-W52,-143.52109
Taiwan,TWN,2022-W05,-145.92732
Taiwan,TWN,2022-W09,-155.13072
Taiwan,TWN,2022-W13,-145.40833
Taiwan,TWN,2022-W17,-167.1926
Taiwan,TWN,2022-W22,-68.03131
Taiwan,TWN,2022-W26,199.39406
Taiwan,TWN,2022-W30,313.33768
Taiwan,TWN,2022-W35,425.35608
Taiwan,TWN,2022-W39,523.45435
Taiwan,TWN,2022-W44,596.95996
Taiwan,TWN,2022-W48,727.61957
Taiwan,TWN,2022-W52,831.23395
Taiwan,TWN,2023-W05,894.7063
Taiwan,TWN,2023-W09,1027.9949
Taiwan,TWN,2023-W13,1126.4304
Taiwan,TWN,2023-W17,1134.2095
Taiwan,TWN,2023-W22,1229.51
Taiwan,TWN,2023-W26,1336.5731
Taiwan,TWN,2023-W31,1432.2582
Taiwan,TWN,2023-W35,1506.4579
Taiwan,TWN,2023-W39,1516.4272
Taiwan,TWN,2023-W44,1559.9371
Taiwan,TWN,2023-W48,1608.321
Taiwan,TWN,2023-W52,1620.1631
Tajikistan,TJK,2020-W05,22.120447
Tajikistan,TJK,2020-W09,48.683834
Tajikistan,TJK,2020-W14,53.11631
Tajikistan,TJK,2020-W18,78.65278
Tajikistan,TJK,2020-W22,334.65677
Tajikistan,TJK,2020-W27,403.6168
Tajikistan,TJK,2020-W31,441.64383
Tajikistan,TJK,2020-W36,530.86957
Tajikistan,TJK,2020-W40,656.85443
Tajikistan,TJK,2020-W44,889.30237
Tajikistan,TJK,2020-W49,1033.9183
Tajikistan,TJK,2020-W53,1035.2281
Tajikistan,TJK,2021-W04,1027.4688
Tajikistan,TJK,2021-W08,1008.07404
Tajikistan,TJK,2021-W13,1012.556
Tajikistan,TJK,2021-W17,1014.515
Tajikistan,TJK,2021-W22,1021.2329
Tajikistan,TJK,2021-W26,1069.7966
Tajikistan,TJK,2021-W30,1430.3373
Tajikistan,TJK,2021-W35,1641.8125
Tajikistan,TJK,2021-W39,1673.9866
Tajikistan,TJK,2021-W43,1698.7761
Tajikistan,TJK,2021-W48,1730.417
Tajikistan,TJK,2021-W52,1681.3815
Tajikistan,TJK,2022-W05,1634.9689
Tajikistan,TJK,2022-W09,1642.0322
Tajikistan,TJK,2022-W13,1599.9435
Tajikistan,TJK,2022-W17,1580.0999
Tajikistan,TJK,2022-W22,1568.8367
Tajikistan,TJK,2022-W26,1560.0853
Tajikistan,TJK,2022-W30,1552.9215
Tajikistan,TJK,2022-W35,1554.7601
Tajikistan,TJK,2022-W39,1540.2014
Tajikistan,TJK,2022-W44,1527.1499
Tajikistan,TJK,2022-W48,1509.6572
Tajikistan,TJK,2022-W52,1522.2467
Tajikistan,TJK,2023-W05,1494.1818
Tajikistan,TJK,2023-W09,1484.7571
Tajikistan,TJK,2023-W13,1429.3721
Tajikistan,TJK,2023-W17,1471.034
Tajikistan,TJK,2023-W22,1472.1185
Tajikistan,TJK,2023-W26,1476.752
Tajikistan,TJK,2023-W31,1456.621
Tajikistan,TJK,2023-W35,1499.742
Tajikistan,TJK,2023-W39,1498.6772
Tajikistan,TJK,2023-W44,1500.9645
Tajikistan,TJK,2023-W48,1520.78
Tajikistan,TJK,2023-W52,1503.0742
Thailand,THA,2020-W05,33.975178
Thailand,THA,2020-W09,34.60755
Thailand,THA,2020-W14,73.84326
Thailand,THA,2020-W18,29.36101
Thailand,THA,2020-W22,-1.9951065
Thailand,THA,2020-W27,12.00966
Thailand,THA,2020-W31,-0.7415111
Thailand,THA,2020-W36,-9.480171
Thailand,THA,2020-W40,-18.607733
Thailand,THA,2020-W44,-41.97233
Thailand,THA,2020-W49,-6.1643577
Thailand,THA,2020-W53,47.23286
Thailand,THA,2021-W04,68.11904
Thailand,THA,2021-W08,40.58035
Thailand,THA,2021-W13,107.0793
Thailand,THA,2021-W17,89.08518
Thailand,THA,2021-W22,130.7717
Thailand,THA,2021-W26,194.41597
Thailand,THA,2021-W30,302.35568
Thailand,THA,2021-W35,512.0507
Thailand,THA,2021-W39,618.5938
Thailand,THA,2021-W43,655.6184
Thailand,THA,2021-W48,759.2397
Thailand,THA,2021-W52,881.55066
Thailand,THA,2022-W05,918.1176
Thailand,THA,2022-W09,939.152
Thailand,THA,2022-W13,1089.539
Thailand,THA,2022-W17,1245.5775
Thailand,THA,2022-W22,1362.5099
Thailand,THA,2022-W26,1468.5658
Thailand,THA,2022-W30,1502.6608
Thailand,THA,2022-W35,1665.461
Thailand,THA,2022-W39,1759.8513
Thailand,THA,2022-W44,1855.7534
Thailand,THA,2022-W48,1961.5221
Thailand,THA,2022-W52,2082.8452
Thailand,THA,2023-W05,2188.347
Thailand,THA,2023-W09,2232.1497
Thailand,THA,2023-W13,2305.1052
Thailand,THA,2023-W17,2338.315
Thailand,THA,2023-W22,2472.8765
Thailand,THA,2023-W26,2542.9436
Thailand,THA,2023-W31,2534.5662
Thailand,THA,2023-W35,2606.3938
Thailand,THA,2023-W39,2626.108
Thailand,THA,2023-W44,2674.8103
Thailand,THA,2023-W48,2730.5098
Thailand,THA,2023-W52,2781.7136
Tunisia,TUN,2020-W05,-28.71306
Tunisia,TUN,2020-W09,-33.005234
Tunisia,TUN,2020-W14,-79.16646
Tunisia,TUN,2020-W18,-132.25107
Tunisia,TUN,2020-W22,-184.90808
Tunisia,TUN,2020-W27,-221.39961
Tunisia,TUN,2020-W31,-272.28055
Tunisia,TUN,2020-W36,-266.80435
Tunisia,TUN,2020-W40,-261.44324
Tunisia,TUN,2020-W44,-86.846245
Tunisia,TUN,2020-W49,53.00238
Tunisia,TUN,2020-W53,192.94969
Tunisia,TUN,2021-W04,363.2405
Tunisia,TUN,2021-W08,338.02634
Tunisia,TUN,2021-W13,338.89075
Tunisia,TUN,2021-W17,571.9831
Tunisia,TUN,2021-W22,771.9024
Tunisia,TUN,2021-W26,1088.482
Tunisia,TUN,2021-W30,1809.5321
Tunisia,TUN,2021-W35,2310.1948
Tunisia,TUN,2021-W39,2431.7969
Tunisia,TUN,2021-W43,2422.37
Tunisia,TUN,2021-W48,2398.053
Tunisia,TUN,2021-W52,2436.4612
Tunisia,TUN,2022-W05,2507.5923
Tunisia,TUN,2022-W09,2654.313
Tunisia,TUN,2022-W13,2645.791
Tunisia,TUN,2022-W17,2585.0518
Tunisia,TUN,2022-W22,2556.8635
Tunisia,TUN,2022-W26,2541.3489
Tunisia,TUN,2022-W30,2593.493
Tunisia,TUN,2022-W35,2584.5662
Tunisia,TUN,2022-W39,2543.3965
Tunisia,TUN,2022-W44,2476.6682
Tunisia,TUN,2022-W48,2419.118
Tunisia,TUN,2022-W52,2412.1658
Tunisia,TUN,2023-W05,2356.7483
Tunisia,TUN,2023-W09,2338.8406
Tunisia,TUN,2023-W13,2258.4678
Tunisia,TUN,2023-W17,2208.9824
Tunisia,TUN,2023-W22,2166.0952
Tunisia,TUN,2023-W26,2120.2058
Tunisia,TUN,2023-W31,2302.3586
Tunisia,TUN,2023-W35,2252.0063
Tunisia,TUN,2023-W39,2195.4412
Tunisia,TUN,2023-W44,2116.7383
Tunisia,TUN,2023-W48,2014.2277
Tunisia,TUN,2023-W52,1961.1783
Turkey,TUR,2020-W05,-20.021292
Turkey,TUR,2020-W09,-44.411747
Turkey,TUR,2020-W14,-50.5982
Turkey,TUR,2020-W18,-20.716599
Turkey,TUR,2020-W22,-28.826153
Turkey,TUR,2020-W27,-40.682037
Turkey,TUR,2020-W31,-15.362137
Turkey,TUR,2020-W36,60.66883
Turkey,TUR,2020-W40,181.19711
Turkey,TUR,2020-W44,263.21368
Turkey,TUR,2020-W49,515.9883
Turkey,TUR,2020-W53,779.5978
Turkey,TUR,2021-W04,805.77844
Turkey,TUR,2021-W08,797.34204
Turkey,TUR,2021-W13,848.6116
Turkey,TUR,2021-W17,1022.3884
Turkey,TUR,2021-W22,1138.6792
Turkey,TUR,2021-W26,1172.0544
Turkey,TUR,2021-W30,1247.4678
Turkey,TUR,2021-W35,1441.0712
Turkey,TUR,2021-W39,1629.3286
Turkey,TUR,2021-W43,1813.0422
Turkey,TUR,2021-W48,1998.346
Turkey,TUR,2021-W52,2148.9768
Turkey,TUR,2022-W05,2241.398
Turkey,TUR,2022-W09,2416.5383
Turkey,TUR,2022-W13,2499.796
Turkey,TUR,2022-W17,2518.789
Turkey,TUR,2022-W22,2533.852
Turkey,TUR,2022-W26,2530.3052
Turkey,TUR,2022-W30,2566.8538
Turkey,TUR,2022-W35,2632.762
Turkey,TUR,2022-W39,2640.4077
Turkey,TUR,2022-W44,2645.2625
Turkey,TUR,2022-W48,2666.1562
Turkey,TUR,2022-W52,2705.4653
Turkey,TUR,2023-W05,2702.1357
Turkey,TUR,2023-W09,3248.4731
Turkey,TUR,2023-W13,3251.2954
Turkey,TUR,2023-W17,3259.2754
Turkey,TUR,2023-W22,3279.4626
Turkey,TUR,2023-W26,3289.8708
Turkey,TUR,2023-W31,3328.3486
Turkey,TUR,2023-W35,3357.9187
Turkey,TUR,2023-W39,3365.2996
Turkey,TUR,2023-W44,3385.5427
Turkey,TUR,2023-W48,3396.2285
Turkey,TUR,2023-W52,3425.286
Ukraine,UKR,2020-W05,-67.20616
Ukraine,UKR,2020-W09,-80.88428
Ukraine,UKR,2020-W14,-153.22368
Ukraine,UKR,2020-W18,-205.55386
Ukraine,UKR,2020-W22,-338.3857
Ukraine,UKR,2020-W27,-277.6155
Ukraine,UKR,2020-W31,-233.07405
Ukraine,UKR,2020-W36,-224.83893
Ukraine,UKR,2020-W40,-76.24291
Ukraine,UKR,2020-W44,146.6693
Ukraine,UKR,2020-W49,498.4324
Ukraine,UKR,2020-W53,901.1183
Ukraine,UKR,2021-W04,940.0611
Ukraine,UKR,2021-W08,1028.6592
Ukraine,UKR,2021-W13,1341.7664
Ukraine,UKR,2021-W17,1807.9722
Ukraine,UKR,2021-W22,1968.1967
Ukraine,UKR,2021-W26,2080.6855
Ukraine,UKR,2021-W30,2119.8342
Ukraine,UKR,2021-W35,2121.8098
Ukraine,UKR,2021-W39,2277.3801
Ukraine,UKR,2021-W43,2856.672
Ukraine,UKR,2021-W48,3777.0232
Ukraine,UKR,2021-W52,4109.5923
Ukraine,UKR,2022-W05,4533.1055
United Arab Emirates,ARE,2020-W05,-10.982757
United Arab Emirates,ARE,2020-W09,-25.249573
United Arab Emirates,ARE,2020-W14,-41.1315
United Arab Emirates,ARE,2020-W18,-6.1374226
United Arab Emirates,ARE,2020-W22,86.6238
United Arab Emirates,ARE,2020-W27,120.54114
United Arab Emirates,ARE,2020-W31,124.740425
United Arab Emirates,ARE,2020-W36,126.19402
United Arab Emirates,ARE,2020-W40,123.825195
United Arab Emirates,ARE,2020-W44,121.24102
United Arab Emirates,ARE,2020-W49,124.52508
United Arab Emirates,ARE,2020-W53,122.64078
United Arab Emirates,ARE,2021-W04,146.2123
United Arab Emirates,ARE,2021-W08,198.72615
United Arab Emirates,ARE,2021-W13,237.0384
United Arab Emirates,ARE,2021-W17,255.11606
United Arab Emirates,ARE,2021-W22,275.59625
United Arab Emirates,ARE,2021-W26,318.23306
United Arab Emirates,ARE,2021-W30,377.95447
United Arab Emirates,ARE,2021-W35,403.45325
United Arab Emirates,ARE,2021-W39,401.45648
United Arab Emirates,ARE,2021-W43,400.20718
United Arab Emirates,ARE,2021-W48,392.60452
United Arab Emirates,ARE,2021-W52,386.49677
United Arab Emirates,ARE,2022-W05,417.6721
United Arab Emirates,ARE,2022-W09,435.9114
United Arab Emirates,ARE,2022-W13,454.15076
United Arab Emirates,ARE,2022-W17,467.04114
United Arab Emirates,ARE,2022-W22,481.6792
United Arab Emirates,ARE,2022-W26,499.9715
United Arab Emirates,ARE,2022-W30,527.37286
United Arab Emirates,ARE,2022-W35,541.3754
United Arab Emirates,ARE,2022-W39,555.4309
United Arab Emirates,ARE,2022-W44,569.9101
United Arab Emirates,ARE,2022-W48,585.3955
United Arab Emirates,ARE,2022-W52,607.97754
United Arab Emirates,ARE,2023-W05,619.4263
United Arab Emirates,ARE,2023-W09,619.5839
United Arab Emirates,ARE,2023-W13,630.24915
United Arab Emirates,ARE,2023-W17,646.43097
United Arab Emirates,ARE,2023-W22,660.24854
United Arab Emirates,ARE,2023-W26,673.278
United Arab Emirates,ARE,2023-W31,692.6121
United Arab Emirates,ARE,2023-W35,709.1617
United Arab Emirates,ARE,2023-W39,720.29974
United Arab Emirates,ARE,2023-W44,734.38
United Arab Emirates,ARE,2023-W48,751.45496
United Arab Emirates,ARE,2023-W52,777.56647
United Kingdom,GBR,2020-W01,1.0721885
United Kingdom,GBR,2020-W02,3.6266346
United Kingdom,GBR,2020-W03,-1.2302513
United Kingdom,GBR,2020-W04,-17.557556
United Kingdom,GBR,2020-W05,-29.172625
United Kingdom,GBR,2020-W06,-44.66485
United Kingdom,GBR,2020-W07,-57.347622
United Kingdom,GBR,2020-W08,-70.99074
United Kingdom,GBR,2020-W09,-77.109184
United Kingdom,GBR,2020-W10,-87.80566
United Kingdom,GBR,2020-W11,-90.95659
United Kingdom,GBR,2020-W12,-90.307915
United Kingdom,GBR,2020-W13,-76.96602
United Kingdom,GBR,2020-W14,24.73922
United Kingdom,GBR,2020-W15,158.15364
United Kingdom,GBR,2020-W16,348.69046
United Kingdom,GBR,2020-W17,533.5219
United Kingdom,GBR,2020-W18,662.9816
United Kingdom,GBR,2020-W19,714.8416
United Kingdom,GBR,2020-W20,786.0903
United Kingdom,GBR,2020-W21,823.3244
United Kingdom,GBR,2020-W22,849.5176
United Kingdom,GBR,2020-W23,860.23193
United Kingdom,GBR,2020-W24,868.2263
United Kingdom,GBR,2020-W25,867.2138
United Kingdom,GBR,2020-W26,861.46814
United Kingdom,GBR,2020-W27,859.46844
United Kingdom,GBR,2020-W28,850.0425
United Kingdom,GBR,2020-W29,845.1796
United Kingdom,GBR,2020-W30,841.97205
United Kingdom,GBR,2020-W31,840.3511
United Kingdom,GBR,2020-W32,837.52527
United Kingdom,GBR,2020-W33,840.34515
United Kingdom,GBR,2020-W34,847.6983
United Kingdom,GBR,2020-W35,860.06793
United Kingdom,GBR,2020-W36,838.1277
United Kingdom,GBR,2020-W37,845.6121
United Kingdom,GBR,2020-W38,848.3753
United Kingdom,GBR,2020-W39,850.1335
United Kingdom,GBR,2020-W40,857.8207
United Kingdom,GBR,2020-W41,859.6683
United Kingdom,GBR,2020-W42,869.4909
United Kingdom,GBR,2020-W43,886.7756
United Kingdom,GBR,2020-W44,904.68353
United Kingdom,GBR,2020-W45,929.3915
United Kingdom,GBR,2020-W46,961.1767
United Kingdom,GBR,2020-W47,997.0896
United Kingdom,GBR,2020-W48,1030.9237
United Kingdom,GBR,2020-W49,1057.2511
United Kingdom,GBR,2020-W50,1080.4022
United Kingdom,GBR,2020-W51,1101.8265
United Kingdom,GBR,2020-W52,1157.5934
United Kingdom,GBR,2020-W53,1187.7388
United Kingdom,GBR,2021-W01,1281.7014
United Kingdom,GBR,2021-W02,1343.6252
United Kingdom,GBR,2021-W03,1427.4275
United Kingdom,GBR,2021-W04,1515.8044
United Kingdom,GBR,2021-W05,1593.6288
United Kingdom,GBR,2021-W06,1646.4684
United Kingdom,GBR,2021-W07,1680.5715
United Kingdom,GBR,2021-W08,1696.2386
United Kingdom,GBR,2021-W09,1701.4363
United Kingdom,GBR,2021-W10,1691.325
United Kingdom,GBR,2021-W11,1675.0603
United Kingdom,GBR,2021-W12,1665.5109
United Kingdom,GBR,2021-W13,1633.1942
United Kingdom,GBR,2021-W14,1612.8958
United Kingdom,GBR,2021-W15,1590.1509
United Kingdom,GBR,2021-W16,1581.5645
United Kingdom,GBR,2021-W17,1568.0792
United Kingdom,GBR,2021-W18,1535.5515
United Kingdom,GBR,2021-W19,1544.3757
United Kingdom,GBR,2021-W20,1538.2357
United Kingdom,GBR,2021-W21,1532.6904
United Kingdom,GBR,2021-W22,1526.4702
United Kingdom,GBR,2021-W23,1529.584
United Kingdom,GBR,2021-W24,1530.1503
United Kingdom,GBR,2021-W25,1519.4504
United Kingdom,GBR,2021-W26,1511.8063
United Kingdom,GBR,2021-W27,1520.262
United Kingdom,GBR,2021-W28,1527.0825
United Kingdom,GBR,2021-W29,1537.9608
United Kingdom,GBR,2021-W30,1555.5869
United Kingdom,GBR,2021-W31,1573.5608
United Kingdom,GBR,2021-W32,1593.6927
United Kingdom,GBR,2021-W33,1609.9841
United Kingdom,GBR,2021-W34,1627.4794
United Kingdom,GBR,2021-W35,1638.7678
United Kingdom,GBR,2021-W36,1668.8759
United Kingdom,GBR,2021-W37,1697.7979
United Kingdom,GBR,2021-W38,1722.029
United Kingdom,GBR,2021-W39,1742.1075
United Kingdom,GBR,2021-W40,1764.8405
United Kingdom,GBR,2021-W41,1788.4266
United Kingdom,GBR,2021-W42,1812.7233
United Kingdom,GBR,2021-W43,1834.5585
United Kingdom,GBR,2021-W44,1862.5144
United Kingdom,GBR,2021-W45,1891.912
United Kingdom,GBR,2021-W46,1919.6538
United Kingdom,GBR,2021-W47,1938.4005
United Kingdom,GBR,2021-W48,1960.4558
United Kingdom,GBR,2021-W49,1980.989
United Kingdom,GBR,2021-W50,2006.4122
United Kingdom,GBR,2021-W51,2028.0187
United Kingdom,GBR,2021-W52,2028.3967
United Kingdom,GBR,2022-W01,2030.9149
United Kingdom,GBR,2022-W02,2021.7665
United Kingdom,GBR,2022-W03,2012.0996
United Kingdom,GBR,2022-W04,2003.7037
United Kingdom,GBR,2022-W05,1996.8779
United Kingdom,GBR,2022-W06,1990.3041
United Kingdom,GBR,2022-W07,1981.9733
United Kingdom,GBR,2022-W08,1973.2218
United Kingdom,GBR,2022-W09,1972.7449
United Kingdom,GBR,2022-W10,1967.0242
United Kingdom,GBR,2022-W11,1962.5922
United Kingdom,GBR,2022-W12,1966.2153
United Kingdom,GBR,2022-W13,1963.1461
United Kingdom,GBR,2022-W14,1970.3955
United Kingdom,GBR,2022-W15,1959.7125
United Kingdom,GBR,2022-W16,1963.2439
United Kingdom,GBR,2022-W17,1994.6738
United Kingdom,GBR,2022-W18,1993.1125
United Kingdom,GBR,2022-W19,2031.9192
United Kingdom,GBR,2022-W20,2052.509
United Kingdom,GBR,2022-W21,2065.885
United Kingdom,GBR,2022-W22,2041.2603
United Kingdom,GBR,2022-W23,2068.8062
United Kingdom,GBR,2022-W24,2091.2952
United Kingdom,GBR,2022-W25,2113.3396
United Kingdom,GBR,2022-W26,2130.0752
United Kingdom,GBR,2022-W27,2145.762
United Kingdom,GBR,2022-W28,2165.4631
United Kingdom,GBR,2022-W29,2194.9407
United Kingdom,GBR,2022-W30,2226.4624
United Kingdom,GBR,2022-W31,2252.302
United Kingdom,GBR,2022-W32,2271.923
United Kingdom,GBR,2022-W33,2301.9072
United Kingdom,GBR,2022-W34,2328.603
United Kingdom,GBR,2022-W35,2337.8254
United Kingdom,GBR,2022-W36,2362.382
United Kingdom,GBR,2022-W37,2383.461
United Kingdom,GBR,2022-W38,2374.1792
United Kingdom,GBR,2022-W39,2399.2573
United Kingdom,GBR,2022-W40,2426.1663
United Kingdom,GBR,2022-W41,2455.4514
United Kingdom,GBR,2022-W42,2487.7551
United Kingdom,GBR,2022-W43,2512.5251
United Kingdom,GBR,2022-W44,2543.4248
United Kingdom,GBR,2022-W45,2562.7705
United Kingdom,GBR,2022-W46,2582.7026
United Kingdom,GBR,2022-W47,2600.2913
United Kingdom,GBR,2022-W48,2614.7488
United Kingdom,GBR,2022-W49,2630.9036
United Kingdom,GBR,2022-W50,2655.1462
United Kingdom,GBR,2022-W51,2703.8333
United Kingdom,GBR,2022-W52,2718.5623
United Kingdom,GBR,2023-W01,2766.2778
United Kingdom,GBR,2023-W02,2825.854
United Kingdom,GBR,2023-W03,2867.6555
United Kingdom,GBR,2023-W04,2888.0771
United Kingdom,GBR,2023-W05,2905.251
United Kingdom,GBR,2023-W06,2915.619
United Kingdom,GBR,2023-W07,2921.372
United Kingdom,GBR,2023-W08,2926.2188
United Kingdom,GBR,2023-W09,2938.087
United Kingdom,GBR,2023-W10,2935.9153
United Kingdom,GBR,2023-W11,2948.7134
United Kingdom,GBR,2023-W12,2973.2007
United Kingdom,GBR,2023-W13,2994.96
United Kingdom,GBR,2023-W14,2991.1733
United Kingdom,GBR,2023-W15,2982.934
United Kingdom,GBR,2023-W16,3013.176
United Kingdom,GBR,2023-W17,3038.5964
United Kingdom,GBR,2023-W18,3041.028
United Kingdom,GBR,2023-W19,3052.6892
United Kingdom,GBR,2023-W20,3075.0125
United Kingdom,GBR,2023-W21,3091.6077
United Kingdom,GBR,2023-W22,3100.21
United Kingdom,GBR,2023-W23,3113.95
United Kingdom,GBR,2023-W24,3134.1946
United Kingdom,GBR,2023-W25,3149.9954
United Kingdom,GBR,2023-W26,3165.2292
United Kingdom,GBR,2023-W27,3173.129
United Kingdom,GBR,2023-W28,3183.5088
United Kingdom,GBR,2023-W29,3191.4233
United Kingdom,GBR,2023-W30,3201.4045
United Kingdom,GBR,2023-W31,3216.2046
United Kingdom,GBR,2023-W32,3229.5605
United Kingdom,GBR,2023-W33,3244.2395
United Kingdom,GBR,2023-W34,3258.4607
United Kingdom,GBR,2023-W35,3260.346
United Kingdom,GBR,2023-W36,3275.5505
United Kingdom,GBR,2023-W37,3289.5916
United Kingdom,GBR,2023-W38,3306.7979
United Kingdom,GBR,2023-W39,3315.1108
United Kingdom,GBR,2023-W40,3322.8718
United Kingdom,GBR,2023-W41,3332.927
United Kingdom,GBR,2023-W42,3340.8237
United Kingdom,GBR,2023-W43,3351.0884
United Kingdom,GBR,2023-W44,3367.7869
United Kingdom,GBR,2023-W45,3386.4045
United Kingdom,GBR,2023-W46,3400.1445
United Kingdom,GBR,2023-W47,3416.0664
United Kingdom,GBR,2023-W48,3430.7717
United Kingdom,GBR,2023-W49,3439.95
United Kingdom,GBR,2023-W50,3457.233
United Kingdom,GBR,2023-W51,3482.6978
United Kingdom,GBR,2023-W52,3472.9675
United States,USA,2020-W01,-5.700086
United States,USA,2020-W02,-13.174288
United States,USA,2020-W03,-21.369457
United States,USA,2020-W04,-26.844511
United States,USA,2020-W05,-31.324753
United States,USA,2020-W06,-34.673847
United States,USA,2020-W07,-38.435505
United States,USA,2020-W08,-40.065845
United States,USA,2020-W09,-39.479134
United States,USA,2020-W10,-38.77633
United States,USA,2020-W11,-38.300358
United States,USA,2020-W12,-35.142376
United States,USA,2020-W13,-18.09449
United States,USA,2020-W14,26.729618
United States,USA,2020-W15,93.216385
United States,USA,2020-W16,155.50064
United States,USA,2020-W17,211.61241
United States,USA,2020-W18,254.17004
United States,USA,2020-W19,291.1059
United States,USA,2020-W20,322.61282
United States,USA,2020-W21,346.95837
United States,USA,2020-W22,366.1358
United States,USA,2020-W23,382.349
United States,USA,2020-W24,396.53687
United States,USA,2020-W25,411.38797
United States,USA,2020-W26,428.15485
United States,USA,2020-W27,447.96808
United States,USA,2020-W28,475.35703
United States,USA,2020-W29,506.7925
United States,USA,2020-W30,542.35016
United States,USA,2020-W31,577.5018
United States,USA,2020-W32,610.6738
United States,USA,2020-W33,644.58356
United States,USA,2020-W34,675.5011
United States,USA,2020-W35,701.0385
United States,USA,2020-W36,723.2974
United States,USA,2020-W37,743.1279
United States,USA,2020-W38,763.12573
United States,USA,2020-W39,784.97626
United States,USA,2020-W40,802.82904
United States,USA,2020-W41,825.1284
United States,USA,2020-W42,843.2223
United States,USA,2020-W43,864.80194
United States,USA,2020-W44,889.66724
United States,USA,2020-W45,925.27844
United States,USA,2020-W46,963.29895
United States,USA,2020-W47,1008.9822
United States,USA,2020-W48,1058.7583
United States,USA,2020-W49,1117.7229
United States,USA,2020-W50,1187.3656
United States,USA,2020-W51,1259.1777
United States,USA,2020-W52,1332.8585
United States,USA,2020-W53,1409.9348
United States,USA,2021-W01,1481.7635
United States,USA,2021-W02,1551.2094
United States,USA,2021-W03,1613.0344
United States,USA,2021-W04,1664.844
United States,USA,2021-W05,1710.5859
United States,USA,2021-W06,1740.7758
United States,USA,2021-W07,1766.5305
United States,USA,2021-W08,1786.0211
United States,USA,2021-W09,1797.4072
United States,USA,2021-W10,1802.4194
United States,USA,2021-W11,1805.7545
United States,USA,2021-W12,1811.5376
United States,USA,2021-W13,1813.5884
United States,USA,2021-W14,1822.6814
United States,USA,2021-W15,1827.6538
United States,USA,2021-W16,1838.4518
United States,USA,2021-W17,1850.4023
United States,USA,2021-W18,1860.1172
United States,USA,2021-W19,1869.9075
United States,USA,2021-W20,1882.0366
United States,USA,2021-W21,1891.3682
United States,USA,2021-W22,1901.6427
United States,USA,2021-W23,1910.2799
United States,USA,2021-W24,1919.8209
United States,USA,2021-W25,1929.0616
United States,USA,2021-W26,1940.6512
United States,USA,2021-W27,1950.3639
United States,USA,2021-W28,1961.4414
United States,USA,2021-W29,1976.7219
United States,USA,2021-W30,1998.3135
United States,USA,2021-W31,2029.6427
United States,USA,2021-W32,2070.343
United States,USA,2021-W33,2120.6482
United States,USA,2021-W34,2177.6025
United States,USA,2021-W35,2237.5913
United States,USA,2021-W36,2297.5078
United States,USA,2021-W37,2355.4456
United States,USA,2021-W38,2410.01
United States,USA,2021-W39,2461.3562
United States,USA,2021-W40,2504.462
United States,USA,2021-W41,2541.567
United States,USA,2021-W42,2576.4736
United States,USA,2021-W43,2608.3713
United States,USA,2021-W44,2640.4053
United States,USA,2021-W45,2673.2756
United States,USA,2021-W46,2703.3345
United States,USA,2021-W47,2735.6755
United States,USA,2021-W48,2773.7585
United States,USA,2021-W49,2814.6897
United States,USA,2021-W50,2850.2327
United States,USA,2021-W51,2888.0186
United States,USA,2021-W52,2918.4998
United States,USA,2022-W01,2966.592
United States,USA,2022-W02,3026.881
United States,USA,2022-W03,3092.2217
United States,USA,2022-W04,3159.0837
United States,USA,2022-W05,3216.842
United States,USA,2022-W06,3261.759
United States,USA,2022-W07,3289.7954
United States,USA,2022-W08,3305.4163
United States,USA,2022-W09,3317.0903
United States,USA,2022-W10,3320.0793
United States,USA,2022-W11,3322.0776
United States,USA,2022-W12,3319.1807
United States,USA,2022-W13,3317.3604
United States,USA,2022-W14,3315.0854
United States,USA,2022-W15,3314.198
United States,USA,2022-W16,3312.4866
United States,USA,2022-W17,3315.1067
United States,USA,2022-W18,3318.3496
United States,USA,2022-W19,3324.523
United States,USA,2022-W20,3331.362
United States,USA,2022-W21,3337.9446
United States,USA,2022-W22,3346.5337
United States,USA,2022-W23,3355.9392
United States,USA,2022-W24,3365.054
United States,USA,2022-W25,3376.4707
United States,USA,2022-W26,3387.6587
United States,USA,2022-W27,3398.316
United States,USA,2022-W28,3411.1309
United States,USA,2022-W29,3428.3457
United States,USA,2022-W30,3443.4258
United States,USA,2022-W31,3459.3323
United States,USA,2022-W32,3473.128
United States,USA,2022-W33,3487.3755
United States,USA,2022-W34,3501.3772
United States,USA,2022-W35,3513.74
United States,USA,2022-W36,3527.1895
United States,USA,2022-W37,3538.6382
United States,USA,2022-W38,3551.4473
United States,USA,2022-W39,3562.948
United States,USA,2022-W40,3575.8677
United States,USA,2022-W41,3587.897
United States,USA,2022-W42,3600.2551
United States,USA,2022-W43,3611.209
United States,USA,2022-W44,3624.7283
United States,USA,2022-W45,3636.731
United States,USA,2022-W46,3649.1133
United States,USA,2022-W47,3669.6577
United States,USA,2022-W48,3692.7976
United States,USA,2022-W49,3716.6523
United States,USA,2022-W50,3735.7366
United States,USA,2022-W51,3758.817
United States,USA,2022-W52,3767.0854
United States,USA,2023-W01,3781.2686
United States,USA,2023-W02,3784.3486
United States,USA,2023-W03,3784.3516
United States,USA,2023-W04,3782.5627
United States,USA,2023-W05,3783.5452
United States,USA,2023-W06,3784.0657
United States,USA,2023-W07,3782.8315
United States,USA,2023-W08,3784.3623
United States,USA,2023-W09,3784.695
United States,USA,2023-W10,3782.278
United States,USA,2023-W11,3783.4985
United States,USA,2023-W12,3784.981
United States,USA,2023-W13,3787.211
United States,USA,2023-W14,3786.418
United States,USA,2023-W15,3788.7793
United States,USA,2023-W16,3790.041
United States,USA,2023-W17,3791.8657
United States,USA,2023-W18,3794.6099
United States,USA,2023-W19,3798.4082
United States,USA,2023-W20,3800.1953
United States,USA,2023-W21,3800.7888
United States,USA,2023-W22,3805.0554
United States,USA,2023-W23,3807.1753
United States,USA,2023-W24,3809.9678
United States,USA,2023-W25,3811.986
United States,USA,2023-W26,3814.2148
United States,USA,2023-W27,3816.3596
United States,USA,2023-W28,3818.7483
United States,USA,2023-W29,3821.9678
United States,USA,2023-W30,3825.8337
United States,USA,2023-W31,3830.5044
United States,USA,2023-W32,3836.4338
United States,USA,2023-W33,3843.2188
United States,USA,2023-W34,3849.6882
United States,USA,2023-W35,3854.4124
United States,USA,2023-W36,3861.4324
United States,USA,2023-W37,3866.1235
United States,USA,2023-W38,3871.4595
United States,USA,2023-W39,3876.979
United States,USA,2023-W40,3883.2925
United States,USA,2023-W41,3889.241
United States,USA,2023-W42,3894.7664
United States,USA,2023-W43,3899.0386
United States,USA,2023-W44,3904.3752
United States,USA,2023-W45,3912.0176
United States,USA,2023-W46,3916.776
United States,USA,2023-W47,3919.667
United States,USA,2023-W48,3929.517
United States,USA,2023-W49,3940.3992
United States,USA,2023-W50,3946.6785
United States,USA,2023-W51,3957.122
United States,USA,2023-W52,3967.7212
Uruguay,URY,2020-W05,-35.694603
Uruguay,URY,2020-W09,-20.70522
Uruguay,URY,2020-W14,-35.40298
Uruguay,URY,2020-W18,-56.458134
Uruguay,URY,2020-W22,-133.50487
Uruguay,URY,2020-W27,-311.39478
Uruguay,URY,2020-W31,-431.66
Uruguay,URY,2020-W36,-563.06525
Uruguay,URY,2020-W40,-640.5786
Uruguay,URY,2020-W44,-688.52136
Uruguay,URY,2020-W49,-715.93396
Uruguay,URY,2020-W53,-668.51605
Uruguay,URY,2021-W04,-559.2678
Uruguay,URY,2021-W08,-519.57446
Uruguay,URY,2021-W13,-407.44067
Uruguay,URY,2021-W17,126.49347
Uruguay,URY,2021-W22,646.12634
Uruguay,URY,2021-W26,967.64264
Uruguay,URY,2021-W30,999.5141
Uruguay,URY,2021-W35,984.04535
Uruguay,URY,2021-W39,922.112
Uruguay,URY,2021-W43,935.0123
Uruguay,URY,2021-W48,962.33075
Uruguay,URY,2021-W52,1048.4886
Uruguay,URY,2022-W05,1353.8932
Uruguay,URY,2022-W09,1710.1808
Uruguay,URY,2022-W13,1804.1683
Uruguay,URY,2022-W17,1878.0552
Uruguay,URY,2022-W22,1955.7402
Uruguay,URY,2022-W26,2129.3118
Uruguay,URY,2022-W30,2177.7224
Uruguay,URY,2022-W35,2165.3057
Uruguay,URY,2022-W39,2110.4675
Uruguay,URY,2022-W44,2120.3132
Uruguay,URY,2022-W48,2101.9365
Uruguay,URY,2022-W52,2126.0981
Uruguay,URY,2023-W05,2158.1277
Uruguay,URY,2023-W09,2147.6401
Uruguay,URY,2023-W13,2130.492
Uruguay,URY,2023-W17,2161.312
Uruguay,URY,2023-W22,2139.8403
Uzbekistan,UZB,2020-W05,24.678877
Uzbekistan,UZB,2020-W09,30.548826
Uzbekistan,UZB,2020-W14,1.9685825
Uzbekistan,UZB,2020-W18,-43.809902
Uzbekistan,UZB,2020-W22,-80.53292
Uzbekistan,UZB,2020-W27,-35.935574
Uzbekistan,UZB,2020-W31,67.96384
Uzbekistan,UZB,2020-W36,316.22595
Uzbekistan,UZB,2020-W40,381.0699
Uzbekistan,UZB,2020-W44,487.89233
Uzbekistan,UZB,2020-W49,524.99115
Uzbekistan,UZB,2020-W53,556.9598
Uzbekistan,UZB,2021-W04,593.93304
Uzbekistan,UZB,2021-W08,628.04254
Uzbekistan,UZB,2021-W13,627.1183
Uzbekistan,UZB,2021-W17,604.84515
Uzbekistan,UZB,2021-W22,586.46277
Uzbekistan,UZB,2021-W26,653.76917
Uzbekistan,UZB,2021-W30,764.24274
Uzbekistan,UZB,2021-W35,1021.9225
Uzbekistan,UZB,2021-W39,1093.0961
Uzbekistan,UZB,2021-W43,1140.3387
Uzbekistan,UZB,2021-W48,1139.6786
Uzbekistan,UZB,2021-W52,1048.3533
Uzbekistan,UZB,2022-W05,1073.775
Uzbekistan,UZB,2022-W09,1103.4998
Uzbekistan,UZB,2022-W13,1111.3923
Uzbekistan,UZB,2022-W17,1097.7529
Uzbekistan,UZB,2022-W22,1090.1665
Uzbekistan,UZB,2022-W26,1160.5929
Uzbekistan,UZB,2022-W30,1256.496
Uzbekistan,UZB,2022-W35,1438.4865
Uzbekistan,UZB,2022-W39,1504.2576
Uzbekistan,UZB,2022-W44,1546.6486
Uzbekistan,UZB,2022-W48,1540.9681
Uzbekistan,UZB,2022-W52,1438.2266
Uzbekistan,UZB,2023-W05,1432.1774
Uzbekistan,UZB,2023-W09,1468.0664
Uzbekistan,UZB,2023-W13,1450.8328
Uzbekistan,UZB,2023-W17,1440.4073
Uzbekistan,UZB,2023-W22,1440.2651
Uzbekistan,UZB,2023-W26,1501.1627
Uzbekistan,UZB,2023-W31,1600.2017
Uzbekistan,UZB,2023-W35,1781.1996
Uzbekistan,UZB,2023-W39,1854.4053
Uzbekistan,UZB,2023-W44,1900.2363
Uzbekistan,UZB,2023-W48,1909.8484
Uzbekistan,UZB,2023-W52,1821.1212